platform,case,exp,tau,status,proposal,deployed,baseJ,proposedJ,accepted,baseline_us,speedup,identity_max_deviation,rejections,exclusion,path
matrix,bf16xint16_gemm--output,4,expert,complete,1,0,0.15000000000000002,0.0,False,207.59424209594727,1.0000544349758194,0.0003913418755644438,"[""n_regs increased: 210 -> 254"", ""load_instruction_count increased: 0 -> 32"", ""execution layout encodings changed"", ""instruction count increased by more than the declared 10% budget"", ""lowered memory instruction widths/counts changed""]",null,triton/experiments/results/search-v2/tau-profiles/expert/experiment-4/matrix/bf16xint16_gemm--output/report.json
matrix,bf16xint16_gemm--projection,4,expert,incomplete,0,,,,,0,,,null,"{""category"": ""preflight_incomplete"", ""message"": ""Preflight did not finish; inspect the recorded scheduler job/log before retrying""}",triton/experiments/results/search-v2/tau-profiles/expert/experiment-4/matrix/bf16xint16_gemm--projection/report.json
matrix,fp8_gemm--large,4,expert,failed,0,,,,,0,,,null,"{""category"": ""search"", ""message"": ""FileNotFoundError: [Errno 2] No such file or directory: '/usr/WS1/dnicho/record-replay/relay/triton/experiments/results/search-v2/shared/matrix/fp8_gemm--large/capture.json'""}",triton/experiments/results/search-v2/tau-profiles/expert/experiment-4/matrix/fp8_gemm--large/report.json
matrix,fp8_gemm--small,4,expert,complete,2,0,0.6666666666666667,0.0,False,14.169600009918213,0.9998031398038503,0.0012479340146485107,"[""n_regs increased: 96 -> 231"", ""load_instruction_count increased: 0 -> 48"", ""execution layout encodings changed"", ""instruction count increased by more than the declared 10% budget"", ""lowered memory instruction widths/counts changed""]",null,triton/experiments/results/search-v2/tau-profiles/expert/experiment-4/matrix/fp8_gemm--small/report.json
matrix,gather_gemv--large,4,expert,complete,0,0,0.0,0.0,True,56.72704219818115,1.0000151133487718,5.6490283881327485e-05,[],null,triton/experiments/results/search-v2/tau-profiles/expert/experiment-4/matrix/gather_gemv--large/report.json
matrix,gather_gemv--small,4,expert,complete,0,0,0.0,0.0,True,5.773440003395081,0.9997796569171009,0.001107254003882785,[],null,triton/experiments/results/search-v2/tau-profiles/expert/experiment-4/matrix/gather_gemv--small/report.json
matrix,gemm--asymmetric,4,expert,complete,1,0,0.11666666666666667,0.0,False,40.088958740234375,0.9981656499841216,0.009675824197829641,"[""n_regs increased: 117 -> 128"", ""load_instruction_count increased: 0 -> 16"", ""instruction count increased by more than the declared 10% budget"", ""lowered memory instruction widths/counts changed""]",null,triton/experiments/results/search-v2/tau-profiles/expert/experiment-4/matrix/gemm--asymmetric/report.json
matrix,gemm--square,4,expert,complete,0,0,0.0,0.0,True,27.52959966659546,1.0022576573336588,0.0024512905367192195,[],null,triton/experiments/results/search-v2/tau-profiles/expert/experiment-4/matrix/gemm--square/report.json
matrix,int4_gemm--decode,4,expert,complete,0,0,0.16874999999999998,0.16874999999999998,True,76.69568061828613,0.9998720826309178,0.0002754590834421755,[],null,triton/experiments/results/search-v2/tau-profiles/expert/experiment-4/matrix/int4_gemm--decode/report.json
matrix,int4_gemm--prefill,4,expert,complete,0,0,0.5333333333333333,0.5333333333333333,True,890.1337432861328,1.0002414244518345,0.0006338812305031194,[],null,triton/experiments/results/search-v2/tau-profiles/expert/experiment-4/matrix/int4_gemm--prefill/report.json
matrix,jagged_mean--large,4,expert,incomplete,0,,,,,0,,,null,"{""category"": ""preflight_incomplete"", ""message"": ""Preflight did not finish; inspect the recorded scheduler job/log before retrying""}",triton/experiments/results/search-v2/tau-profiles/expert/experiment-4/matrix/jagged_mean--large/report.json
matrix,jagged_mean--small,4,expert,complete,0,0,0.0,0.0,True,5.138559937477112,0.9995849949388894,0.0004982599185916481,[],null,triton/experiments/results/search-v2/tau-profiles/expert/experiment-4/matrix/jagged_mean--small/report.json
matrix,jagged_softmax--large,4,expert,complete,1,0,1.4963886195397678,0.07691601825792871,False,98.26239585876465,1.000308412341089,0.0019577258794789554,"[""n_regs increased: 36 -> 40"", ""load_instruction_count increased: 8 -> 26"", ""matrix instruction forms changed"", ""lowered memory instruction widths/counts changed"", ""matrix instruction count changed""]",null,triton/experiments/results/search-v2/tau-profiles/expert/experiment-4/matrix/jagged_softmax--large/report.json
matrix,jagged_softmax--small,4,expert,complete,0,0,0.0,0.0,True,17.24544048309326,1.0592940243885407,0.026047241391295328,[],null,triton/experiments/results/search-v2/tau-profiles/expert/experiment-4/matrix/jagged_softmax--small/report.json
matrix,jagged_sum--large,4,expert,incomplete,0,,,,,0,,,null,"{""category"": ""preflight_incomplete"", ""message"": ""Preflight did not finish; inspect the recorded scheduler job/log before retrying""}",triton/experiments/results/search-v2/tau-profiles/expert/experiment-4/matrix/jagged_sum--large/report.json
matrix,jagged_sum--small,4,expert,complete,0,0,0.0,0.0,True,5.697280168533325,0.999853678667251,0.0004495426335453523,[],null,triton/experiments/results/search-v2/tau-profiles/expert/experiment-4/matrix/jagged_sum--small/report.json
matrix,layer_norm--large,4,expert,complete,0,0,0.0,0.0,True,96.10048294067383,0.9999555983087225,0.00540841222346633,[],null,triton/experiments/results/search-v2/tau-profiles/expert/experiment-4/matrix/layer_norm--large/report.json
matrix,layer_norm--small,4,expert,complete,0,0,0.0,0.0,True,6.650239825248718,0.999038691907589,0.0006737074291931489,[],null,triton/experiments/results/search-v2/tau-profiles/expert/experiment-4/matrix/layer_norm--small/report.json
matrix,low_mem_dropout--large,4,expert,complete,0,0,0.56,0.56,True,198.4000015258789,1.0000419448638638,0.0004901792585548792,[],null,triton/experiments/results/search-v2/tau-profiles/expert/experiment-4/matrix/low_mem_dropout--large/report.json
matrix,low_mem_dropout--small,4,expert,complete,0,0,0.56,0.56,True,1.555200070142746,1.0005556441901282,0.004115257487205537,[],null,triton/experiments/results/search-v2/tau-profiles/expert/experiment-4/matrix/low_mem_dropout--small/report.json
matrix,softmax--large,4,expert,complete,0,0,0.0,0.0,True,90.64064025878906,0.9996541376165796,0.000522297891961121,[],null,triton/experiments/results/search-v2/tau-profiles/expert/experiment-4/matrix/softmax--large/report.json
matrix,softmax--small,4,expert,complete,0,0,0.0,0.0,True,4.354560077190399,0.9999999855894894,0.0005884994196532212,[],null,triton/experiments/results/search-v2/tau-profiles/expert/experiment-4/matrix/softmax--small/report.json
matrix,sum--large,4,expert,failed,0,,,,,0,,,null,"{""category"": ""search"", ""message"": ""FileNotFoundError: [Errno 2] No such file or directory: '/usr/WS1/dnicho/record-replay/relay/triton/experiments/results/search-v2/shared/matrix/sum--large/capture.json'""}",triton/experiments/results/search-v2/tau-profiles/expert/experiment-4/matrix/sum--large/report.json
matrix,sum--small,4,expert,complete,1,0,0.30000000000000004,0.0,False,10.574719905853271,0.9996572570038729,0.00018135630197957386,"[""instruction count increased by more than the declared 10% budget""]",null,triton/experiments/results/search-v2/tau-profiles/expert/experiment-4/matrix/sum--small/report.json
matrix,template_attention--default,4,expert,incomplete,0,,,,,0,,,null,"{""category"": ""preflight_incomplete"", ""message"": ""Preflight did not finish; inspect the recorded scheduler job/log before retrying""}",triton/experiments/results/search-v2/tau-profiles/expert/experiment-4/matrix/template_attention--default/report.json
matrix,vector_add--large,4,expert,complete,0,0,0.0,0.0,True,261.14816665649414,1.0000588218139888,0.000399650674624219,[],null,triton/experiments/results/search-v2/tau-profiles/expert/experiment-4/matrix/vector_add--large/report.json
matrix,vector_add--small,4,expert,complete,0,0,0.0,0.0,True,1.5321600437164307,0.9981953641629137,0.0008354282255310652,[],null,triton/experiments/results/search-v2/tau-profiles/expert/experiment-4/matrix/vector_add--small/report.json
matrix,vector_exp--large,4,expert,complete,0,0,0.0,0.0,True,177.6736068725586,1.0001909771776587,0.0007630453889176936,[],null,triton/experiments/results/search-v2/tau-profiles/expert/experiment-4/matrix/vector_exp--large/report.json
matrix,vector_exp--small,4,expert,complete,0,0,0.0,0.0,True,1.483519971370697,1.0006994915666758,0.007620718299275797,[],null,triton/experiments/results/search-v2/tau-profiles/expert/experiment-4/matrix/vector_exp--small/report.json
tuolumne,bf16xint16_gemm--output,4,expert,prepared,1,,0.5,0.0,,0,,,null,null,triton/experiments/results/search-v2/tau-profiles/expert/experiment-4/tuolumne/bf16xint16_gemm--output/report.json
tuolumne,bf16xint16_gemm--projection,4,expert,running,0,,,,,0,,,null,null,triton/experiments/results/search-v2/tau-profiles/expert/experiment-4/tuolumne/bf16xint16_gemm--projection/report.json
tuolumne,fp8_gemm--large,4,expert,running,0,,,,,0,,,null,null,triton/experiments/results/search-v2/tau-profiles/expert/experiment-4/tuolumne/fp8_gemm--large/report.json
tuolumne,fp8_gemm--small,4,expert,validated,2,0,0.9500000000000001,0.0,False,0,,,"[""n_regs increased: 60 -> 64"", ""n_spills increased: 0 -> 6"", ""load_instruction_count increased: 13 -> 24"", ""execution layout encodings changed"", ""instruction count increased by more than the declared 10% budget"", ""matrix instruction forms changed"", ""lowered memory instruction widths/counts changed"", ""matrix instruction count changed""]",null,triton/experiments/results/search-v2/tau-profiles/expert/experiment-4/tuolumne/fp8_gemm--small/report.json
tuolumne,gather_gemv--large,4,expert,prepared,0,,0.0,0.0,,0,,,null,null,triton/experiments/results/search-v2/tau-profiles/expert/experiment-4/tuolumne/gather_gemv--large/report.json
tuolumne,gather_gemv--small,4,expert,validated,0,0,0.0,0.0,True,0,,,[],null,triton/experiments/results/search-v2/tau-profiles/expert/experiment-4/tuolumne/gather_gemv--small/report.json
tuolumne,gemm--asymmetric,4,expert,prepared,0,,0.0,0.0,,0,,,null,null,triton/experiments/results/search-v2/tau-profiles/expert/experiment-4/tuolumne/gemm--asymmetric/report.json
tuolumne,gemm--square,4,expert,validated,0,0,0.0,0.0,True,0,,,[],null,triton/experiments/results/search-v2/tau-profiles/expert/experiment-4/tuolumne/gemm--square/report.json
tuolumne,int4_gemm--decode,4,expert,validated,0,0,0.24583333333333332,0.24583333333333332,True,0,,,[],null,triton/experiments/results/search-v2/tau-profiles/expert/experiment-4/tuolumne/int4_gemm--decode/report.json
tuolumne,int4_gemm--prefill,4,expert,running,0,,,,,0,,,null,null,triton/experiments/results/search-v2/tau-profiles/expert/experiment-4/tuolumne/int4_gemm--prefill/report.json
tuolumne,jagged_mean--large,4,expert,prepared,0,,0.0,0.0,,0,,,null,null,triton/experiments/results/search-v2/tau-profiles/expert/experiment-4/tuolumne/jagged_mean--large/report.json
tuolumne,jagged_mean--small,4,expert,validated,0,0,0.0,0.0,True,0,,,[],null,triton/experiments/results/search-v2/tau-profiles/expert/experiment-4/tuolumne/jagged_mean--small/report.json
tuolumne,jagged_softmax--large,4,expert,running,0,,,,,0,,,null,null,triton/experiments/results/search-v2/tau-profiles/expert/experiment-4/tuolumne/jagged_softmax--large/report.json
tuolumne,jagged_softmax--small,4,expert,validated,0,0,0.0,0.0,True,0,,,[],null,triton/experiments/results/search-v2/tau-profiles/expert/experiment-4/tuolumne/jagged_softmax--small/report.json
tuolumne,jagged_sum--large,4,expert,prepared,0,,0.0,0.0,,0,,,null,null,triton/experiments/results/search-v2/tau-profiles/expert/experiment-4/tuolumne/jagged_sum--large/report.json
tuolumne,jagged_sum--small,4,expert,validated,0,0,0.0,0.0,True,0,,,[],null,triton/experiments/results/search-v2/tau-profiles/expert/experiment-4/tuolumne/jagged_sum--small/report.json
tuolumne,layer_norm--large,4,expert,prepared,0,,0.0,0.0,,0,,,null,null,triton/experiments/results/search-v2/tau-profiles/expert/experiment-4/tuolumne/layer_norm--large/report.json
tuolumne,layer_norm--small,4,expert,validated,0,0,0.0,0.0,True,0,,,[],null,triton/experiments/results/search-v2/tau-profiles/expert/experiment-4/tuolumne/layer_norm--small/report.json
tuolumne,low_mem_dropout--large,4,expert,validated,0,0,0.0,0.0,True,0,,,[],null,triton/experiments/results/search-v2/tau-profiles/expert/experiment-4/tuolumne/low_mem_dropout--large/report.json
tuolumne,low_mem_dropout--small,4,expert,validated,0,0,0.0,0.0,True,0,,,[],null,triton/experiments/results/search-v2/tau-profiles/expert/experiment-4/tuolumne/low_mem_dropout--small/report.json
tuolumne,softmax--large,4,expert,validated,0,0,0.0,0.0,True,0,,,[],null,triton/experiments/results/search-v2/tau-profiles/expert/experiment-4/tuolumne/softmax--large/report.json
tuolumne,softmax--small,4,expert,validated,0,0,0.0,0.0,True,0,,,[],null,triton/experiments/results/search-v2/tau-profiles/expert/experiment-4/tuolumne/softmax--small/report.json
tuolumne,sum--large,4,expert,failed,0,,,,,0,,,null,"{""category"": ""search"", ""message"": ""FileNotFoundError: [Errno 2] No such file or directory: '/usr/WS1/dnicho/record-replay/relay/triton/experiments/results/search-v2/shared/tuolumne/sum--large/capture.json'""}",triton/experiments/results/search-v2/tau-profiles/expert/experiment-4/tuolumne/sum--large/report.json
tuolumne,sum--small,4,expert,validated,1,0,0.30000000000000004,0.0,False,0,,,"[""n_regs increased: 8 -> 11"", ""execution layout encodings changed"", ""instruction count increased by more than the declared 10% budget""]",null,triton/experiments/results/search-v2/tau-profiles/expert/experiment-4/tuolumne/sum--small/report.json
tuolumne,template_attention--default,4,expert,running,0,,,,,0,,,null,null,triton/experiments/results/search-v2/tau-profiles/expert/experiment-4/tuolumne/template_attention--default/report.json
tuolumne,vector_add--large,4,expert,validated,0,0,0.0,0.0,True,0,,,[],null,triton/experiments/results/search-v2/tau-profiles/expert/experiment-4/tuolumne/vector_add--large/report.json
tuolumne,vector_add--small,4,expert,validated,0,0,0.0,0.0,True,0,,,[],null,triton/experiments/results/search-v2/tau-profiles/expert/experiment-4/tuolumne/vector_add--small/report.json
tuolumne,vector_exp--large,4,expert,validated,0,0,0.0,0.0,True,0,,,[],null,triton/experiments/results/search-v2/tau-profiles/expert/experiment-4/tuolumne/vector_exp--large/report.json
tuolumne,vector_exp--small,4,expert,validated,0,0,0.0,0.0,True,0,,,[],null,triton/experiments/results/search-v2/tau-profiles/expert/experiment-4/tuolumne/vector_exp--small/report.json
matrix,bf16xint16_gemm--output,5,expert,complete,1,0,0.15000000000000002,0.0,False,207.43040084838867,0.999978555581361,0.0005217276425308892,"[""n_regs increased: 210 -> 253"", ""load_instruction_count increased: 0 -> 32"", ""execution layout encodings changed"", ""instruction count increased by more than the declared 10% budget"", ""lowered memory instruction widths/counts changed""]",null,triton/experiments/results/search-v2/tau-profiles/expert/experiment-5/matrix/bf16xint16_gemm--output/report.json
matrix,bf16xint16_gemm--projection,5,expert,incomplete,0,,,,,0,,,null,"{""category"": ""preflight_incomplete"", ""message"": ""Preflight did not finish; inspect the recorded scheduler job/log before retrying""}",triton/experiments/results/search-v2/tau-profiles/expert/experiment-5/matrix/bf16xint16_gemm--projection/report.json
matrix,fp8_gemm--large,5,expert,failed,0,,,,,0,,,null,"{""category"": ""search"", ""message"": ""FileNotFoundError: [Errno 2] No such file or directory: '/usr/WS1/dnicho/record-replay/relay/triton/experiments/results/search-v2/shared/matrix/fp8_gemm--large/capture.json'""}",triton/experiments/results/search-v2/tau-profiles/expert/experiment-5/matrix/fp8_gemm--large/report.json
matrix,fp8_gemm--small,5,expert,complete,2,0,0.6666666666666667,0.0,False,14.149760007858276,1.0004523935646095,0.0005880750942992563,"[""n_regs increased: 96 -> 168"", ""load_instruction_count increased: 0 -> 48"", ""execution layout encodings changed"", ""instruction count increased by more than the declared 10% budget"", ""lowered memory instruction widths/counts changed""]",null,triton/experiments/results/search-v2/tau-profiles/expert/experiment-5/matrix/fp8_gemm--small/report.json
matrix,gather_gemv--large,5,expert,complete,0,0,0.0,0.0,True,56.513919830322266,1.000128343291201,0.0005325219998784103,[],null,triton/experiments/results/search-v2/tau-profiles/expert/experiment-5/matrix/gather_gemv--large/report.json
matrix,gather_gemv--small,5,expert,complete,0,0,0.0,0.0,True,5.71008026599884,0.9997731771810843,0.0005525160938707474,[],null,triton/experiments/results/search-v2/tau-profiles/expert/experiment-5/matrix/gather_gemv--small/report.json
matrix,gemm--asymmetric,5,expert,complete,1,0,0.11666666666666667,0.0,False,39.125120639801025,1.0001060539569615,0.008526072252093342,"[""n_regs increased: 117 -> 128"", ""load_instruction_count increased: 0 -> 16"", ""instruction count increased by more than the declared 10% budget"", ""lowered memory instruction widths/counts changed""]",null,triton/experiments/results/search-v2/tau-profiles/expert/experiment-5/matrix/gemm--asymmetric/report.json
matrix,gemm--square,5,expert,complete,0,0,0.0,0.0,True,27.49567985534668,1.002621937248686,0.003561422657125557,[],null,triton/experiments/results/search-v2/tau-profiles/expert/experiment-5/matrix/gemm--square/report.json
matrix,int4_gemm--decode,5,expert,complete,0,0,0.16874999999999998,0.16874999999999998,True,76.72383785247803,1.0000778537663997,0.00020855608324832353,[],null,triton/experiments/results/search-v2/tau-profiles/expert/experiment-5/matrix/int4_gemm--decode/report.json
matrix,int4_gemm--prefill,5,expert,complete,0,0,0.5333333333333333,0.5333333333333333,True,889.9878692626953,0.9997316845174967,0.0002064677037096896,[],null,triton/experiments/results/search-v2/tau-profiles/expert/experiment-5/matrix/int4_gemm--prefill/report.json
matrix,jagged_mean--large,5,expert,incomplete,0,,,,,0,,,null,"{""category"": ""preflight_incomplete"", ""message"": ""Preflight did not finish; inspect the recorded scheduler job/log before retrying""}",triton/experiments/results/search-v2/tau-profiles/expert/experiment-5/matrix/jagged_mean--large/report.json
matrix,jagged_mean--small,5,expert,complete,0,0,0.0,0.0,True,5.157120227813721,0.9995863825874525,0.0004965281181734671,[],null,triton/experiments/results/search-v2/tau-profiles/expert/experiment-5/matrix/jagged_mean--small/report.json
matrix,jagged_softmax--large,5,expert,complete,1,0,1.4963886195397678,0.07691601825792871,False,97.98336029052734,1.0003593870604588,0.0019108528072890874,"[""n_regs increased: 36 -> 40"", ""load_instruction_count increased: 8 -> 26"", ""matrix instruction forms changed"", ""lowered memory instruction widths/counts changed"", ""matrix instruction count changed""]",null,triton/experiments/results/search-v2/tau-profiles/expert/experiment-5/matrix/jagged_softmax--large/report.json
matrix,jagged_softmax--small,5,expert,complete,0,0,0.0,0.0,True,17.32095956802368,1.0584025669873842,0.027067043202589902,[],null,triton/experiments/results/search-v2/tau-profiles/expert/experiment-5/matrix/jagged_softmax--small/report.json
matrix,jagged_sum--large,5,expert,incomplete,0,,,,,0,,,null,"{""category"": ""preflight_incomplete"", ""message"": ""Preflight did not finish; inspect the recorded scheduler job/log before retrying""}",triton/experiments/results/search-v2/tau-profiles/expert/experiment-5/matrix/jagged_sum--large/report.json
matrix,jagged_sum--small,5,expert,complete,0,0,0.0,0.0,True,5.723519921302795,0.9997386536160459,0.0005608413037470061,[],null,triton/experiments/results/search-v2/tau-profiles/expert/experiment-5/matrix/jagged_sum--small/report.json
matrix,layer_norm--large,5,expert,complete,0,0,0.0,0.0,True,96.10431671142578,0.9986456976624362,0.005461571673192056,[],null,triton/experiments/results/search-v2/tau-profiles/expert/experiment-5/matrix/layer_norm--large/report.json
matrix,layer_norm--small,5,expert,complete,0,0,0.0,0.0,True,6.651520133018494,0.9995512123873894,0.0013474148583860757,[],null,triton/experiments/results/search-v2/tau-profiles/expert/experiment-5/matrix/layer_norm--small/report.json
matrix,low_mem_dropout--large,5,expert,complete,0,0,0.56,0.56,True,198.38783264160156,0.9999687880144331,0.0005771743959440689,[],null,triton/experiments/results/search-v2/tau-profiles/expert/experiment-5/matrix/low_mem_dropout--large/report.json
matrix,low_mem_dropout--small,5,expert,complete,0,0,0.56,0.56,True,1.5558399260044098,1.0068924580723564,0.004524921547754079,[],null,triton/experiments/results/search-v2/tau-profiles/expert/experiment-5/matrix/low_mem_dropout--small/report.json
matrix,softmax--large,5,expert,complete,0,0,0.0,0.0,True,90.61375617980957,0.9980567363608356,0.00038831245781278945,[],null,triton/experiments/results/search-v2/tau-profiles/expert/experiment-5/matrix/softmax--large/report.json
matrix,softmax--small,5,expert,complete,0,0,0.0,0.0,True,4.368639886379242,1.0002932845960446,0.0005863427997550019,[],null,triton/experiments/results/search-v2/tau-profiles/expert/experiment-5/matrix/softmax--small/report.json
matrix,sum--large,5,expert,failed,0,,,,,0,,,null,"{""category"": ""search"", ""message"": ""FileNotFoundError: [Errno 2] No such file or directory: '/usr/WS1/dnicho/record-replay/relay/triton/experiments/results/search-v2/shared/matrix/sum--large/capture.json'""}",triton/experiments/results/search-v2/tau-profiles/expert/experiment-5/matrix/sum--large/report.json
matrix,sum--small,5,expert,complete,1,0,0.30000000000000004,0.0,False,10.558719635009766,0.9997981567827661,0.0005460022735026548,"[""instruction count increased by more than the declared 10% budget""]",null,triton/experiments/results/search-v2/tau-profiles/expert/experiment-5/matrix/sum--small/report.json
matrix,template_attention--default,5,expert,incomplete,0,,,,,0,,,null,"{""category"": ""preflight_incomplete"", ""message"": ""Preflight did not finish; inspect the recorded scheduler job/log before retrying""}",triton/experiments/results/search-v2/tau-profiles/expert/experiment-5/matrix/template_attention--default/report.json
matrix,vector_add--large,5,expert,complete,0,0,0.0,0.0,True,261.2351989746094,1.000339844381434,0.0006742104493706602,[],null,triton/experiments/results/search-v2/tau-profiles/expert/experiment-5/matrix/vector_add--large/report.json
matrix,vector_add--small,5,expert,complete,0,0,0.0,0.0,True,1.531520038843155,1.0005613984244919,0.0020885705638274965,[],null,triton/experiments/results/search-v2/tau-profiles/expert/experiment-5/matrix/vector_add--small/report.json
matrix,vector_exp--large,5,expert,complete,0,0,0.0,0.0,True,177.64095306396484,0.9982472742495092,0.0008783814952009195,[],null,triton/experiments/results/search-v2/tau-profiles/expert/experiment-5/matrix/vector_exp--large/report.json
matrix,vector_exp--small,5,expert,complete,0,0,0.0,0.0,True,1.4892800152301788,1.0008399077744845,0.008027099243098856,[],null,triton/experiments/results/search-v2/tau-profiles/expert/experiment-5/matrix/vector_exp--small/report.json
tuolumne,bf16xint16_gemm--output,5,expert,prepared,1,,0.5,0.0,,0,,,null,null,triton/experiments/results/search-v2/tau-profiles/expert/experiment-5/tuolumne/bf16xint16_gemm--output/report.json
tuolumne,bf16xint16_gemm--projection,5,expert,running,0,,,,,0,,,null,null,triton/experiments/results/search-v2/tau-profiles/expert/experiment-5/tuolumne/bf16xint16_gemm--projection/report.json
tuolumne,fp8_gemm--large,5,expert,running,0,,,,,0,,,null,null,triton/experiments/results/search-v2/tau-profiles/expert/experiment-5/tuolumne/fp8_gemm--large/report.json
tuolumne,fp8_gemm--small,5,expert,validated,2,0,0.9500000000000001,0.0,False,0,,,"[""n_regs increased: 60 -> 63"", ""load_instruction_count increased: 13 -> 19"", ""execution layout encodings changed"", ""instruction count increased by more than the declared 10% budget"", ""matrix instruction forms changed"", ""lowered memory instruction widths/counts changed"", ""matrix instruction count changed""]",null,triton/experiments/results/search-v2/tau-profiles/expert/experiment-5/tuolumne/fp8_gemm--small/report.json
tuolumne,gather_gemv--large,5,expert,prepared,0,,0.0,0.0,,0,,,null,null,triton/experiments/results/search-v2/tau-profiles/expert/experiment-5/tuolumne/gather_gemv--large/report.json
tuolumne,gather_gemv--small,5,expert,validated,0,0,0.0,0.0,True,0,,,[],null,triton/experiments/results/search-v2/tau-profiles/expert/experiment-5/tuolumne/gather_gemv--small/report.json
tuolumne,gemm--asymmetric,5,expert,prepared,0,,0.0,0.0,,0,,,null,null,triton/experiments/results/search-v2/tau-profiles/expert/experiment-5/tuolumne/gemm--asymmetric/report.json
tuolumne,gemm--square,5,expert,validated,0,0,0.0,0.0,True,0,,,[],null,triton/experiments/results/search-v2/tau-profiles/expert/experiment-5/tuolumne/gemm--square/report.json
tuolumne,int4_gemm--decode,5,expert,validated,0,0,0.24583333333333332,0.24583333333333332,True,0,,,[],null,triton/experiments/results/search-v2/tau-profiles/expert/experiment-5/tuolumne/int4_gemm--decode/report.json
tuolumne,int4_gemm--prefill,5,expert,running,0,,,,,0,,,null,null,triton/experiments/results/search-v2/tau-profiles/expert/experiment-5/tuolumne/int4_gemm--prefill/report.json
tuolumne,jagged_mean--large,5,expert,prepared,0,,0.0,0.0,,0,,,null,null,triton/experiments/results/search-v2/tau-profiles/expert/experiment-5/tuolumne/jagged_mean--large/report.json
tuolumne,jagged_mean--small,5,expert,validated,0,0,0.0,0.0,True,0,,,[],null,triton/experiments/results/search-v2/tau-profiles/expert/experiment-5/tuolumne/jagged_mean--small/report.json
tuolumne,jagged_softmax--large,5,expert,running,0,,,,,0,,,null,null,triton/experiments/results/search-v2/tau-profiles/expert/experiment-5/tuolumne/jagged_softmax--large/report.json
tuolumne,jagged_softmax--small,5,expert,validated,0,0,0.0,0.0,True,0,,,[],null,triton/experiments/results/search-v2/tau-profiles/expert/experiment-5/tuolumne/jagged_softmax--small/report.json
tuolumne,jagged_sum--large,5,expert,prepared,0,,0.0,0.0,,0,,,null,null,triton/experiments/results/search-v2/tau-profiles/expert/experiment-5/tuolumne/jagged_sum--large/report.json
tuolumne,jagged_sum--small,5,expert,validated,0,0,0.0,0.0,True,0,,,[],null,triton/experiments/results/search-v2/tau-profiles/expert/experiment-5/tuolumne/jagged_sum--small/report.json
tuolumne,layer_norm--large,5,expert,prepared,0,,0.0,0.0,,0,,,null,null,triton/experiments/results/search-v2/tau-profiles/expert/experiment-5/tuolumne/layer_norm--large/report.json
tuolumne,layer_norm--small,5,expert,validated,0,0,0.0,0.0,True,0,,,[],null,triton/experiments/results/search-v2/tau-profiles/expert/experiment-5/tuolumne/layer_norm--small/report.json
tuolumne,low_mem_dropout--large,5,expert,validated,0,0,0.0,0.0,True,0,,,[],null,triton/experiments/results/search-v2/tau-profiles/expert/experiment-5/tuolumne/low_mem_dropout--large/report.json
tuolumne,low_mem_dropout--small,5,expert,validated,0,0,0.0,0.0,True,0,,,[],null,triton/experiments/results/search-v2/tau-profiles/expert/experiment-5/tuolumne/low_mem_dropout--small/report.json
tuolumne,softmax--large,5,expert,validated,0,0,0.0,0.0,True,0,,,[],null,triton/experiments/results/search-v2/tau-profiles/expert/experiment-5/tuolumne/softmax--large/report.json
tuolumne,softmax--small,5,expert,validated,0,0,0.0,0.0,True,0,,,[],null,triton/experiments/results/search-v2/tau-profiles/expert/experiment-5/tuolumne/softmax--small/report.json
tuolumne,sum--large,5,expert,failed,0,,,,,0,,,null,"{""category"": ""search"", ""message"": ""FileNotFoundError: [Errno 2] No such file or directory: '/usr/WS1/dnicho/record-replay/relay/triton/experiments/results/search-v2/shared/tuolumne/sum--large/capture.json'""}",triton/experiments/results/search-v2/tau-profiles/expert/experiment-5/tuolumne/sum--large/report.json
tuolumne,sum--small,5,expert,validated,1,0,0.30000000000000004,0.0,False,0,,,"[""n_regs increased: 8 -> 11"", ""execution layout encodings changed"", ""instruction count increased by more than the declared 10% budget""]",null,triton/experiments/results/search-v2/tau-profiles/expert/experiment-5/tuolumne/sum--small/report.json
tuolumne,template_attention--default,5,expert,running,0,,,,,0,,,null,null,triton/experiments/results/search-v2/tau-profiles/expert/experiment-5/tuolumne/template_attention--default/report.json
tuolumne,vector_add--large,5,expert,validated,0,0,0.0,0.0,True,0,,,[],null,triton/experiments/results/search-v2/tau-profiles/expert/experiment-5/tuolumne/vector_add--large/report.json
tuolumne,vector_add--small,5,expert,validated,0,0,0.0,0.0,True,0,,,[],null,triton/experiments/results/search-v2/tau-profiles/expert/experiment-5/tuolumne/vector_add--small/report.json
tuolumne,vector_exp--large,5,expert,validated,0,0,0.0,0.0,True,0,,,[],null,triton/experiments/results/search-v2/tau-profiles/expert/experiment-5/tuolumne/vector_exp--large/report.json
tuolumne,vector_exp--small,5,expert,validated,0,0,0.0,0.0,True,0,,,[],null,triton/experiments/results/search-v2/tau-profiles/expert/experiment-5/tuolumne/vector_exp--small/report.json
matrix,bf16xint16_gemm--output,6,expert,complete,1,0,0.15000000000000002,0.0,False,207.5775909423828,1.0005771751750718,0.0004345561712763013,"[""n_regs increased: 210 -> 254"", ""load_instruction_count increased: 0 -> 32"", ""execution layout encodings changed"", ""instruction count increased by more than the declared 10% budget"", ""lowered memory instruction widths/counts changed""]",null,triton/experiments/results/search-v2/tau-profiles/expert/experiment-6/matrix/bf16xint16_gemm--output/report.json
matrix,bf16xint16_gemm--projection,6,expert,incomplete,0,,,,,0,,,null,"{""category"": ""preflight_incomplete"", ""message"": ""Preflight did not finish; inspect the recorded scheduler job/log before retrying""}",triton/experiments/results/search-v2/tau-profiles/expert/experiment-6/matrix/bf16xint16_gemm--projection/report.json
matrix,fp8_gemm--large,6,expert,failed,0,,,,,0,,,null,"{""category"": ""search"", ""message"": ""FileNotFoundError: [Errno 2] No such file or directory: '/usr/WS1/dnicho/record-replay/relay/triton/experiments/results/search-v2/shared/matrix/fp8_gemm--large/capture.json'""}",triton/experiments/results/search-v2/tau-profiles/expert/experiment-6/matrix/fp8_gemm--large/report.json
matrix,fp8_gemm--small,6,expert,complete,2,0,0.6666666666666667,0.0,False,14.230400323867798,0.9997163117604428,0.0007250372583902376,"[""n_regs increased: 96 -> 231"", ""load_instruction_count increased: 0 -> 48"", ""execution layout encodings changed"", ""instruction count increased by more than the declared 10% budget"", ""lowered memory instruction widths/counts changed""]",null,triton/experiments/results/search-v2/tau-profiles/expert/experiment-6/matrix/fp8_gemm--small/report.json
matrix,gather_gemv--large,6,expert,complete,0,0,0.0,0.0,True,56.74623966217041,0.9999812058437065,0.00012411612428953056,[],null,triton/experiments/results/search-v2/tau-profiles/expert/experiment-6/matrix/gather_gemv--large/report.json
matrix,gather_gemv--small,6,expert,complete,0,0,0.0,0.0,True,5.74720025062561,0.9999291862473534,0.00045040316588851326,[],null,triton/experiments/results/search-v2/tau-profiles/expert/experiment-6/matrix/gather_gemv--small/report.json
matrix,gemm--asymmetric,6,expert,complete,1,0,0.11666666666666667,0.0,False,40.36799907684326,1.000752419970147,0.008176718243736447,"[""n_regs increased: 117 -> 128"", ""load_instruction_count increased: 0 -> 16"", ""instruction count increased by more than the declared 10% budget"", ""lowered memory instruction widths/counts changed""]",null,triton/experiments/results/search-v2/tau-profiles/expert/experiment-6/matrix/gemm--asymmetric/report.json
matrix,gemm--square,6,expert,complete,0,0,0.0,0.0,True,27.546238899230957,1.0051698434462606,0.010114613212707124,[],null,triton/experiments/results/search-v2/tau-profiles/expert/experiment-6/matrix/gemm--square/report.json
matrix,int4_gemm--decode,6,expert,complete,1,1,0.16874999999999998,0.0020833333333333333,True,76.71487808227539,0.9172709805732546,0.00038361688714605435,[],null,triton/experiments/results/search-v2/tau-profiles/expert/experiment-6/matrix/int4_gemm--decode/report.json
matrix,int4_gemm--prefill,6,expert,complete,1,0,0.5333333333333333,0.2,False,890.1030731201172,1.0003243906968977,0.0006243806895629422,"[""instruction count increased by more than the declared 10% budget""]",null,triton/experiments/results/search-v2/tau-profiles/expert/experiment-6/matrix/int4_gemm--prefill/report.json
matrix,jagged_mean--large,6,expert,incomplete,0,,,,,0,,,null,"{""category"": ""preflight_incomplete"", ""message"": ""Preflight did not finish; inspect the recorded scheduler job/log before retrying""}",triton/experiments/results/search-v2/tau-profiles/expert/experiment-6/matrix/jagged_mean--large/report.json
matrix,jagged_mean--small,6,expert,complete,0,0,0.0,0.0,True,5.157759785652161,0.9998759006874197,0.0004964664764335325,[],null,triton/experiments/results/search-v2/tau-profiles/expert/experiment-6/matrix/jagged_mean--small/report.json
matrix,jagged_softmax--large,6,expert,complete,1,0,1.4963886195397678,0.07691601825792871,False,98.31999778747559,1.0004144954939018,0.0016486718137129763,"[""n_regs increased: 36 -> 40"", ""load_instruction_count increased: 8 -> 26"", ""matrix instruction forms changed"", ""lowered memory instruction widths/counts changed"", ""matrix instruction count changed""]",null,triton/experiments/results/search-v2/tau-profiles/expert/experiment-6/matrix/jagged_softmax--large/report.json
matrix,jagged_softmax--small,6,expert,complete,0,0,0.0,0.0,True,17.31775999069214,1.0578893831867682,0.02757345071450379,[],null,triton/experiments/results/search-v2/tau-profiles/expert/experiment-6/matrix/jagged_softmax--small/report.json
matrix,jagged_sum--large,6,expert,incomplete,0,,,,,0,,,null,"{""category"": ""preflight_incomplete"", ""message"": ""Preflight did not finish; inspect the recorded scheduler job/log before retrying""}",triton/experiments/results/search-v2/tau-profiles/expert/experiment-6/matrix/jagged_sum--large/report.json
matrix,jagged_sum--small,6,expert,complete,0,0,0.0,0.0,True,5.738239884376526,0.999553531667161,0.0013398940480211508,[],null,triton/experiments/results/search-v2/tau-profiles/expert/experiment-6/matrix/jagged_sum--small/report.json
matrix,layer_norm--large,6,expert,complete,0,0,0.0,0.0,True,96.12671852111816,0.9984069104137222,0.005057570310684545,[],null,triton/experiments/results/search-v2/tau-profiles/expert/experiment-6/matrix/layer_norm--large/report.json
matrix,layer_norm--small,6,expert,complete,0,0,0.0,0.0,True,6.654080152511597,0.9996795448421643,0.0014447968475332917,[],null,triton/experiments/results/search-v2/tau-profiles/expert/experiment-6/matrix/layer_norm--small/report.json
matrix,low_mem_dropout--large,6,expert,complete,1,0,0.56,0.0,False,198.35391998291016,0.9998311443683703,0.0006094677968055962,"[""load_instruction_count increased: 3 -> 9"", ""lowered memory instruction widths/counts changed""]",null,triton/experiments/results/search-v2/tau-profiles/expert/experiment-6/matrix/low_mem_dropout--large/report.json
matrix,low_mem_dropout--small,6,expert,complete,1,0,0.56,0.0,False,1.5468800067901611,0.9958796537601395,0.015892446287186224,"[""load_instruction_count increased: 3 -> 9"", ""lowered memory instruction widths/counts changed""]",null,triton/experiments/results/search-v2/tau-profiles/expert/experiment-6/matrix/low_mem_dropout--small/report.json
matrix,softmax--large,6,expert,complete,0,0,0.0,0.0,True,90.60992240905762,0.9978949668560081,0.0006140753259422649,[],null,triton/experiments/results/search-v2/tau-profiles/expert/experiment-6/matrix/softmax--large/report.json
matrix,softmax--small,6,expert,complete,0,0,0.0,0.0,True,4.366720020771027,0.9998534471142106,0.0007326795696154242,[],null,triton/experiments/results/search-v2/tau-profiles/expert/experiment-6/matrix/softmax--small/report.json
matrix,sum--large,6,expert,failed,0,,,,,0,,,null,"{""category"": ""search"", ""message"": ""FileNotFoundError: [Errno 2] No such file or directory: '/usr/WS1/dnicho/record-replay/relay/triton/experiments/results/search-v2/shared/matrix/sum--large/capture.json'""}",triton/experiments/results/search-v2/tau-profiles/expert/experiment-6/matrix/sum--large/report.json
matrix,sum--small,6,expert,complete,1,0,0.30000000000000004,0.0,False,10.565760135650635,0.9998185846345481,0.0003026079735680698,"[""instruction count increased by more than the declared 10% budget""]",null,triton/experiments/results/search-v2/tau-profiles/expert/experiment-6/matrix/sum--small/report.json
matrix,template_attention--default,6,expert,incomplete,0,,,,,0,,,null,"{""category"": ""preflight_incomplete"", ""message"": ""Preflight did not finish; inspect the recorded scheduler job/log before retrying""}",triton/experiments/results/search-v2/tau-profiles/expert/experiment-6/matrix/template_attention--default/report.json
matrix,vector_add--large,6,expert,complete,0,0,0.0,0.0,True,261.2345504760742,1.0003324747035773,0.0007305891365876338,[],null,triton/experiments/results/search-v2/tau-profiles/expert/experiment-6/matrix/vector_add--large/report.json
matrix,vector_add--small,6,expert,complete,0,0,0.0,0.0,True,1.531520038843155,0.9995827901998892,0.0012583988478790387,[],null,triton/experiments/results/search-v2/tau-profiles/expert/experiment-6/matrix/vector_add--small/report.json
matrix,vector_exp--large,6,expert,complete,0,0,0.0,0.0,True,177.63456344604492,0.9982819982125807,0.0008674799407333289,[],null,triton/experiments/results/search-v2/tau-profiles/expert/experiment-6/matrix/vector_exp--large/report.json
matrix,vector_exp--small,6,expert,complete,0,0,0.0,0.0,True,1.4841599762439728,1.0014141189844252,0.008033887539160345,[],null,triton/experiments/results/search-v2/tau-profiles/expert/experiment-6/matrix/vector_exp--small/report.json
tuolumne,bf16xint16_gemm--output,6,expert,prepared,1,,0.5,0.0,,0,,,null,null,triton/experiments/results/search-v2/tau-profiles/expert/experiment-6/tuolumne/bf16xint16_gemm--output/report.json
tuolumne,bf16xint16_gemm--projection,6,expert,running,0,,,,,0,,,null,null,triton/experiments/results/search-v2/tau-profiles/expert/experiment-6/tuolumne/bf16xint16_gemm--projection/report.json
tuolumne,fp8_gemm--large,6,expert,running,0,,,,,0,,,null,null,triton/experiments/results/search-v2/tau-profiles/expert/experiment-6/tuolumne/fp8_gemm--large/report.json
tuolumne,fp8_gemm--small,6,expert,validated,2,0,0.9500000000000001,0.0,False,0,,,"[""n_regs increased: 60 -> 64"", ""n_spills increased: 0 -> 6"", ""load_instruction_count increased: 13 -> 24"", ""execution layout encodings changed"", ""instruction count increased by more than the declared 10% budget"", ""matrix instruction forms changed"", ""lowered memory instruction widths/counts changed"", ""matrix instruction count changed""]",null,triton/experiments/results/search-v2/tau-profiles/expert/experiment-6/tuolumne/fp8_gemm--small/report.json
tuolumne,gather_gemv--large,6,expert,prepared,0,,0.0,0.0,,0,,,null,null,triton/experiments/results/search-v2/tau-profiles/expert/experiment-6/tuolumne/gather_gemv--large/report.json
tuolumne,gather_gemv--small,6,expert,validated,0,0,0.0,0.0,True,0,,,[],null,triton/experiments/results/search-v2/tau-profiles/expert/experiment-6/tuolumne/gather_gemv--small/report.json
tuolumne,gemm--asymmetric,6,expert,prepared,0,,0.0,0.0,,0,,,null,null,triton/experiments/results/search-v2/tau-profiles/expert/experiment-6/tuolumne/gemm--asymmetric/report.json
tuolumne,gemm--square,6,expert,validated,0,0,0.0,0.0,True,0,,,[],null,triton/experiments/results/search-v2/tau-profiles/expert/experiment-6/tuolumne/gemm--square/report.json
tuolumne,int4_gemm--decode,6,expert,validated,1,1,0.24583333333333332,0.0,True,0,,,[],null,triton/experiments/results/search-v2/tau-profiles/expert/experiment-6/tuolumne/int4_gemm--decode/report.json
tuolumne,int4_gemm--prefill,6,expert,running,0,,,,,0,,,null,null,triton/experiments/results/search-v2/tau-profiles/expert/experiment-6/tuolumne/int4_gemm--prefill/report.json
tuolumne,jagged_mean--large,6,expert,prepared,0,,0.0,0.0,,0,,,null,null,triton/experiments/results/search-v2/tau-profiles/expert/experiment-6/tuolumne/jagged_mean--large/report.json
tuolumne,jagged_mean--small,6,expert,validated,0,0,0.0,0.0,True,0,,,[],null,triton/experiments/results/search-v2/tau-profiles/expert/experiment-6/tuolumne/jagged_mean--small/report.json
tuolumne,jagged_softmax--large,6,expert,running,0,,,,,0,,,null,null,triton/experiments/results/search-v2/tau-profiles/expert/experiment-6/tuolumne/jagged_softmax--large/report.json
tuolumne,jagged_softmax--small,6,expert,validated,0,0,0.0,0.0,True,0,,,[],null,triton/experiments/results/search-v2/tau-profiles/expert/experiment-6/tuolumne/jagged_softmax--small/report.json
tuolumne,jagged_sum--large,6,expert,prepared,0,,0.0,0.0,,0,,,null,null,triton/experiments/results/search-v2/tau-profiles/expert/experiment-6/tuolumne/jagged_sum--large/report.json
tuolumne,jagged_sum--small,6,expert,validated,0,0,0.0,0.0,True,0,,,[],null,triton/experiments/results/search-v2/tau-profiles/expert/experiment-6/tuolumne/jagged_sum--small/report.json
tuolumne,layer_norm--large,6,expert,prepared,0,,0.0,0.0,,0,,,null,null,triton/experiments/results/search-v2/tau-profiles/expert/experiment-6/tuolumne/layer_norm--large/report.json
tuolumne,layer_norm--small,6,expert,validated,0,0,0.0,0.0,True,0,,,[],null,triton/experiments/results/search-v2/tau-profiles/expert/experiment-6/tuolumne/layer_norm--small/report.json
tuolumne,low_mem_dropout--large,6,expert,validated,0,0,0.0,0.0,True,0,,,[],null,triton/experiments/results/search-v2/tau-profiles/expert/experiment-6/tuolumne/low_mem_dropout--large/report.json
tuolumne,low_mem_dropout--small,6,expert,validated,0,0,0.0,0.0,True,0,,,[],null,triton/experiments/results/search-v2/tau-profiles/expert/experiment-6/tuolumne/low_mem_dropout--small/report.json
tuolumne,softmax--large,6,expert,validated,0,0,0.0,0.0,True,0,,,[],null,triton/experiments/results/search-v2/tau-profiles/expert/experiment-6/tuolumne/softmax--large/report.json
tuolumne,softmax--small,6,expert,validated,0,0,0.0,0.0,True,0,,,[],null,triton/experiments/results/search-v2/tau-profiles/expert/experiment-6/tuolumne/softmax--small/report.json
tuolumne,sum--large,6,expert,failed,0,,,,,0,,,null,"{""category"": ""search"", ""message"": ""FileNotFoundError: [Errno 2] No such file or directory: '/usr/WS1/dnicho/record-replay/relay/triton/experiments/results/search-v2/shared/tuolumne/sum--large/capture.json'""}",triton/experiments/results/search-v2/tau-profiles/expert/experiment-6/tuolumne/sum--large/report.json
tuolumne,sum--small,6,expert,validated,1,0,0.30000000000000004,0.0,False,0,,,"[""n_regs increased: 8 -> 11"", ""execution layout encodings changed"", ""instruction count increased by more than the declared 10% budget""]",null,triton/experiments/results/search-v2/tau-profiles/expert/experiment-6/tuolumne/sum--small/report.json
tuolumne,template_attention--default,6,expert,running,0,,,,,0,,,null,null,triton/experiments/results/search-v2/tau-profiles/expert/experiment-6/tuolumne/template_attention--default/report.json
tuolumne,vector_add--large,6,expert,validated,0,0,0.0,0.0,True,0,,,[],null,triton/experiments/results/search-v2/tau-profiles/expert/experiment-6/tuolumne/vector_add--large/report.json
tuolumne,vector_add--small,6,expert,validated,0,0,0.0,0.0,True,0,,,[],null,triton/experiments/results/search-v2/tau-profiles/expert/experiment-6/tuolumne/vector_add--small/report.json
tuolumne,vector_exp--large,6,expert,validated,0,0,0.0,0.0,True,0,,,[],null,triton/experiments/results/search-v2/tau-profiles/expert/experiment-6/tuolumne/vector_exp--large/report.json
tuolumne,vector_exp--small,6,expert,validated,0,0,0.0,0.0,True,0,,,[],null,triton/experiments/results/search-v2/tau-profiles/expert/experiment-6/tuolumne/vector_exp--small/report.json
matrix,bf16xint16_gemm--output,4,l1_to_l2,complete,1,0,0.5093749999999999,0.0,False,207.39072799682617,0.9997603216963503,0.0008848763061458653,"[""n_regs increased: 210 -> 254"", ""load_instruction_count increased: 0 -> 32"", ""execution layout encodings changed"", ""instruction count increased by more than the declared 10% budget"", ""lowered memory instruction widths/counts changed""]",null,triton/experiments/results/search-v2/tau-profiles/l1_to_l2/experiment-4/matrix/bf16xint16_gemm--output/report.json
matrix,bf16xint16_gemm--projection,4,l1_to_l2,incomplete,0,,,,,0,,,null,"{""category"": ""preflight_incomplete"", ""message"": ""Preflight did not finish; inspect the recorded scheduler job/log before retrying""}",triton/experiments/results/search-v2/tau-profiles/l1_to_l2/experiment-4/matrix/bf16xint16_gemm--projection/report.json
matrix,fp8_gemm--large,4,l1_to_l2,failed,0,,,,,0,,,null,"{""category"": ""search"", ""message"": ""FileNotFoundError: [Errno 2] No such file or directory: '/usr/WS1/dnicho/record-replay/relay/triton/experiments/results/search-v2/shared/matrix/fp8_gemm--large/capture.json'""}",triton/experiments/results/search-v2/tau-profiles/l1_to_l2/experiment-4/matrix/fp8_gemm--large/report.json
matrix,fp8_gemm--small,4,l1_to_l2,complete,2,0,1.6916666666666667,0.0,False,14.143999814987183,1.0000917626002679,0.0007184417017055411,"[""n_regs increased: 96 -> 231"", ""load_instruction_count increased: 0 -> 48"", ""execution layout encodings changed"", ""instruction count increased by more than the declared 10% budget"", ""lowered memory instruction widths/counts changed""]",null,triton/experiments/results/search-v2/tau-profiles/l1_to_l2/experiment-4/matrix/fp8_gemm--small/report.json
matrix,gather_gemv--large,4,l1_to_l2,complete,0,0,0.0,0.0,True,56.77504062652588,1.0000000090247827,0.00010146672332456141,[],null,triton/experiments/results/search-v2/tau-profiles/l1_to_l2/experiment-4/matrix/gather_gemv--large/report.json
matrix,gather_gemv--small,4,l1_to_l2,complete,0,0,0.0,0.0,True,5.749120116233826,0.9995909301124039,0.001120383296710492,[],null,triton/experiments/results/search-v2/tau-profiles/l1_to_l2/experiment-4/matrix/gather_gemv--small/report.json
matrix,gemm--asymmetric,4,l1_to_l2,complete,1,0,0.3395833333333333,0.0,False,39.27743911743164,1.0010291465509535,0.010926575846711084,"[""n_regs increased: 117 -> 128"", ""load_instruction_count increased: 0 -> 16"", ""instruction count increased by more than the declared 10% budget"", ""lowered memory instruction widths/counts changed""]",null,triton/experiments/results/search-v2/tau-profiles/l1_to_l2/experiment-4/matrix/gemm--asymmetric/report.json
matrix,gemm--square,4,l1_to_l2,complete,0,0,0.003124999999999989,0.003124999999999989,True,27.426559925079346,0.9961863053462604,0.023936987303411872,[],null,triton/experiments/results/search-v2/tau-profiles/l1_to_l2/experiment-4/matrix/gemm--square/report.json
matrix,int4_gemm--decode,4,l1_to_l2,complete,0,0,0.01928304036458331,0.01928304036458331,True,76.72319889068604,0.999966641516094,0.00045897744525635886,[],null,triton/experiments/results/search-v2/tau-profiles/l1_to_l2/experiment-4/matrix/int4_gemm--decode/report.json
matrix,int4_gemm--prefill,4,l1_to_l2,complete,0,0,0.4170572916666666,0.4170572916666666,True,889.6793365478516,0.9999378966627818,0.00047249647813929485,[],null,triton/experiments/results/search-v2/tau-profiles/l1_to_l2/experiment-4/matrix/int4_gemm--prefill/report.json
matrix,jagged_mean--large,4,l1_to_l2,incomplete,0,,,,,0,,,null,"{""category"": ""preflight_incomplete"", ""message"": ""Preflight did not finish; inspect the recorded scheduler job/log before retrying""}",triton/experiments/results/search-v2/tau-profiles/l1_to_l2/experiment-4/matrix/jagged_mean--large/report.json
matrix,jagged_mean--small,4,l1_to_l2,complete,0,0,2.241348395194541e-06,2.241348395194541e-06,True,5.15392005443573,0.9996275917132957,0.0004971452058708525,[],null,triton/experiments/results/search-v2/tau-profiles/l1_to_l2/experiment-4/matrix/jagged_mean--small/report.json
matrix,jagged_softmax--large,4,l1_to_l2,complete,1,0,3.0301921871674193,0.08345951682709364,False,97.96544075012207,1.00019817182007,0.0019428542353432388,"[""n_regs increased: 36 -> 40"", ""load_instruction_count increased: 8 -> 26"", ""matrix instruction forms changed"", ""lowered memory instruction widths/counts changed"", ""matrix instruction count changed""]",null,triton/experiments/results/search-v2/tau-profiles/l1_to_l2/experiment-4/matrix/jagged_softmax--large/report.json
matrix,jagged_softmax--small,4,l1_to_l2,complete,0,0,7.473543655459646e-07,7.473543655459646e-07,True,17.329920530319214,1.058132786485721,0.02513823515391267,[],null,triton/experiments/results/search-v2/tau-profiles/l1_to_l2/experiment-4/matrix/jagged_softmax--small/report.json
matrix,jagged_sum--large,4,l1_to_l2,incomplete,0,,,,,0,,,null,"{""category"": ""preflight_incomplete"", ""message"": ""Preflight did not finish; inspect the recorded scheduler job/log before retrying""}",triton/experiments/results/search-v2/tau-profiles/l1_to_l2/experiment-4/matrix/jagged_sum--large/report.json
matrix,jagged_sum--small,4,l1_to_l2,complete,0,0,2.241348395194541e-06,2.241348395194541e-06,True,5.674880146980286,0.9997739987342749,0.00033471516746930163,[],null,triton/experiments/results/search-v2/tau-profiles/l1_to_l2/experiment-4/matrix/jagged_sum--small/report.json
matrix,layer_norm--large,4,l1_to_l2,complete,0,0,0.0,0.0,True,96.11264228820801,0.9985748336350758,0.005032672080018674,[],null,triton/experiments/results/search-v2/tau-profiles/l1_to_l2/experiment-4/matrix/layer_norm--large/report.json
matrix,layer_norm--small,4,l1_to_l2,complete,0,0,0.0,0.0,True,6.652160286903381,0.9993270656835777,0.0009627940789869172,[],null,triton/experiments/results/search-v2/tau-profiles/l1_to_l2/experiment-4/matrix/layer_norm--small/report.json
matrix,low_mem_dropout--large,4,l1_to_l2,complete,0,0,0.29250000000000004,0.29250000000000004,True,198.39168548583984,1.0001451942016244,0.00037413154726595454,[],null,triton/experiments/results/search-v2/tau-profiles/l1_to_l2/experiment-4/matrix/low_mem_dropout--large/report.json
matrix,low_mem_dropout--small,4,l1_to_l2,complete,0,0,0.29250000000000004,0.29250000000000004,True,1.5481600165367126,0.9969811499992266,0.004526783235926257,[],null,triton/experiments/results/search-v2/tau-profiles/l1_to_l2/experiment-4/matrix/low_mem_dropout--small/report.json
matrix,softmax--large,4,l1_to_l2,complete,0,0,0.0,0.0,True,90.65343856811523,0.9982779918826834,0.00025409865548564614,[],null,triton/experiments/results/search-v2/tau-profiles/l1_to_l2/experiment-4/matrix/softmax--large/report.json
matrix,softmax--small,4,l1_to_l2,complete,0,0,0.0,0.0,True,4.366720020771027,0.9998535043778435,0.0005866184604572666,[],null,triton/experiments/results/search-v2/tau-profiles/l1_to_l2/experiment-4/matrix/softmax--small/report.json
matrix,sum--large,4,l1_to_l2,failed,0,,,,,0,,,null,"{""category"": ""search"", ""message"": ""FileNotFoundError: [Errno 2] No such file or directory: '/usr/WS1/dnicho/record-replay/relay/triton/experiments/results/search-v2/shared/matrix/sum--large/capture.json'""}",triton/experiments/results/search-v2/tau-profiles/l1_to_l2/experiment-4/matrix/sum--large/report.json
matrix,sum--small,4,l1_to_l2,complete,1,0,1.009375,0.0,False,10.56704044342041,0.999737600731632,0.00042389758147143297,"[""instruction count increased by more than the declared 10% budget""]",null,triton/experiments/results/search-v2/tau-profiles/l1_to_l2/experiment-4/matrix/sum--small/report.json
matrix,template_attention--default,4,l1_to_l2,incomplete,0,,,,,0,,,null,"{""category"": ""preflight_incomplete"", ""message"": ""Preflight did not finish; inspect the recorded scheduler job/log before retrying""}",triton/experiments/results/search-v2/tau-profiles/l1_to_l2/experiment-4/matrix/template_attention--default/report.json
matrix,vector_add--large,4,l1_to_l2,complete,0,0,0.0,0.0,True,261.22880935668945,1.000419951390278,0.0006716983403773913,[],null,triton/experiments/results/search-v2/tau-profiles/l1_to_l2/experiment-4/matrix/vector_add--large/report.json
matrix,vector_add--small,4,l1_to_l2,complete,0,0,0.0,0.0,True,1.5296000242233276,0.9954191185219291,0.0041701733665834295,[],null,triton/experiments/results/search-v2/tau-profiles/l1_to_l2/experiment-4/matrix/vector_add--small/report.json
matrix,vector_exp--large,4,l1_to_l2,complete,0,0,0.0,0.0,True,177.64928817749023,0.998279721486355,0.0008027254260677408,[],null,triton/experiments/results/search-v2/tau-profiles/l1_to_l2/experiment-4/matrix/vector_exp--large/report.json
matrix,vector_exp--small,4,l1_to_l2,complete,0,0,0.0,0.0,True,1.483519971370697,0.9968414403828166,0.005170224682074953,[],null,triton/experiments/results/search-v2/tau-profiles/l1_to_l2/experiment-4/matrix/vector_exp--small/report.json
tuolumne,bf16xint16_gemm--output,4,l1_to_l2,prepared,1,,0.19999999999999998,0.0,,0,,,null,null,triton/experiments/results/search-v2/tau-profiles/l1_to_l2/experiment-4/tuolumne/bf16xint16_gemm--output/report.json
tuolumne,bf16xint16_gemm--projection,4,l1_to_l2,running,0,,,,,0,,,null,null,triton/experiments/results/search-v2/tau-profiles/l1_to_l2/experiment-4/tuolumne/bf16xint16_gemm--projection/report.json
tuolumne,fp8_gemm--large,4,l1_to_l2,running,0,,,,,0,,,null,null,triton/experiments/results/search-v2/tau-profiles/l1_to_l2/experiment-4/tuolumne/fp8_gemm--large/report.json
tuolumne,fp8_gemm--small,4,l1_to_l2,validated,2,0,0.56,0.0,False,0,,,"[""n_regs increased: 60 -> 64"", ""n_spills increased: 0 -> 6"", ""load_instruction_count increased: 13 -> 24"", ""execution layout encodings changed"", ""instruction count increased by more than the declared 10% budget"", ""matrix instruction forms changed"", ""lowered memory instruction widths/counts changed"", ""matrix instruction count changed""]",null,triton/experiments/results/search-v2/tau-profiles/l1_to_l2/experiment-4/tuolumne/fp8_gemm--small/report.json
tuolumne,gather_gemv--large,4,l1_to_l2,prepared,0,,0.0,0.0,,0,,,null,null,triton/experiments/results/search-v2/tau-profiles/l1_to_l2/experiment-4/tuolumne/gather_gemv--large/report.json
tuolumne,gather_gemv--small,4,l1_to_l2,validated,0,0,0.0,0.0,True,0,,,[],null,triton/experiments/results/search-v2/tau-profiles/l1_to_l2/experiment-4/tuolumne/gather_gemv--small/report.json
tuolumne,gemm--asymmetric,4,l1_to_l2,prepared,0,,0.0,0.0,,0,,,null,null,triton/experiments/results/search-v2/tau-profiles/l1_to_l2/experiment-4/tuolumne/gemm--asymmetric/report.json
tuolumne,gemm--square,4,l1_to_l2,validated,0,0,0.0,0.0,True,0,,,[],null,triton/experiments/results/search-v2/tau-profiles/l1_to_l2/experiment-4/tuolumne/gemm--square/report.json
tuolumne,int4_gemm--decode,4,l1_to_l2,validated,0,0,0.019999999999999997,0.019999999999999997,True,0,,,[],null,triton/experiments/results/search-v2/tau-profiles/l1_to_l2/experiment-4/tuolumne/int4_gemm--decode/report.json
tuolumne,int4_gemm--prefill,4,l1_to_l2,running,0,,,,,0,,,null,null,triton/experiments/results/search-v2/tau-profiles/l1_to_l2/experiment-4/tuolumne/int4_gemm--prefill/report.json
tuolumne,jagged_mean--large,4,l1_to_l2,prepared,0,,0.00011356377315636312,0.00011356377315636312,,0,,,null,null,triton/experiments/results/search-v2/tau-profiles/l1_to_l2/experiment-4/tuolumne/jagged_mean--large/report.json
tuolumne,jagged_mean--small,4,l1_to_l2,validated,0,0,0.00023907716215408522,0.00023907716215408522,True,0,,,[],null,triton/experiments/results/search-v2/tau-profiles/l1_to_l2/experiment-4/tuolumne/jagged_mean--small/report.json
tuolumne,jagged_softmax--large,4,l1_to_l2,running,0,,,,,0,,,null,null,triton/experiments/results/search-v2/tau-profiles/l1_to_l2/experiment-4/tuolumne/jagged_softmax--large/report.json
tuolumne,jagged_softmax--small,4,l1_to_l2,validated,0,0,7.971779899156984e-05,7.971779899156984e-05,True,0,,,[],null,triton/experiments/results/search-v2/tau-profiles/l1_to_l2/experiment-4/tuolumne/jagged_softmax--small/report.json
tuolumne,jagged_sum--large,4,l1_to_l2,prepared,0,,0.00011356377315636312,0.00011356377315636312,,0,,,null,null,triton/experiments/results/search-v2/tau-profiles/l1_to_l2/experiment-4/tuolumne/jagged_sum--large/report.json
tuolumne,jagged_sum--small,4,l1_to_l2,validated,0,0,0.00023907716215408522,0.00023907716215408522,True,0,,,[],null,triton/experiments/results/search-v2/tau-profiles/l1_to_l2/experiment-4/tuolumne/jagged_sum--small/report.json
tuolumne,layer_norm--large,4,l1_to_l2,prepared,0,,0.0,0.0,,0,,,null,null,triton/experiments/results/search-v2/tau-profiles/l1_to_l2/experiment-4/tuolumne/layer_norm--large/report.json
tuolumne,layer_norm--small,4,l1_to_l2,validated,0,0,0.0,0.0,True,0,,,[],null,triton/experiments/results/search-v2/tau-profiles/l1_to_l2/experiment-4/tuolumne/layer_norm--small/report.json
tuolumne,low_mem_dropout--large,4,l1_to_l2,validated,0,0,0.0,0.0,True,0,,,[],null,triton/experiments/results/search-v2/tau-profiles/l1_to_l2/experiment-4/tuolumne/low_mem_dropout--large/report.json
tuolumne,low_mem_dropout--small,4,l1_to_l2,validated,0,0,0.0,0.0,True,0,,,[],null,triton/experiments/results/search-v2/tau-profiles/l1_to_l2/experiment-4/tuolumne/low_mem_dropout--small/report.json
tuolumne,softmax--large,4,l1_to_l2,validated,0,0,0.0,0.0,True,0,,,[],null,triton/experiments/results/search-v2/tau-profiles/l1_to_l2/experiment-4/tuolumne/softmax--large/report.json
tuolumne,softmax--small,4,l1_to_l2,validated,0,0,0.0,0.0,True,0,,,[],null,triton/experiments/results/search-v2/tau-profiles/l1_to_l2/experiment-4/tuolumne/softmax--small/report.json
tuolumne,sum--large,4,l1_to_l2,failed,0,,,,,0,,,null,"{""category"": ""search"", ""message"": ""FileNotFoundError: [Errno 2] No such file or directory: '/usr/WS1/dnicho/record-replay/relay/triton/experiments/results/search-v2/shared/tuolumne/sum--large/capture.json'""}",triton/experiments/results/search-v2/tau-profiles/l1_to_l2/experiment-4/tuolumne/sum--large/report.json
tuolumne,sum--small,4,l1_to_l2,validated,1,0,0.04000000000000001,0.0,False,0,,,"[""n_regs increased: 8 -> 11"", ""execution layout encodings changed"", ""instruction count increased by more than the declared 10% budget""]",null,triton/experiments/results/search-v2/tau-profiles/l1_to_l2/experiment-4/tuolumne/sum--small/report.json
tuolumne,template_attention--default,4,l1_to_l2,running,0,,,,,0,,,null,null,triton/experiments/results/search-v2/tau-profiles/l1_to_l2/experiment-4/tuolumne/template_attention--default/report.json
tuolumne,vector_add--large,4,l1_to_l2,validated,0,0,0.0,0.0,True,0,,,[],null,triton/experiments/results/search-v2/tau-profiles/l1_to_l2/experiment-4/tuolumne/vector_add--large/report.json
tuolumne,vector_add--small,4,l1_to_l2,validated,0,0,0.0,0.0,True,0,,,[],null,triton/experiments/results/search-v2/tau-profiles/l1_to_l2/experiment-4/tuolumne/vector_add--small/report.json
tuolumne,vector_exp--large,4,l1_to_l2,validated,0,0,0.0,0.0,True,0,,,[],null,triton/experiments/results/search-v2/tau-profiles/l1_to_l2/experiment-4/tuolumne/vector_exp--large/report.json
tuolumne,vector_exp--small,4,l1_to_l2,validated,0,0,0.0,0.0,True,0,,,[],null,triton/experiments/results/search-v2/tau-profiles/l1_to_l2/experiment-4/tuolumne/vector_exp--small/report.json
matrix,bf16xint16_gemm--output,5,l1_to_l2,complete,1,0,0.5093749999999999,0.0,False,207.325439453125,1.0002375934179009,0.002994296007759134,"[""n_regs increased: 210 -> 253"", ""load_instruction_count increased: 0 -> 32"", ""execution layout encodings changed"", ""instruction count increased by more than the declared 10% budget"", ""lowered memory instruction widths/counts changed""]",null,triton/experiments/results/search-v2/tau-profiles/l1_to_l2/experiment-5/matrix/bf16xint16_gemm--output/report.json
matrix,bf16xint16_gemm--projection,5,l1_to_l2,incomplete,0,,,,,0,,,null,"{""category"": ""preflight_incomplete"", ""message"": ""Preflight did not finish; inspect the recorded scheduler job/log before retrying""}",triton/experiments/results/search-v2/tau-profiles/l1_to_l2/experiment-5/matrix/bf16xint16_gemm--projection/report.json
matrix,fp8_gemm--large,5,l1_to_l2,failed,0,,,,,0,,,null,"{""category"": ""search"", ""message"": ""FileNotFoundError: [Errno 2] No such file or directory: '/usr/WS1/dnicho/record-replay/relay/triton/experiments/results/search-v2/shared/matrix/fp8_gemm--large/capture.json'""}",triton/experiments/results/search-v2/tau-profiles/l1_to_l2/experiment-5/matrix/fp8_gemm--large/report.json
matrix,fp8_gemm--small,5,l1_to_l2,complete,2,0,1.6916666666666667,0.0,False,14.221440553665161,0.9996100281713752,0.004293613348008263,"[""n_regs increased: 96 -> 168"", ""load_instruction_count increased: 0 -> 48"", ""execution layout encodings changed"", ""instruction count increased by more than the declared 10% budget"", ""lowered memory instruction widths/counts changed""]",null,triton/experiments/results/search-v2/tau-profiles/l1_to_l2/experiment-5/matrix/fp8_gemm--small/report.json
matrix,gather_gemv--large,5,l1_to_l2,complete,0,0,0.0,0.0,True,56.78463935852051,1.0000338120790715,0.00016906605241850947,[],null,triton/experiments/results/search-v2/tau-profiles/l1_to_l2/experiment-5/matrix/gather_gemv--large/report.json
matrix,gather_gemv--small,5,l1_to_l2,complete,0,0,0.0,0.0,True,5.752320289611816,0.9995919013234119,0.0011136663676698522,[],null,triton/experiments/results/search-v2/tau-profiles/l1_to_l2/experiment-5/matrix/gather_gemv--small/report.json
matrix,gemm--asymmetric,5,l1_to_l2,complete,1,0,0.3395833333333333,0.0,False,39.20000076293945,1.0000799973120522,0.010798019576990114,"[""n_regs increased: 117 -> 128"", ""load_instruction_count increased: 0 -> 16"", ""instruction count increased by more than the declared 10% budget"", ""lowered memory instruction widths/counts changed""]",null,triton/experiments/results/search-v2/tau-profiles/l1_to_l2/experiment-5/matrix/gemm--asymmetric/report.json
matrix,gemm--square,5,l1_to_l2,complete,0,0,0.003124999999999989,0.003124999999999989,True,27.526400089263916,1.001326498554643,0.0025125018437954783,[],null,triton/experiments/results/search-v2/tau-profiles/l1_to_l2/experiment-5/matrix/gemm--square/report.json
matrix,int4_gemm--decode,5,l1_to_l2,complete,0,0,0.01928304036458331,0.01928304036458331,True,76.70400142669678,0.999805377170632,0.0004336675122943445,[],null,triton/experiments/results/search-v2/tau-profiles/l1_to_l2/experiment-5/matrix/int4_gemm--decode/report.json
matrix,int4_gemm--prefill,5,l1_to_l2,complete,0,0,0.4170572916666666,0.4170572916666666,True,890.4505920410156,0.9999223350548904,0.0007381749214697697,[],null,triton/experiments/results/search-v2/tau-profiles/l1_to_l2/experiment-5/matrix/int4_gemm--prefill/report.json
matrix,jagged_mean--large,5,l1_to_l2,incomplete,0,,,,,0,,,null,"{""category"": ""preflight_incomplete"", ""message"": ""Preflight did not finish; inspect the recorded scheduler job/log before retrying""}",triton/experiments/results/search-v2/tau-profiles/l1_to_l2/experiment-5/matrix/jagged_mean--large/report.json
matrix,jagged_mean--small,5,l1_to_l2,complete,0,0,2.241348395194541e-06,2.241348395194541e-06,True,5.133439898490906,0.9993300762663484,0.0002541261184862975,[],null,triton/experiments/results/search-v2/tau-profiles/l1_to_l2/experiment-5/matrix/jagged_mean--small/report.json
matrix,jagged_softmax--large,5,l1_to_l2,complete,1,0,3.0301921871674193,0.08345951682709364,False,98.27072143554688,1.000284353192224,0.0016949276020450377,"[""n_regs increased: 36 -> 40"", ""load_instruction_count increased: 8 -> 26"", ""matrix instruction forms changed"", ""lowered memory instruction widths/counts changed"", ""matrix instruction count changed""]",null,triton/experiments/results/search-v2/tau-profiles/l1_to_l2/experiment-5/matrix/jagged_softmax--large/report.json
matrix,jagged_softmax--small,5,l1_to_l2,complete,0,0,7.473543655459646e-07,7.473543655459646e-07,True,17.32416033744812,1.0590053754899837,0.025612870452405456,[],null,triton/experiments/results/search-v2/tau-profiles/l1_to_l2/experiment-5/matrix/jagged_softmax--small/report.json
matrix,jagged_sum--large,5,l1_to_l2,incomplete,0,,,,,0,,,null,"{""category"": ""preflight_incomplete"", ""message"": ""Preflight did not finish; inspect the recorded scheduler job/log before retrying""}",triton/experiments/results/search-v2/tau-profiles/l1_to_l2/experiment-5/matrix/jagged_sum--large/report.json
matrix,jagged_sum--small,5,l1_to_l2,complete,0,0,2.241348395194541e-06,2.241348395194541e-06,True,5.7311999797821045,1.0000741791312782,0.0005575059784701519,[],null,triton/experiments/results/search-v2/tau-profiles/l1_to_l2/experiment-5/matrix/jagged_sum--small/report.json
matrix,layer_norm--large,5,l1_to_l2,complete,0,0,0.0,0.0,True,96.29887580871582,0.9985992222793935,0.005404062438317148,[],null,triton/experiments/results/search-v2/tau-profiles/l1_to_l2/experiment-5/matrix/layer_norm--large/report.json
matrix,layer_norm--small,5,l1_to_l2,complete,0,0,0.0,0.0,True,6.654080152511597,0.9992320552575572,0.000962889777773146,[],null,triton/experiments/results/search-v2/tau-profiles/l1_to_l2/experiment-5/matrix/layer_norm--small/report.json
matrix,low_mem_dropout--large,5,l1_to_l2,complete,0,0,0.29250000000000004,0.29250000000000004,True,198.36223602294922,0.9998236490373801,0.0005869031885554765,[],null,triton/experiments/results/search-v2/tau-profiles/l1_to_l2/experiment-5/matrix/low_mem_dropout--large/report.json
matrix,low_mem_dropout--small,5,l1_to_l2,complete,0,0,0.29250000000000004,0.29250000000000004,True,1.552640050649643,0.9979432622066864,0.004906006288140752,[],null,triton/experiments/results/search-v2/tau-profiles/l1_to_l2/experiment-5/matrix/low_mem_dropout--small/report.json
matrix,softmax--large,5,l1_to_l2,complete,0,0,0.0,0.0,True,90.63743591308594,0.9981957570416864,0.0003247066070167781,[],null,triton/experiments/results/search-v2/tau-profiles/l1_to_l2/experiment-5/matrix/softmax--large/report.json
matrix,softmax--small,5,l1_to_l2,complete,0,0,0.0,0.0,True,4.366720020771027,1.0000000871928048,0.0008793852643149691,[],null,triton/experiments/results/search-v2/tau-profiles/l1_to_l2/experiment-5/matrix/softmax--small/report.json
matrix,sum--large,5,l1_to_l2,failed,0,,,,,0,,,null,"{""category"": ""search"", ""message"": ""FileNotFoundError: [Errno 2] No such file or directory: '/usr/WS1/dnicho/record-replay/relay/triton/experiments/results/search-v2/shared/matrix/sum--large/capture.json'""}",triton/experiments/results/search-v2/tau-profiles/l1_to_l2/experiment-5/matrix/sum--large/report.json
matrix,sum--small,5,l1_to_l2,complete,1,0,1.009375,0.0,False,10.569599866867065,0.99985879692925,0.00030279119350140604,"[""instruction count increased by more than the declared 10% budget""]",null,triton/experiments/results/search-v2/tau-profiles/l1_to_l2/experiment-5/matrix/sum--small/report.json
matrix,template_attention--default,5,l1_to_l2,incomplete,0,,,,,0,,,null,"{""category"": ""preflight_incomplete"", ""message"": ""Preflight did not finish; inspect the recorded scheduler job/log before retrying""}",triton/experiments/results/search-v2/tau-profiles/l1_to_l2/experiment-5/matrix/template_attention--default/report.json
matrix,vector_add--large,5,l1_to_l2,complete,0,0,0.0,0.0,True,261.22175216674805,1.0002997868371564,0.0007551153309890424,[],null,triton/experiments/results/search-v2/tau-profiles/l1_to_l2/experiment-5/matrix/vector_add--large/report.json
matrix,vector_add--small,5,l1_to_l2,complete,0,0,0.0,0.0,True,1.5276800096035004,0.9995845637440912,0.0033431093660867273,[],null,triton/experiments/results/search-v2/tau-profiles/l1_to_l2/experiment-5/matrix/vector_add--small/report.json
matrix,vector_exp--large,5,l1_to_l2,complete,0,0,0.0,0.0,True,177.6678466796875,0.9983563181279784,0.0009287511510153168,[],null,triton/experiments/results/search-v2/tau-profiles/l1_to_l2/experiment-5/matrix/vector_exp--large/report.json
matrix,vector_exp--small,5,l1_to_l2,complete,0,0,0.0,0.0,True,1.5027199685573578,1.0067200356109445,0.008864566873105217,[],null,triton/experiments/results/search-v2/tau-profiles/l1_to_l2/experiment-5/matrix/vector_exp--small/report.json
tuolumne,bf16xint16_gemm--output,5,l1_to_l2,prepared,1,,0.19999999999999998,0.0,,0,,,null,null,triton/experiments/results/search-v2/tau-profiles/l1_to_l2/experiment-5/tuolumne/bf16xint16_gemm--output/report.json
tuolumne,bf16xint16_gemm--projection,5,l1_to_l2,running,0,,,,,0,,,null,null,triton/experiments/results/search-v2/tau-profiles/l1_to_l2/experiment-5/tuolumne/bf16xint16_gemm--projection/report.json
tuolumne,fp8_gemm--large,5,l1_to_l2,running,0,,,,,0,,,null,null,triton/experiments/results/search-v2/tau-profiles/l1_to_l2/experiment-5/tuolumne/fp8_gemm--large/report.json
tuolumne,fp8_gemm--small,5,l1_to_l2,validated,2,0,0.56,0.0,False,0,,,"[""n_regs increased: 60 -> 63"", ""load_instruction_count increased: 13 -> 19"", ""execution layout encodings changed"", ""instruction count increased by more than the declared 10% budget"", ""matrix instruction forms changed"", ""lowered memory instruction widths/counts changed"", ""matrix instruction count changed""]",null,triton/experiments/results/search-v2/tau-profiles/l1_to_l2/experiment-5/tuolumne/fp8_gemm--small/report.json
tuolumne,gather_gemv--large,5,l1_to_l2,prepared,0,,0.0,0.0,,0,,,null,null,triton/experiments/results/search-v2/tau-profiles/l1_to_l2/experiment-5/tuolumne/gather_gemv--large/report.json
tuolumne,gather_gemv--small,5,l1_to_l2,validated,0,0,0.0,0.0,True,0,,,[],null,triton/experiments/results/search-v2/tau-profiles/l1_to_l2/experiment-5/tuolumne/gather_gemv--small/report.json
tuolumne,gemm--asymmetric,5,l1_to_l2,prepared,0,,0.0,0.0,,0,,,null,null,triton/experiments/results/search-v2/tau-profiles/l1_to_l2/experiment-5/tuolumne/gemm--asymmetric/report.json
tuolumne,gemm--square,5,l1_to_l2,validated,0,0,0.0,0.0,True,0,,,[],null,triton/experiments/results/search-v2/tau-profiles/l1_to_l2/experiment-5/tuolumne/gemm--square/report.json
tuolumne,int4_gemm--decode,5,l1_to_l2,validated,0,0,0.019999999999999997,0.019999999999999997,True,0,,,[],null,triton/experiments/results/search-v2/tau-profiles/l1_to_l2/experiment-5/tuolumne/int4_gemm--decode/report.json
tuolumne,int4_gemm--prefill,5,l1_to_l2,running,0,,,,,0,,,null,null,triton/experiments/results/search-v2/tau-profiles/l1_to_l2/experiment-5/tuolumne/int4_gemm--prefill/report.json
tuolumne,jagged_mean--large,5,l1_to_l2,prepared,0,,0.00011356377315636312,0.00011356377315636312,,0,,,null,null,triton/experiments/results/search-v2/tau-profiles/l1_to_l2/experiment-5/tuolumne/jagged_mean--large/report.json
tuolumne,jagged_mean--small,5,l1_to_l2,validated,0,0,0.00023907716215408522,0.00023907716215408522,True,0,,,[],null,triton/experiments/results/search-v2/tau-profiles/l1_to_l2/experiment-5/tuolumne/jagged_mean--small/report.json
tuolumne,jagged_softmax--large,5,l1_to_l2,running,0,,,,,0,,,null,null,triton/experiments/results/search-v2/tau-profiles/l1_to_l2/experiment-5/tuolumne/jagged_softmax--large/report.json
tuolumne,jagged_softmax--small,5,l1_to_l2,validated,0,0,7.971779899156984e-05,7.971779899156984e-05,True,0,,,[],null,triton/experiments/results/search-v2/tau-profiles/l1_to_l2/experiment-5/tuolumne/jagged_softmax--small/report.json
tuolumne,jagged_sum--large,5,l1_to_l2,prepared,0,,0.00011356377315636312,0.00011356377315636312,,0,,,null,null,triton/experiments/results/search-v2/tau-profiles/l1_to_l2/experiment-5/tuolumne/jagged_sum--large/report.json
tuolumne,jagged_sum--small,5,l1_to_l2,validated,0,0,0.00023907716215408522,0.00023907716215408522,True,0,,,[],null,triton/experiments/results/search-v2/tau-profiles/l1_to_l2/experiment-5/tuolumne/jagged_sum--small/report.json
tuolumne,layer_norm--large,5,l1_to_l2,prepared,0,,0.0,0.0,,0,,,null,null,triton/experiments/results/search-v2/tau-profiles/l1_to_l2/experiment-5/tuolumne/layer_norm--large/report.json
tuolumne,layer_norm--small,5,l1_to_l2,validated,0,0,0.0,0.0,True,0,,,[],null,triton/experiments/results/search-v2/tau-profiles/l1_to_l2/experiment-5/tuolumne/layer_norm--small/report.json
tuolumne,low_mem_dropout--large,5,l1_to_l2,validated,0,0,0.0,0.0,True,0,,,[],null,triton/experiments/results/search-v2/tau-profiles/l1_to_l2/experiment-5/tuolumne/low_mem_dropout--large/report.json
tuolumne,low_mem_dropout--small,5,l1_to_l2,validated,0,0,0.0,0.0,True,0,,,[],null,triton/experiments/results/search-v2/tau-profiles/l1_to_l2/experiment-5/tuolumne/low_mem_dropout--small/report.json
tuolumne,softmax--large,5,l1_to_l2,validated,0,0,0.0,0.0,True,0,,,[],null,triton/experiments/results/search-v2/tau-profiles/l1_to_l2/experiment-5/tuolumne/softmax--large/report.json
tuolumne,softmax--small,5,l1_to_l2,validated,0,0,0.0,0.0,True,0,,,[],null,triton/experiments/results/search-v2/tau-profiles/l1_to_l2/experiment-5/tuolumne/softmax--small/report.json
tuolumne,sum--large,5,l1_to_l2,failed,0,,,,,0,,,null,"{""category"": ""search"", ""message"": ""FileNotFoundError: [Errno 2] No such file or directory: '/usr/WS1/dnicho/record-replay/relay/triton/experiments/results/search-v2/shared/tuolumne/sum--large/capture.json'""}",triton/experiments/results/search-v2/tau-profiles/l1_to_l2/experiment-5/tuolumne/sum--large/report.json
tuolumne,sum--small,5,l1_to_l2,validated,1,0,0.04000000000000001,0.0,False,0,,,"[""n_regs increased: 8 -> 11"", ""execution layout encodings changed"", ""instruction count increased by more than the declared 10% budget""]",null,triton/experiments/results/search-v2/tau-profiles/l1_to_l2/experiment-5/tuolumne/sum--small/report.json
tuolumne,template_attention--default,5,l1_to_l2,running,0,,,,,0,,,null,null,triton/experiments/results/search-v2/tau-profiles/l1_to_l2/experiment-5/tuolumne/template_attention--default/report.json
tuolumne,vector_add--large,5,l1_to_l2,validated,0,0,0.0,0.0,True,0,,,[],null,triton/experiments/results/search-v2/tau-profiles/l1_to_l2/experiment-5/tuolumne/vector_add--large/report.json
tuolumne,vector_add--small,5,l1_to_l2,validated,0,0,0.0,0.0,True,0,,,[],null,triton/experiments/results/search-v2/tau-profiles/l1_to_l2/experiment-5/tuolumne/vector_add--small/report.json
tuolumne,vector_exp--large,5,l1_to_l2,validated,0,0,0.0,0.0,True,0,,,[],null,triton/experiments/results/search-v2/tau-profiles/l1_to_l2/experiment-5/tuolumne/vector_exp--large/report.json
tuolumne,vector_exp--small,5,l1_to_l2,validated,0,0,0.0,0.0,True,0,,,[],null,triton/experiments/results/search-v2/tau-profiles/l1_to_l2/experiment-5/tuolumne/vector_exp--small/report.json
matrix,bf16xint16_gemm--output,6,l1_to_l2,complete,1,0,0.5093749999999999,0.0,False,207.53280639648438,0.9998129566761578,0.00018816849454550422,"[""n_regs increased: 210 -> 254"", ""load_instruction_count increased: 0 -> 32"", ""execution layout encodings changed"", ""instruction count increased by more than the declared 10% budget"", ""lowered memory instruction widths/counts changed""]",null,triton/experiments/results/search-v2/tau-profiles/l1_to_l2/experiment-6/matrix/bf16xint16_gemm--output/report.json
matrix,bf16xint16_gemm--projection,6,l1_to_l2,incomplete,0,,,,,0,,,null,"{""category"": ""preflight_incomplete"", ""message"": ""Preflight did not finish; inspect the recorded scheduler job/log before retrying""}",triton/experiments/results/search-v2/tau-profiles/l1_to_l2/experiment-6/matrix/bf16xint16_gemm--projection/report.json
matrix,fp8_gemm--large,6,l1_to_l2,failed,0,,,,,0,,,null,"{""category"": ""search"", ""message"": ""FileNotFoundError: [Errno 2] No such file or directory: '/usr/WS1/dnicho/record-replay/relay/triton/experiments/results/search-v2/shared/matrix/fp8_gemm--large/capture.json'""}",triton/experiments/results/search-v2/tau-profiles/l1_to_l2/experiment-6/matrix/fp8_gemm--large/report.json
matrix,fp8_gemm--small,6,l1_to_l2,complete,2,0,1.6916666666666667,0.0,False,14.165120124816895,0.999593960654929,0.0005424926776538275,"[""n_regs increased: 96 -> 231"", ""load_instruction_count increased: 0 -> 48"", ""execution layout encodings changed"", ""instruction count increased by more than the declared 10% budget"", ""lowered memory instruction widths/counts changed""]",null,triton/experiments/results/search-v2/tau-profiles/l1_to_l2/experiment-6/matrix/fp8_gemm--small/report.json
matrix,gather_gemv--large,6,l1_to_l2,complete,0,0,0.0,0.0,True,56.752638816833496,1.0000789222689124,0.00019172125443511767,[],null,triton/experiments/results/search-v2/tau-profiles/l1_to_l2/experiment-6/matrix/gather_gemv--large/report.json
matrix,gather_gemv--small,6,l1_to_l2,complete,0,0,0.0,0.0,True,5.730559825897217,0.9992183476753662,0.001340792377597988,[],null,triton/experiments/results/search-v2/tau-profiles/l1_to_l2/experiment-6/matrix/gather_gemv--small/report.json
matrix,gemm--asymmetric,6,l1_to_l2,complete,1,0,0.3395833333333333,0.0,False,39.071359634399414,0.99667872362221,0.0170080613344481,"[""n_regs increased: 117 -> 128"", ""load_instruction_count increased: 0 -> 16"", ""instruction count increased by more than the declared 10% budget"", ""lowered memory instruction widths/counts changed""]",null,triton/experiments/results/search-v2/tau-profiles/l1_to_l2/experiment-6/matrix/gemm--asymmetric/report.json
matrix,gemm--square,6,l1_to_l2,complete,0,0,0.003124999999999989,0.003124999999999989,True,27.519359588623047,1.0031187945436437,0.002663706953587641,[],null,triton/experiments/results/search-v2/tau-profiles/l1_to_l2/experiment-6/matrix/gemm--square/report.json
matrix,int4_gemm--decode,6,l1_to_l2,complete,1,1,0.01928304036458331,0.006249999999999978,True,76.71872138977051,0.915920210351426,0.00035856183340099435,[],null,triton/experiments/results/search-v2/tau-profiles/l1_to_l2/experiment-6/matrix/int4_gemm--decode/report.json
matrix,int4_gemm--prefill,6,l1_to_l2,complete,1,0,0.4170572916666666,0.0003906249999999986,False,889.8585510253906,0.9999005105275318,0.0003186469685630966,"[""instruction count increased by more than the declared 10% budget""]",null,triton/experiments/results/search-v2/tau-profiles/l1_to_l2/experiment-6/matrix/int4_gemm--prefill/report.json
matrix,jagged_mean--large,6,l1_to_l2,incomplete,0,,,,,0,,,null,"{""category"": ""preflight_incomplete"", ""message"": ""Preflight did not finish; inspect the recorded scheduler job/log before retrying""}",triton/experiments/results/search-v2/tau-profiles/l1_to_l2/experiment-6/matrix/jagged_mean--large/report.json
matrix,jagged_mean--small,6,l1_to_l2,complete,0,0,2.241348395194541e-06,2.241348395194541e-06,True,5.155199766159058,0.9995392123070814,0.0004968364991477792,[],null,triton/experiments/results/search-v2/tau-profiles/l1_to_l2/experiment-6/matrix/jagged_mean--small/report.json
matrix,jagged_softmax--large,6,l1_to_l2,complete,1,0,3.0301921871674193,0.08345951682709364,False,98.3244800567627,1.0008121491251103,0.0018914859321828015,"[""n_regs increased: 36 -> 40"", ""load_instruction_count increased: 8 -> 26"", ""matrix instruction forms changed"", ""lowered memory instruction widths/counts changed"", ""matrix instruction count changed""]",null,triton/experiments/results/search-v2/tau-profiles/l1_to_l2/experiment-6/matrix/jagged_softmax--large/report.json
matrix,jagged_softmax--small,6,l1_to_l2,complete,0,0,7.473543655459646e-07,7.473543655459646e-07,True,17.3196804523468,1.0584861085505577,0.02608635529402914,[],null,triton/experiments/results/search-v2/tau-profiles/l1_to_l2/experiment-6/matrix/jagged_softmax--small/report.json
matrix,jagged_sum--large,6,l1_to_l2,incomplete,0,,,,,0,,,null,"{""category"": ""preflight_incomplete"", ""message"": ""Preflight did not finish; inspect the recorded scheduler job/log before retrying""}",triton/experiments/results/search-v2/tau-profiles/l1_to_l2/experiment-6/matrix/jagged_sum--large/report.json
matrix,jagged_sum--small,6,l1_to_l2,complete,0,0,2.241348395194541e-06,2.241348395194541e-06,True,5.7311999797821045,0.9998878862381846,0.00011178368670106131,[],null,triton/experiments/results/search-v2/tau-profiles/l1_to_l2/experiment-6/matrix/jagged_sum--small/report.json
matrix,layer_norm--large,6,l1_to_l2,complete,0,0,0.0,0.0,True,96.29311561584473,0.9987146433220158,0.005476863538424581,[],null,triton/experiments/results/search-v2/tau-profiles/l1_to_l2/experiment-6/matrix/layer_norm--large/report.json
matrix,layer_norm--small,6,l1_to_l2,complete,0,0,0.0,0.0,True,6.653439998626709,0.9995512524229795,0.0016375523325049546,[],null,triton/experiments/results/search-v2/tau-profiles/l1_to_l2/experiment-6/matrix/layer_norm--small/report.json
matrix,low_mem_dropout--large,6,l1_to_l2,complete,1,0,0.29250000000000004,0.0,False,198.39040756225586,1.0000193540918616,0.0005803943760083197,"[""load_instruction_count increased: 3 -> 9"", ""lowered memory instruction widths/counts changed""]",null,triton/experiments/results/search-v2/tau-profiles/l1_to_l2/experiment-6/matrix/low_mem_dropout--large/report.json
matrix,low_mem_dropout--small,6,l1_to_l2,complete,1,0,0.29250000000000004,0.0,False,1.5507200360298157,0.9931686373893098,0.004938308984646755,"[""load_instruction_count increased: 3 -> 9"", ""lowered memory instruction widths/counts changed""]",null,triton/experiments/results/search-v2/tau-profiles/l1_to_l2/experiment-6/matrix/low_mem_dropout--small/report.json
matrix,softmax--large,6,l1_to_l2,complete,0,0,0.0,0.0,True,90.6214427947998,0.9978390425584257,0.000522334754309739,[],null,triton/experiments/results/search-v2/tau-profiles/l1_to_l2/experiment-6/matrix/softmax--large/report.json
matrix,softmax--small,6,l1_to_l2,complete,0,0,0.0,0.0,True,4.36735987663269,0.999951102876967,0.0005866184604572666,[],null,triton/experiments/results/search-v2/tau-profiles/l1_to_l2/experiment-6/matrix/softmax--small/report.json
matrix,sum--large,6,l1_to_l2,failed,0,,,,,0,,,null,"{""category"": ""search"", ""message"": ""FileNotFoundError: [Errno 2] No such file or directory: '/usr/WS1/dnicho/record-replay/relay/triton/experiments/results/search-v2/shared/matrix/sum--large/capture.json'""}",triton/experiments/results/search-v2/tau-profiles/l1_to_l2/experiment-6/matrix/sum--large/report.json
matrix,sum--small,6,l1_to_l2,complete,1,0,1.009375,0.0,False,10.570240020751953,0.9994755002384166,0.0007866981616468927,"[""instruction count increased by more than the declared 10% budget""]",null,triton/experiments/results/search-v2/tau-profiles/l1_to_l2/experiment-6/matrix/sum--small/report.json
matrix,template_attention--default,6,l1_to_l2,incomplete,0,,,,,0,,,null,"{""category"": ""preflight_incomplete"", ""message"": ""Preflight did not finish; inspect the recorded scheduler job/log before retrying""}",triton/experiments/results/search-v2/tau-profiles/l1_to_l2/experiment-6/matrix/template_attention--default/report.json
matrix,vector_add--large,6,l1_to_l2,complete,0,0,0.0,0.0,True,261.22432708740234,1.000334958035,0.0007207770392947399,[],null,triton/experiments/results/search-v2/tau-profiles/l1_to_l2/experiment-6/matrix/vector_add--large/report.json
matrix,vector_add--small,6,l1_to_l2,complete,0,0,0.0,0.0,True,1.5296000242233276,0.9968066380713383,0.0016694617356066699,[],null,triton/experiments/results/search-v2/tau-profiles/l1_to_l2/experiment-6/matrix/vector_add--small/report.json
matrix,vector_exp--large,6,l1_to_l2,complete,0,0,0.0,0.0,True,177.65119552612305,0.9983012288605526,0.000878163620106398,[],null,triton/experiments/results/search-v2/tau-profiles/l1_to_l2/experiment-6/matrix/vector_exp--large/report.json
matrix,vector_exp--small,6,l1_to_l2,complete,0,0,0.0,0.0,True,1.4815999567508698,0.9964143024779168,0.00558423488531079,[],null,triton/experiments/results/search-v2/tau-profiles/l1_to_l2/experiment-6/matrix/vector_exp--small/report.json
tuolumne,bf16xint16_gemm--output,6,l1_to_l2,prepared,1,,0.19999999999999998,0.0,,0,,,null,null,triton/experiments/results/search-v2/tau-profiles/l1_to_l2/experiment-6/tuolumne/bf16xint16_gemm--output/report.json
tuolumne,bf16xint16_gemm--projection,6,l1_to_l2,running,0,,,,,0,,,null,null,triton/experiments/results/search-v2/tau-profiles/l1_to_l2/experiment-6/tuolumne/bf16xint16_gemm--projection/report.json
tuolumne,fp8_gemm--large,6,l1_to_l2,running,0,,,,,0,,,null,null,triton/experiments/results/search-v2/tau-profiles/l1_to_l2/experiment-6/tuolumne/fp8_gemm--large/report.json
tuolumne,fp8_gemm--small,6,l1_to_l2,validated,2,0,0.56,0.0,False,0,,,"[""n_regs increased: 60 -> 64"", ""n_spills increased: 0 -> 6"", ""load_instruction_count increased: 13 -> 24"", ""execution layout encodings changed"", ""instruction count increased by more than the declared 10% budget"", ""matrix instruction forms changed"", ""lowered memory instruction widths/counts changed"", ""matrix instruction count changed""]",null,triton/experiments/results/search-v2/tau-profiles/l1_to_l2/experiment-6/tuolumne/fp8_gemm--small/report.json
tuolumne,gather_gemv--large,6,l1_to_l2,prepared,0,,0.0,0.0,,0,,,null,null,triton/experiments/results/search-v2/tau-profiles/l1_to_l2/experiment-6/tuolumne/gather_gemv--large/report.json
tuolumne,gather_gemv--small,6,l1_to_l2,validated,0,0,0.0,0.0,True,0,,,[],null,triton/experiments/results/search-v2/tau-profiles/l1_to_l2/experiment-6/tuolumne/gather_gemv--small/report.json
tuolumne,gemm--asymmetric,6,l1_to_l2,prepared,0,,0.0,0.0,,0,,,null,null,triton/experiments/results/search-v2/tau-profiles/l1_to_l2/experiment-6/tuolumne/gemm--asymmetric/report.json
tuolumne,gemm--square,6,l1_to_l2,validated,0,0,0.0,0.0,True,0,,,[],null,triton/experiments/results/search-v2/tau-profiles/l1_to_l2/experiment-6/tuolumne/gemm--square/report.json
tuolumne,int4_gemm--decode,6,l1_to_l2,validated,1,1,0.019999999999999997,0.0,True,0,,,[],null,triton/experiments/results/search-v2/tau-profiles/l1_to_l2/experiment-6/tuolumne/int4_gemm--decode/report.json
tuolumne,int4_gemm--prefill,6,l1_to_l2,running,0,,,,,0,,,null,null,triton/experiments/results/search-v2/tau-profiles/l1_to_l2/experiment-6/tuolumne/int4_gemm--prefill/report.json
tuolumne,jagged_mean--large,6,l1_to_l2,prepared,0,,0.00011356377315636312,0.00011356377315636312,,0,,,null,null,triton/experiments/results/search-v2/tau-profiles/l1_to_l2/experiment-6/tuolumne/jagged_mean--large/report.json
tuolumne,jagged_mean--small,6,l1_to_l2,validated,0,0,0.00023907716215408522,0.00023907716215408522,True,0,,,[],null,triton/experiments/results/search-v2/tau-profiles/l1_to_l2/experiment-6/tuolumne/jagged_mean--small/report.json
tuolumne,jagged_softmax--large,6,l1_to_l2,running,0,,,,,0,,,null,null,triton/experiments/results/search-v2/tau-profiles/l1_to_l2/experiment-6/tuolumne/jagged_softmax--large/report.json
tuolumne,jagged_softmax--small,6,l1_to_l2,validated,0,0,7.971779899156984e-05,7.971779899156984e-05,True,0,,,[],null,triton/experiments/results/search-v2/tau-profiles/l1_to_l2/experiment-6/tuolumne/jagged_softmax--small/report.json
tuolumne,jagged_sum--large,6,l1_to_l2,prepared,0,,0.00011356377315636312,0.00011356377315636312,,0,,,null,null,triton/experiments/results/search-v2/tau-profiles/l1_to_l2/experiment-6/tuolumne/jagged_sum--large/report.json
tuolumne,jagged_sum--small,6,l1_to_l2,validated,0,0,0.00023907716215408522,0.00023907716215408522,True,0,,,[],null,triton/experiments/results/search-v2/tau-profiles/l1_to_l2/experiment-6/tuolumne/jagged_sum--small/report.json
tuolumne,layer_norm--large,6,l1_to_l2,prepared,0,,0.0,0.0,,0,,,null,null,triton/experiments/results/search-v2/tau-profiles/l1_to_l2/experiment-6/tuolumne/layer_norm--large/report.json
tuolumne,layer_norm--small,6,l1_to_l2,validated,0,0,0.0,0.0,True,0,,,[],null,triton/experiments/results/search-v2/tau-profiles/l1_to_l2/experiment-6/tuolumne/layer_norm--small/report.json
tuolumne,low_mem_dropout--large,6,l1_to_l2,validated,0,0,0.0,0.0,True,0,,,[],null,triton/experiments/results/search-v2/tau-profiles/l1_to_l2/experiment-6/tuolumne/low_mem_dropout--large/report.json
tuolumne,low_mem_dropout--small,6,l1_to_l2,validated,0,0,0.0,0.0,True,0,,,[],null,triton/experiments/results/search-v2/tau-profiles/l1_to_l2/experiment-6/tuolumne/low_mem_dropout--small/report.json
tuolumne,softmax--large,6,l1_to_l2,validated,0,0,0.0,0.0,True,0,,,[],null,triton/experiments/results/search-v2/tau-profiles/l1_to_l2/experiment-6/tuolumne/softmax--large/report.json
tuolumne,softmax--small,6,l1_to_l2,validated,0,0,0.0,0.0,True,0,,,[],null,triton/experiments/results/search-v2/tau-profiles/l1_to_l2/experiment-6/tuolumne/softmax--small/report.json
tuolumne,sum--large,6,l1_to_l2,failed,0,,,,,0,,,null,"{""category"": ""search"", ""message"": ""FileNotFoundError: [Errno 2] No such file or directory: '/usr/WS1/dnicho/record-replay/relay/triton/experiments/results/search-v2/shared/tuolumne/sum--large/capture.json'""}",triton/experiments/results/search-v2/tau-profiles/l1_to_l2/experiment-6/tuolumne/sum--large/report.json
tuolumne,sum--small,6,l1_to_l2,validated,1,0,0.04000000000000001,0.0,False,0,,,"[""n_regs increased: 8 -> 11"", ""execution layout encodings changed"", ""instruction count increased by more than the declared 10% budget""]",null,triton/experiments/results/search-v2/tau-profiles/l1_to_l2/experiment-6/tuolumne/sum--small/report.json
tuolumne,template_attention--default,6,l1_to_l2,running,0,,,,,0,,,null,null,triton/experiments/results/search-v2/tau-profiles/l1_to_l2/experiment-6/tuolumne/template_attention--default/report.json
tuolumne,vector_add--large,6,l1_to_l2,validated,0,0,0.0,0.0,True,0,,,[],null,triton/experiments/results/search-v2/tau-profiles/l1_to_l2/experiment-6/tuolumne/vector_add--large/report.json
tuolumne,vector_add--small,6,l1_to_l2,validated,0,0,0.0,0.0,True,0,,,[],null,triton/experiments/results/search-v2/tau-profiles/l1_to_l2/experiment-6/tuolumne/vector_add--small/report.json
tuolumne,vector_exp--large,6,l1_to_l2,validated,0,0,0.0,0.0,True,0,,,[],null,triton/experiments/results/search-v2/tau-profiles/l1_to_l2/experiment-6/tuolumne/vector_exp--large/report.json
tuolumne,vector_exp--small,6,l1_to_l2,validated,0,0,0.0,0.0,True,0,,,[],null,triton/experiments/results/search-v2/tau-profiles/l1_to_l2/experiment-6/tuolumne/vector_exp--small/report.json
matrix,bf16xint16_gemm--output,4,speedup,complete,0,0,1.0,1.0,True,207.26015090942383,0.9995743791903006,0.0003034470589168281,[],null,triton/experiments/results/search-v2/tau-profiles/speedup/experiment-4/matrix/bf16xint16_gemm--output/report.json
matrix,bf16xint16_gemm--projection,4,speedup,incomplete,0,,,,,0,,,null,"{""category"": ""preflight_incomplete"", ""message"": ""Preflight did not finish; inspect the recorded scheduler job/log before retrying""}",triton/experiments/results/search-v2/tau-profiles/speedup/experiment-4/matrix/bf16xint16_gemm--projection/report.json
matrix,fp8_gemm--large,4,speedup,failed,0,,,,,0,,,null,"{""category"": ""search"", ""message"": ""FileNotFoundError: [Errno 2] No such file or directory: '/usr/WS1/dnicho/record-replay/relay/triton/experiments/results/search-v2/shared/matrix/fp8_gemm--large/capture.json'""}",triton/experiments/results/search-v2/tau-profiles/speedup/experiment-4/matrix/fp8_gemm--large/report.json
matrix,fp8_gemm--small,4,speedup,complete,0,0,1.0,1.0,True,14.133119583129883,1.0000145662355546,0.000770348000446397,[],null,triton/experiments/results/search-v2/tau-profiles/speedup/experiment-4/matrix/fp8_gemm--small/report.json
matrix,gather_gemv--large,4,speedup,complete,0,0,1.666124308493329,1.666124308493329,True,56.508798599243164,0.9999622515015838,0.0002378473347592891,[],null,triton/experiments/results/search-v2/tau-profiles/speedup/experiment-4/matrix/gather_gemv--large/report.json
matrix,gather_gemv--small,4,speedup,complete,0,0,1.9937694704049844,1.9937694704049844,True,5.713919997215271,0.9993676746717046,0.0012305460473852614,[],null,triton/experiments/results/search-v2/tau-profiles/speedup/experiment-4/matrix/gather_gemv--small/report.json
matrix,gemm--asymmetric,4,speedup,complete,0,0,1.0,1.0,True,39.42080020904541,1.0006856286386518,0.00939222030875475,[],null,triton/experiments/results/search-v2/tau-profiles/speedup/experiment-4/matrix/gemm--asymmetric/report.json
matrix,gemm--square,4,speedup,complete,0,0,1.0,1.0,True,27.056639194488525,1.0040348569982203,0.0030315381783387885,[],null,triton/experiments/results/search-v2/tau-profiles/speedup/experiment-4/matrix/gemm--square/report.json
matrix,int4_gemm--decode,4,speedup,complete,0,0,0.6666666666666666,0.6666666666666666,True,76.70976161956787,1.0001808149712244,0.0006176221683324989,[],null,triton/experiments/results/search-v2/tau-profiles/speedup/experiment-4/matrix/int4_gemm--decode/report.json
matrix,int4_gemm--prefill,4,speedup,complete,0,0,10.283333333333335,10.283333333333335,True,889.9852752685547,1.000078382517103,0.000587131820314557,[],null,triton/experiments/results/search-v2/tau-profiles/speedup/experiment-4/matrix/int4_gemm--prefill/report.json
matrix,jagged_mean--large,4,speedup,incomplete,0,,,,,0,,,null,"{""category"": ""preflight_incomplete"", ""message"": ""Preflight did not finish; inspect the recorded scheduler job/log before retrying""}",triton/experiments/results/search-v2/tau-profiles/speedup/experiment-4/matrix/jagged_mean--large/report.json
matrix,jagged_mean--small,4,speedup,complete,0,0,0.9392146315223239,0.9392146315223239,True,5.152639746665955,0.9997102225989293,0.000993179550444534,[],null,triton/experiments/results/search-v2/tau-profiles/speedup/experiment-4/matrix/jagged_mean--small/report.json
matrix,jagged_softmax--large,4,speedup,complete,0,0,0.8848094979069603,0.8848094979069603,True,97.98656463623047,1.0001807674216772,0.0014714261227639636,[],null,triton/experiments/results/search-v2/tau-profiles/speedup/experiment-4/matrix/jagged_softmax--large/report.json
matrix,jagged_softmax--small,4,speedup,complete,0,0,0.9395141200151463,0.9395141200151463,True,17.31775999069214,1.0589263588659523,0.025915001308029373,[],null,triton/experiments/results/search-v2/tau-profiles/speedup/experiment-4/matrix/jagged_softmax--small/report.json
matrix,jagged_sum--large,4,speedup,incomplete,0,,,,,0,,,null,"{""category"": ""preflight_incomplete"", ""message"": ""Preflight did not finish; inspect the recorded scheduler job/log before retrying""}",triton/experiments/results/search-v2/tau-profiles/speedup/experiment-4/matrix/jagged_sum--large/report.json
matrix,jagged_sum--small,4,speedup,complete,0,0,0.9392146315223239,0.9392146315223239,True,5.698559880256653,1.0000735597323824,0.0006736849237407583,[],null,triton/experiments/results/search-v2/tau-profiles/speedup/experiment-4/matrix/jagged_sum--small/report.json
matrix,layer_norm--large,4,speedup,complete,0,0,1.0,1.0,True,96.31551742553711,0.998637435779707,0.005310637609977187,[],null,triton/experiments/results/search-v2/tau-profiles/speedup/experiment-4/matrix/layer_norm--large/report.json
matrix,layer_norm--small,4,speedup,complete,0,0,0.0,0.0,True,6.652799844741821,0.9991350073854417,0.0011553205857701698,[],null,triton/experiments/results/search-v2/tau-profiles/speedup/experiment-4/matrix/layer_norm--small/report.json
matrix,low_mem_dropout--large,4,speedup,complete,0,0,0.0,0.0,True,198.39679718017578,1.0000752498521601,0.0005127975470287094,[],null,triton/experiments/results/search-v2/tau-profiles/speedup/experiment-4/matrix/low_mem_dropout--large/report.json
matrix,low_mem_dropout--small,4,speedup,complete,0,0,0.0,0.0,True,1.5532800555229187,0.9998750074255983,0.0020558410624430534,[],null,triton/experiments/results/search-v2/tau-profiles/speedup/experiment-4/matrix/low_mem_dropout--small/report.json
matrix,softmax--large,4,speedup,complete,0,0,1.0,1.0,True,90.64512252807617,0.997813509646599,0.00010596034852228264,[],null,triton/experiments/results/search-v2/tau-profiles/speedup/experiment-4/matrix/softmax--large/report.json
matrix,softmax--small,4,speedup,complete,0,0,0.0,0.0,True,4.36928004026413,0.9999023108627965,0.0007329626290764057,[],null,triton/experiments/results/search-v2/tau-profiles/speedup/experiment-4/matrix/softmax--small/report.json
matrix,sum--large,4,speedup,failed,0,,,,,0,,,null,"{""category"": ""search"", ""message"": ""FileNotFoundError: [Errno 2] No such file or directory: '/usr/WS1/dnicho/record-replay/relay/triton/experiments/results/search-v2/shared/matrix/sum--large/capture.json'""}",triton/experiments/results/search-v2/tau-profiles/speedup/experiment-4/matrix/sum--large/report.json
matrix,sum--small,4,speedup,complete,0,0,6.9750000000000005,6.9750000000000005,True,10.565119981765747,0.9997779646400462,0.0003633026637157588,[],null,triton/experiments/results/search-v2/tau-profiles/speedup/experiment-4/matrix/sum--small/report.json
matrix,template_attention--default,4,speedup,incomplete,0,,,,,0,,,null,"{""category"": ""preflight_incomplete"", ""message"": ""Preflight did not finish; inspect the recorded scheduler job/log before retrying""}",triton/experiments/results/search-v2/tau-profiles/speedup/experiment-4/matrix/template_attention--default/report.json
matrix,vector_add--large,4,speedup,complete,0,0,1.0,1.0,True,261.2396812438965,1.0004207457687704,0.000801706117130152,[],null,triton/experiments/results/search-v2/tau-profiles/speedup/experiment-4/matrix/vector_add--large/report.json
matrix,vector_add--small,4,speedup,complete,0,0,1.0,1.0,True,1.5347200632095337,0.9983334968592685,0.00250733202456499,[],null,triton/experiments/results/search-v2/tau-profiles/speedup/experiment-4/matrix/vector_add--small/report.json
matrix,vector_exp--large,4,speedup,complete,0,0,1.0,1.0,True,177.6473617553711,0.998359899754698,0.0009287480341338972,[],null,triton/experiments/results/search-v2/tau-profiles/speedup/experiment-4/matrix/vector_exp--large/report.json
matrix,vector_exp--small,4,speedup,complete,0,0,1.0,1.0,True,1.4880000054836273,1.0009948133507252,0.010561972688287846,[],null,triton/experiments/results/search-v2/tau-profiles/speedup/experiment-4/matrix/vector_exp--small/report.json
tuolumne,bf16xint16_gemm--output,4,speedup,prepared,0,,2.3333333333333335,2.3333333333333335,,0,,,null,null,triton/experiments/results/search-v2/tau-profiles/speedup/experiment-4/tuolumne/bf16xint16_gemm--output/report.json
tuolumne,bf16xint16_gemm--projection,4,speedup,running,0,,,,,0,,,null,null,triton/experiments/results/search-v2/tau-profiles/speedup/experiment-4/tuolumne/bf16xint16_gemm--projection/report.json
tuolumne,fp8_gemm--large,4,speedup,running,0,,,,,0,,,null,null,triton/experiments/results/search-v2/tau-profiles/speedup/experiment-4/tuolumne/fp8_gemm--large/report.json
tuolumne,fp8_gemm--small,4,speedup,validated,0,0,5.0,5.0,True,0,,,[],null,triton/experiments/results/search-v2/tau-profiles/speedup/experiment-4/tuolumne/fp8_gemm--small/report.json
tuolumne,gather_gemv--large,4,speedup,prepared,0,,11.590944574551132,11.590944574551132,,0,,,null,null,triton/experiments/results/search-v2/tau-profiles/speedup/experiment-4/tuolumne/gather_gemv--large/report.json
tuolumne,gather_gemv--small,4,speedup,validated,0,0,9.570093457943925,9.570093457943925,True,0,,,[],null,triton/experiments/results/search-v2/tau-profiles/speedup/experiment-4/tuolumne/gather_gemv--small/report.json
tuolumne,gemm--asymmetric,4,speedup,prepared,0,,3.0,3.0,,0,,,null,null,triton/experiments/results/search-v2/tau-profiles/speedup/experiment-4/tuolumne/gemm--asymmetric/report.json
tuolumne,gemm--square,4,speedup,validated,0,0,3.0,3.0,True,0,,,[],null,triton/experiments/results/search-v2/tau-profiles/speedup/experiment-4/tuolumne/gemm--square/report.json
tuolumne,int4_gemm--decode,4,speedup,validated,0,0,2.6666666666666665,2.6666666666666665,True,0,,,[],null,triton/experiments/results/search-v2/tau-profiles/speedup/experiment-4/tuolumne/int4_gemm--decode/report.json
tuolumne,int4_gemm--prefill,4,speedup,running,0,,,,,0,,,null,null,triton/experiments/results/search-v2/tau-profiles/speedup/experiment-4/tuolumne/int4_gemm--prefill/report.json
tuolumne,jagged_mean--large,4,speedup,prepared,0,,2.9108098516573215,2.9108098516573215,,0,,,null,null,triton/experiments/results/search-v2/tau-profiles/speedup/experiment-4/tuolumne/jagged_mean--large/report.json
tuolumne,jagged_mean--small,4,speedup,validated,0,0,2.8376068376068377,2.8376068376068377,True,0,,,[],null,triton/experiments/results/search-v2/tau-profiles/speedup/experiment-4/tuolumne/jagged_mean--small/report.json
tuolumne,jagged_softmax--large,4,speedup,running,0,,,,,0,,,null,null,triton/experiments/results/search-v2/tau-profiles/speedup/experiment-4/tuolumne/jagged_softmax--large/report.json
tuolumne,jagged_softmax--small,4,speedup,validated,0,0,2.8385116686928273,2.8385116686928273,True,0,,,[],null,triton/experiments/results/search-v2/tau-profiles/speedup/experiment-4/tuolumne/jagged_softmax--small/report.json
tuolumne,jagged_sum--large,4,speedup,prepared,0,,2.9108098516573215,2.9108098516573215,,0,,,null,null,triton/experiments/results/search-v2/tau-profiles/speedup/experiment-4/tuolumne/jagged_sum--large/report.json
tuolumne,jagged_sum--small,4,speedup,validated,0,0,2.8376068376068377,2.8376068376068377,True,0,,,[],null,triton/experiments/results/search-v2/tau-profiles/speedup/experiment-4/tuolumne/jagged_sum--small/report.json
tuolumne,layer_norm--large,4,speedup,prepared,0,,3.0,3.0,,0,,,null,null,triton/experiments/results/search-v2/tau-profiles/speedup/experiment-4/tuolumne/layer_norm--large/report.json
tuolumne,layer_norm--small,4,speedup,validated,0,0,0.0,0.0,True,0,,,[],null,triton/experiments/results/search-v2/tau-profiles/speedup/experiment-4/tuolumne/layer_norm--small/report.json
tuolumne,low_mem_dropout--large,4,speedup,validated,0,0,0.0,0.0,True,0,,,[],null,triton/experiments/results/search-v2/tau-profiles/speedup/experiment-4/tuolumne/low_mem_dropout--large/report.json
tuolumne,low_mem_dropout--small,4,speedup,validated,0,0,0.0,0.0,True,0,,,[],null,triton/experiments/results/search-v2/tau-profiles/speedup/experiment-4/tuolumne/low_mem_dropout--small/report.json
tuolumne,softmax--large,4,speedup,validated,0,0,2.0,2.0,True,0,,,[],null,triton/experiments/results/search-v2/tau-profiles/speedup/experiment-4/tuolumne/softmax--large/report.json
tuolumne,softmax--small,4,speedup,validated,0,0,0.0,0.0,True,0,,,[],null,triton/experiments/results/search-v2/tau-profiles/speedup/experiment-4/tuolumne/softmax--small/report.json
tuolumne,sum--large,4,speedup,failed,0,,,,,0,,,null,"{""category"": ""search"", ""message"": ""FileNotFoundError: [Errno 2] No such file or directory: '/usr/WS1/dnicho/record-replay/relay/triton/experiments/results/search-v2/shared/tuolumne/sum--large/capture.json'""}",triton/experiments/results/search-v2/tau-profiles/speedup/experiment-4/tuolumne/sum--large/report.json
tuolumne,sum--small,4,speedup,validated,0,0,15.0,15.0,True,0,,,[],null,triton/experiments/results/search-v2/tau-profiles/speedup/experiment-4/tuolumne/sum--small/report.json
tuolumne,template_attention--default,4,speedup,running,0,,,,,0,,,null,null,triton/experiments/results/search-v2/tau-profiles/speedup/experiment-4/tuolumne/template_attention--default/report.json
tuolumne,vector_add--large,4,speedup,validated,0,0,0.0,0.0,True,0,,,[],null,triton/experiments/results/search-v2/tau-profiles/speedup/experiment-4/tuolumne/vector_add--large/report.json
tuolumne,vector_add--small,4,speedup,validated,0,0,0.0,0.0,True,0,,,[],null,triton/experiments/results/search-v2/tau-profiles/speedup/experiment-4/tuolumne/vector_add--small/report.json
tuolumne,vector_exp--large,4,speedup,validated,0,0,0.0,0.0,True,0,,,[],null,triton/experiments/results/search-v2/tau-profiles/speedup/experiment-4/tuolumne/vector_exp--large/report.json
tuolumne,vector_exp--small,4,speedup,validated,0,0,0.0,0.0,True,0,,,[],null,triton/experiments/results/search-v2/tau-profiles/speedup/experiment-4/tuolumne/vector_exp--small/report.json
matrix,bf16xint16_gemm--output,5,speedup,complete,0,0,1.0,1.0,True,207.59872436523438,1.0000104205511076,0.0017634059230335897,[],null,triton/experiments/results/search-v2/tau-profiles/speedup/experiment-5/matrix/bf16xint16_gemm--output/report.json
matrix,bf16xint16_gemm--projection,5,speedup,incomplete,0,,,,,0,,,null,"{""category"": ""preflight_incomplete"", ""message"": ""Preflight did not finish; inspect the recorded scheduler job/log before retrying""}",triton/experiments/results/search-v2/tau-profiles/speedup/experiment-5/matrix/bf16xint16_gemm--projection/report.json
matrix,fp8_gemm--large,5,speedup,failed,0,,,,,0,,,null,"{""category"": ""search"", ""message"": ""FileNotFoundError: [Errno 2] No such file or directory: '/usr/WS1/dnicho/record-replay/relay/triton/experiments/results/search-v2/shared/matrix/fp8_gemm--large/capture.json'""}",triton/experiments/results/search-v2/tau-profiles/speedup/experiment-5/matrix/fp8_gemm--large/report.json
matrix,fp8_gemm--small,5,speedup,complete,0,0,1.0,1.0,True,14.241280555725098,0.9992646940433029,0.0011746933733879361,[],null,triton/experiments/results/search-v2/tau-profiles/speedup/experiment-5/matrix/fp8_gemm--small/report.json
matrix,gather_gemv--large,5,speedup,complete,0,0,1.666124308493329,1.666124308493329,True,56.494078636169434,1.0000377329490722,9.053147884130475e-05,[],null,triton/experiments/results/search-v2/tau-profiles/speedup/experiment-5/matrix/gather_gemv--large/report.json
matrix,gather_gemv--small,5,speedup,complete,0,0,1.9937694704049844,1.9937694704049844,True,5.742719769477844,0.9999256071478813,0.00022381348362088271,[],null,triton/experiments/results/search-v2/tau-profiles/speedup/experiment-5/matrix/gather_gemv--small/report.json
matrix,gemm--asymmetric,5,speedup,complete,0,0,1.0,1.0,True,39.30943965911865,0.9988155892216911,0.010168904200209106,[],null,triton/experiments/results/search-v2/tau-profiles/speedup/experiment-5/matrix/gemm--asymmetric/report.json
matrix,gemm--square,5,speedup,complete,0,0,1.0,1.0,True,27.511680126190186,1.001753691995148,0.010836830493333394,[],null,triton/experiments/results/search-v2/tau-profiles/speedup/experiment-5/matrix/gemm--square/report.json
matrix,int4_gemm--decode,5,speedup,complete,0,0,0.6666666666666666,0.6666666666666666,True,76.71679973602295,1.0001251625240815,0.000567615316645842,[],null,triton/experiments/results/search-v2/tau-profiles/speedup/experiment-5/matrix/int4_gemm--decode/report.json
matrix,int4_gemm--prefill,5,speedup,complete,0,0,10.283333333333335,10.283333333333335,True,889.8220825195312,1.000003247730775,0.0005886988691181649,[],null,triton/experiments/results/search-v2/tau-profiles/speedup/experiment-5/matrix/int4_gemm--prefill/report.json
matrix,jagged_mean--large,5,speedup,incomplete,0,,,,,0,,,null,"{""category"": ""preflight_incomplete"", ""message"": ""Preflight did not finish; inspect the recorded scheduler job/log before retrying""}",triton/experiments/results/search-v2/tau-profiles/speedup/experiment-5/matrix/jagged_mean--large/report.json
matrix,jagged_mean--small,5,speedup,complete,0,0,0.9392146315223239,0.9392146315223239,True,5.150079727172852,0.9995432903129664,0.0007456830702281536,[],null,triton/experiments/results/search-v2/tau-profiles/speedup/experiment-5/matrix/jagged_mean--small/report.json
matrix,jagged_softmax--large,5,speedup,complete,0,0,0.8848094979069603,0.8848094979069603,True,97.97823905944824,1.0006863657075473,0.0016358060771297644,[],null,triton/experiments/results/search-v2/tau-profiles/speedup/experiment-5/matrix/jagged_softmax--large/report.json
matrix,jagged_softmax--small,5,speedup,complete,0,0,0.9395141200151463,0.9395141200151463,True,17.226239442825317,1.058122709111557,0.025166522881671094,[],null,triton/experiments/results/search-v2/tau-profiles/speedup/experiment-5/matrix/jagged_softmax--small/report.json
matrix,jagged_sum--large,5,speedup,incomplete,0,,,,,0,,,null,"{""category"": ""preflight_incomplete"", ""message"": ""Preflight did not finish; inspect the recorded scheduler job/log before retrying""}",triton/experiments/results/search-v2/tau-profiles/speedup/experiment-5/matrix/jagged_sum--large/report.json
matrix,jagged_sum--small,5,speedup,complete,0,0,0.9392146315223239,0.9392146315223239,True,5.727999806404114,0.9994417069752871,0.00022359236738100918,[],null,triton/experiments/results/search-v2/tau-profiles/speedup/experiment-5/matrix/jagged_sum--small/report.json
matrix,layer_norm--large,5,speedup,complete,0,0,1.0,1.0,True,96.11007690429688,0.9984111575823799,0.005320411408184178,[],null,triton/experiments/results/search-v2/tau-profiles/speedup/experiment-5/matrix/layer_norm--large/report.json
matrix,layer_norm--small,5,speedup,complete,0,0,0.0,0.0,True,6.658560037612915,0.9995198099649782,0.0012517477431457369,[],null,triton/experiments/results/search-v2/tau-profiles/speedup/experiment-5/matrix/layer_norm--small/report.json
matrix,low_mem_dropout--large,5,speedup,complete,0,0,0.0,0.0,True,198.37247848510742,0.999944072851707,0.0004998802920778145,[],null,triton/experiments/results/search-v2/tau-profiles/speedup/experiment-5/matrix/low_mem_dropout--large/report.json
matrix,low_mem_dropout--small,5,speedup,complete,0,0,0.0,0.0,True,1.555200070142746,1.0011016290223598,0.003269334244230593,[],null,triton/experiments/results/search-v2/tau-profiles/speedup/experiment-5/matrix/low_mem_dropout--small/report.json
matrix,softmax--large,5,speedup,complete,0,0,1.0,1.0,True,90.6169605255127,0.9979417608828252,0.0007059270094618153,[],null,triton/experiments/results/search-v2/tau-profiles/speedup/experiment-5/matrix/softmax--large/report.json
matrix,softmax--small,5,speedup,complete,0,0,0.0,0.0,True,4.366720020771027,1.00014678334085,0.0004399202012201897,[],null,triton/experiments/results/search-v2/tau-profiles/speedup/experiment-5/matrix/softmax--small/report.json
matrix,sum--large,5,speedup,failed,0,,,,,0,,,null,"{""category"": ""search"", ""message"": ""FileNotFoundError: [Errno 2] No such file or directory: '/usr/WS1/dnicho/record-replay/relay/triton/experiments/results/search-v2/shared/matrix/sum--large/capture.json'""}",triton/experiments/results/search-v2/tau-profiles/speedup/experiment-5/matrix/sum--large/report.json
matrix,sum--small,5,speedup,complete,0,0,6.9750000000000005,6.9750000000000005,True,10.574079751968384,0.9999192830839486,0.0003632366608072868,[],null,triton/experiments/results/search-v2/tau-profiles/speedup/experiment-5/matrix/sum--small/report.json
matrix,template_attention--default,5,speedup,incomplete,0,,,,,0,,,null,"{""category"": ""preflight_incomplete"", ""message"": ""Preflight did not finish; inspect the recorded scheduler job/log before retrying""}",triton/experiments/results/search-v2/tau-profiles/speedup/experiment-5/matrix/template_attention--default/report.json
matrix,vector_add--large,5,speedup,complete,0,0,1.0,1.0,True,261.22751235961914,1.0003635470864143,0.0007379507079614545,[],null,triton/experiments/results/search-v2/tau-profiles/speedup/experiment-5/matrix/vector_add--large/report.json
matrix,vector_add--small,5,speedup,complete,0,0,1.0,1.0,True,1.5283200144767761,0.9961099274938613,0.0033389234712131177,[],null,triton/experiments/results/search-v2/tau-profiles/speedup/experiment-5/matrix/vector_add--small/report.json
matrix,vector_exp--large,5,speedup,complete,0,0,1.0,1.0,True,177.62432098388672,0.9982819304202514,0.0008352011086800726,[],null,triton/experiments/results/search-v2/tau-profiles/speedup/experiment-5/matrix/vector_exp--large/report.json
matrix,vector_exp--small,5,speedup,complete,0,0,1.0,1.0,True,1.4822399616241455,0.9968466262634572,0.005581837170706705,[],null,triton/experiments/results/search-v2/tau-profiles/speedup/experiment-5/matrix/vector_exp--small/report.json
tuolumne,bf16xint16_gemm--output,5,speedup,prepared,0,,2.3333333333333335,2.3333333333333335,,0,,,null,null,triton/experiments/results/search-v2/tau-profiles/speedup/experiment-5/tuolumne/bf16xint16_gemm--output/report.json
tuolumne,bf16xint16_gemm--projection,5,speedup,running,0,,,,,0,,,null,null,triton/experiments/results/search-v2/tau-profiles/speedup/experiment-5/tuolumne/bf16xint16_gemm--projection/report.json
tuolumne,fp8_gemm--large,5,speedup,running,0,,,,,0,,,null,null,triton/experiments/results/search-v2/tau-profiles/speedup/experiment-5/tuolumne/fp8_gemm--large/report.json
tuolumne,fp8_gemm--small,5,speedup,validated,0,0,5.0,5.0,True,0,,,[],null,triton/experiments/results/search-v2/tau-profiles/speedup/experiment-5/tuolumne/fp8_gemm--small/report.json
tuolumne,gather_gemv--large,5,speedup,prepared,0,,11.590944574551132,11.590944574551132,,0,,,null,null,triton/experiments/results/search-v2/tau-profiles/speedup/experiment-5/tuolumne/gather_gemv--large/report.json
tuolumne,gather_gemv--small,5,speedup,validated,0,0,9.570093457943925,9.570093457943925,True,0,,,[],null,triton/experiments/results/search-v2/tau-profiles/speedup/experiment-5/tuolumne/gather_gemv--small/report.json
tuolumne,gemm--asymmetric,5,speedup,prepared,0,,3.0,3.0,,0,,,null,null,triton/experiments/results/search-v2/tau-profiles/speedup/experiment-5/tuolumne/gemm--asymmetric/report.json
tuolumne,gemm--square,5,speedup,validated,0,0,3.0,3.0,True,0,,,[],null,triton/experiments/results/search-v2/tau-profiles/speedup/experiment-5/tuolumne/gemm--square/report.json
tuolumne,int4_gemm--decode,5,speedup,validated,0,0,2.6666666666666665,2.6666666666666665,True,0,,,[],null,triton/experiments/results/search-v2/tau-profiles/speedup/experiment-5/tuolumne/int4_gemm--decode/report.json
tuolumne,int4_gemm--prefill,5,speedup,running,0,,,,,0,,,null,null,triton/experiments/results/search-v2/tau-profiles/speedup/experiment-5/tuolumne/int4_gemm--prefill/report.json
tuolumne,jagged_mean--large,5,speedup,prepared,0,,2.9108098516573215,2.9108098516573215,,0,,,null,null,triton/experiments/results/search-v2/tau-profiles/speedup/experiment-5/tuolumne/jagged_mean--large/report.json
tuolumne,jagged_mean--small,5,speedup,validated,0,0,2.8376068376068377,2.8376068376068377,True,0,,,[],null,triton/experiments/results/search-v2/tau-profiles/speedup/experiment-5/tuolumne/jagged_mean--small/report.json
tuolumne,jagged_softmax--large,5,speedup,running,0,,,,,0,,,null,null,triton/experiments/results/search-v2/tau-profiles/speedup/experiment-5/tuolumne/jagged_softmax--large/report.json
tuolumne,jagged_softmax--small,5,speedup,validated,0,0,2.8385116686928273,2.8385116686928273,True,0,,,[],null,triton/experiments/results/search-v2/tau-profiles/speedup/experiment-5/tuolumne/jagged_softmax--small/report.json
tuolumne,jagged_sum--large,5,speedup,prepared,0,,2.9108098516573215,2.9108098516573215,,0,,,null,null,triton/experiments/results/search-v2/tau-profiles/speedup/experiment-5/tuolumne/jagged_sum--large/report.json
tuolumne,jagged_sum--small,5,speedup,validated,0,0,2.8376068376068377,2.8376068376068377,True,0,,,[],null,triton/experiments/results/search-v2/tau-profiles/speedup/experiment-5/tuolumne/jagged_sum--small/report.json
tuolumne,layer_norm--large,5,speedup,prepared,0,,3.0,3.0,,0,,,null,null,triton/experiments/results/search-v2/tau-profiles/speedup/experiment-5/tuolumne/layer_norm--large/report.json
tuolumne,layer_norm--small,5,speedup,validated,0,0,0.0,0.0,True,0,,,[],null,triton/experiments/results/search-v2/tau-profiles/speedup/experiment-5/tuolumne/layer_norm--small/report.json
tuolumne,low_mem_dropout--large,5,speedup,validated,0,0,0.0,0.0,True,0,,,[],null,triton/experiments/results/search-v2/tau-profiles/speedup/experiment-5/tuolumne/low_mem_dropout--large/report.json
tuolumne,low_mem_dropout--small,5,speedup,validated,0,0,0.0,0.0,True,0,,,[],null,triton/experiments/results/search-v2/tau-profiles/speedup/experiment-5/tuolumne/low_mem_dropout--small/report.json
tuolumne,softmax--large,5,speedup,validated,0,0,2.0,2.0,True,0,,,[],null,triton/experiments/results/search-v2/tau-profiles/speedup/experiment-5/tuolumne/softmax--large/report.json
tuolumne,softmax--small,5,speedup,validated,0,0,0.0,0.0,True,0,,,[],null,triton/experiments/results/search-v2/tau-profiles/speedup/experiment-5/tuolumne/softmax--small/report.json
tuolumne,sum--large,5,speedup,failed,0,,,,,0,,,null,"{""category"": ""search"", ""message"": ""FileNotFoundError: [Errno 2] No such file or directory: '/usr/WS1/dnicho/record-replay/relay/triton/experiments/results/search-v2/shared/tuolumne/sum--large/capture.json'""}",triton/experiments/results/search-v2/tau-profiles/speedup/experiment-5/tuolumne/sum--large/report.json
tuolumne,sum--small,5,speedup,validated,0,0,15.0,15.0,True,0,,,[],null,triton/experiments/results/search-v2/tau-profiles/speedup/experiment-5/tuolumne/sum--small/report.json
tuolumne,template_attention--default,5,speedup,running,0,,,,,0,,,null,null,triton/experiments/results/search-v2/tau-profiles/speedup/experiment-5/tuolumne/template_attention--default/report.json
tuolumne,vector_add--large,5,speedup,validated,0,0,0.0,0.0,True,0,,,[],null,triton/experiments/results/search-v2/tau-profiles/speedup/experiment-5/tuolumne/vector_add--large/report.json
tuolumne,vector_add--small,5,speedup,validated,0,0,0.0,0.0,True,0,,,[],null,triton/experiments/results/search-v2/tau-profiles/speedup/experiment-5/tuolumne/vector_add--small/report.json
tuolumne,vector_exp--large,5,speedup,validated,0,0,0.0,0.0,True,0,,,[],null,triton/experiments/results/search-v2/tau-profiles/speedup/experiment-5/tuolumne/vector_exp--large/report.json
tuolumne,vector_exp--small,5,speedup,validated,0,0,0.0,0.0,True,0,,,[],null,triton/experiments/results/search-v2/tau-profiles/speedup/experiment-5/tuolumne/vector_exp--small/report.json
matrix,bf16xint16_gemm--output,6,speedup,complete,0,0,1.0,1.0,True,207.27039337158203,1.0001355391144748,0.0008872766565894974,[],null,triton/experiments/results/search-v2/tau-profiles/speedup/experiment-6/matrix/bf16xint16_gemm--output/report.json
matrix,bf16xint16_gemm--projection,6,speedup,incomplete,0,,,,,0,,,null,"{""category"": ""preflight_incomplete"", ""message"": ""Preflight did not finish; inspect the recorded scheduler job/log before retrying""}",triton/experiments/results/search-v2/tau-profiles/speedup/experiment-6/matrix/bf16xint16_gemm--projection/report.json
matrix,fp8_gemm--large,6,speedup,failed,0,,,,,0,,,null,"{""category"": ""search"", ""message"": ""FileNotFoundError: [Errno 2] No such file or directory: '/usr/WS1/dnicho/record-replay/relay/triton/experiments/results/search-v2/shared/matrix/fp8_gemm--large/capture.json'""}",triton/experiments/results/search-v2/tau-profiles/speedup/experiment-6/matrix/fp8_gemm--large/report.json
matrix,fp8_gemm--small,6,speedup,complete,0,0,1.0,1.0,True,14.129279851913452,1.0000159529099466,0.0011283816139202596,[],null,triton/experiments/results/search-v2/tau-profiles/speedup/experiment-6/matrix/fp8_gemm--small/report.json
matrix,gather_gemv--large,6,speedup,complete,0,0,1.666124308493329,1.666124308493329,True,56.4851188659668,1.0000037787583504,0.00020383886976071963,[],null,triton/experiments/results/search-v2/tau-profiles/speedup/experiment-6/matrix/gather_gemv--large/report.json
matrix,gather_gemv--small,6,speedup,complete,0,0,1.9937694704049844,1.9937694704049844,True,5.758079886436462,0.9992599645653623,0.0015537200810956664,[],null,triton/experiments/results/search-v2/tau-profiles/speedup/experiment-6/matrix/gather_gemv--small/report.json
matrix,gemm--asymmetric,6,speedup,complete,0,0,1.0,1.0,True,39.192960262298584,1.0018339034593235,0.008644521492892632,[],null,triton/experiments/results/search-v2/tau-profiles/speedup/experiment-6/matrix/gemm--asymmetric/report.json
matrix,gemm--square,6,speedup,complete,0,0,1.0,1.0,True,26.871039867401123,0.9887720276938379,0.06001637891871292,[],null,triton/experiments/results/search-v2/tau-profiles/speedup/experiment-6/matrix/gemm--square/report.json
matrix,int4_gemm--decode,6,speedup,complete,0,0,0.6666666666666666,0.6666666666666666,True,76.69760227203369,1.0000334176631613,0.0003251212169794737,[],null,triton/experiments/results/search-v2/tau-profiles/speedup/experiment-6/matrix/int4_gemm--decode/report.json
matrix,int4_gemm--prefill,6,speedup,complete,0,0,10.283333333333335,10.283333333333335,True,890.1670074462891,1.000135392877607,0.0006012198083795717,[],null,triton/experiments/results/search-v2/tau-profiles/speedup/experiment-6/matrix/int4_gemm--prefill/report.json
matrix,jagged_mean--large,6,speedup,incomplete,0,,,,,0,,,null,"{""category"": ""preflight_incomplete"", ""message"": ""Preflight did not finish; inspect the recorded scheduler job/log before retrying""}",triton/experiments/results/search-v2/tau-profiles/speedup/experiment-6/matrix/jagged_mean--large/report.json
matrix,jagged_mean--small,6,speedup,complete,0,0,0.9392146315223239,0.9392146315223239,True,5.1366400718688965,0.9998754367938733,0.00037396827931890364,[],null,triton/experiments/results/search-v2/tau-profiles/speedup/experiment-6/matrix/jagged_mean--small/report.json
matrix,jagged_softmax--large,6,speedup,complete,0,0,0.8848094979069603,0.8848094979069603,True,98.08896064758301,1.000463546175345,0.0014505658209575945,[],null,triton/experiments/results/search-v2/tau-profiles/speedup/experiment-6/matrix/jagged_softmax--large/report.json
matrix,jagged_softmax--small,6,speedup,complete,0,0,0.9395141200151463,0.9395141200151463,True,17.32159972190857,1.0592546432303063,0.026015807126255952,[],null,triton/experiments/results/search-v2/tau-profiles/speedup/experiment-6/matrix/jagged_softmax--small/report.json
matrix,jagged_sum--large,6,speedup,incomplete,0,,,,,0,,,null,"{""category"": ""preflight_incomplete"", ""message"": ""Preflight did not finish; inspect the recorded scheduler job/log before retrying""}",triton/experiments/results/search-v2/tau-profiles/speedup/experiment-6/matrix/jagged_sum--large/report.json
matrix,jagged_sum--small,6,speedup,complete,0,0,0.9392146315223239,0.9392146315223239,True,5.679360032081604,0.999813379732317,0.0006766476838444557,[],null,triton/experiments/results/search-v2/tau-profiles/speedup/experiment-6/matrix/jagged_sum--small/report.json
matrix,layer_norm--large,6,speedup,complete,0,0,1.0,1.0,True,96.30335807800293,0.9984627872814144,0.005237455958005732,[],null,triton/experiments/results/search-v2/tau-profiles/speedup/experiment-6/matrix/layer_norm--large/report.json
matrix,layer_norm--small,6,speedup,complete,0,0,0.0,0.0,True,6.652160286903381,0.9991668642380326,0.0010594994322636886,[],null,triton/experiments/results/search-v2/tau-profiles/speedup/experiment-6/matrix/layer_norm--small/report.json
matrix,low_mem_dropout--large,6,speedup,complete,0,0,0.0,0.0,True,198.40448379516602,1.0001979168407211,0.0004320305281073633,[],null,triton/experiments/results/search-v2/tau-profiles/speedup/experiment-6/matrix/low_mem_dropout--large/report.json
matrix,low_mem_dropout--small,6,speedup,complete,0,0,0.0,0.0,True,1.5494400262832642,0.9968543598510251,0.016707448398222025,[],null,triton/experiments/results/search-v2/tau-profiles/speedup/experiment-6/matrix/low_mem_dropout--small/report.json
matrix,softmax--large,6,speedup,complete,0,0,1.0,1.0,True,90.59647560119629,0.997880591414303,0.0004307740158882023,[],null,triton/experiments/results/search-v2/tau-profiles/speedup/experiment-6/matrix/softmax--large/report.json
matrix,softmax--small,6,speedup,complete,0,0,0.0,0.0,True,4.368639886379242,0.9998535603385821,0.001026517153359885,[],null,triton/experiments/results/search-v2/tau-profiles/speedup/experiment-6/matrix/softmax--small/report.json
matrix,sum--large,6,speedup,failed,0,,,,,0,,,null,"{""category"": ""search"", ""message"": ""FileNotFoundError: [Errno 2] No such file or directory: '/usr/WS1/dnicho/record-replay/relay/triton/experiments/results/search-v2/shared/matrix/sum--large/capture.json'""}",triton/experiments/results/search-v2/tau-profiles/speedup/experiment-6/matrix/sum--large/report.json
matrix,sum--small,6,speedup,complete,0,0,6.9750000000000005,6.9750000000000005,True,10.568959712982178,0.9998587019242385,0.00024222283620933815,[],null,triton/experiments/results/search-v2/tau-profiles/speedup/experiment-6/matrix/sum--small/report.json
matrix,template_attention--default,6,speedup,incomplete,0,,,,,0,,,null,"{""category"": ""preflight_incomplete"", ""message"": ""Preflight did not finish; inspect the recorded scheduler job/log before retrying""}",triton/experiments/results/search-v2/tau-profiles/speedup/experiment-6/matrix/template_attention--default/report.json
matrix,vector_add--large,6,speedup,complete,0,0,1.0,1.0,True,261.23008728027344,1.0003365597654146,0.0006349686924851383,[],null,triton/experiments/results/search-v2/tau-profiles/speedup/experiment-6/matrix/vector_add--large/report.json
matrix,vector_add--small,6,speedup,complete,0,0,1.0,1.0,True,1.5296000242233276,1.0011166841986996,0.0012541901241263087,[],null,triton/experiments/results/search-v2/tau-profiles/speedup/experiment-6/matrix/vector_add--small/report.json
matrix,vector_exp--large,6,speedup,complete,0,0,1.0,1.0,True,177.63647079467773,0.99824244250419,0.0008855606514096559,[],null,triton/experiments/results/search-v2/tau-profiles/speedup/experiment-6/matrix/vector_exp--large/report.json
matrix,vector_exp--small,6,speedup,complete,0,0,1.0,1.0,True,1.480959951877594,0.9975544219695514,0.007314929693961969,[],null,triton/experiments/results/search-v2/tau-profiles/speedup/experiment-6/matrix/vector_exp--small/report.json
tuolumne,bf16xint16_gemm--output,6,speedup,prepared,0,,2.3333333333333335,2.3333333333333335,,0,,,null,null,triton/experiments/results/search-v2/tau-profiles/speedup/experiment-6/tuolumne/bf16xint16_gemm--output/report.json
tuolumne,bf16xint16_gemm--projection,6,speedup,running,0,,,,,0,,,null,null,triton/experiments/results/search-v2/tau-profiles/speedup/experiment-6/tuolumne/bf16xint16_gemm--projection/report.json
tuolumne,fp8_gemm--large,6,speedup,running,0,,,,,0,,,null,null,triton/experiments/results/search-v2/tau-profiles/speedup/experiment-6/tuolumne/fp8_gemm--large/report.json
tuolumne,fp8_gemm--small,6,speedup,validated,0,0,5.0,5.0,True,0,,,[],null,triton/experiments/results/search-v2/tau-profiles/speedup/experiment-6/tuolumne/fp8_gemm--small/report.json
tuolumne,gather_gemv--large,6,speedup,prepared,0,,11.590944574551132,11.590944574551132,,0,,,null,null,triton/experiments/results/search-v2/tau-profiles/speedup/experiment-6/tuolumne/gather_gemv--large/report.json
tuolumne,gather_gemv--small,6,speedup,validated,0,0,9.570093457943925,9.570093457943925,True,0,,,[],null,triton/experiments/results/search-v2/tau-profiles/speedup/experiment-6/tuolumne/gather_gemv--small/report.json
tuolumne,gemm--asymmetric,6,speedup,prepared,0,,3.0,3.0,,0,,,null,null,triton/experiments/results/search-v2/tau-profiles/speedup/experiment-6/tuolumne/gemm--asymmetric/report.json
tuolumne,gemm--square,6,speedup,validated,0,0,3.0,3.0,True,0,,,[],null,triton/experiments/results/search-v2/tau-profiles/speedup/experiment-6/tuolumne/gemm--square/report.json
tuolumne,int4_gemm--decode,6,speedup,validated,0,0,2.6666666666666665,2.6666666666666665,True,0,,,[],null,triton/experiments/results/search-v2/tau-profiles/speedup/experiment-6/tuolumne/int4_gemm--decode/report.json
tuolumne,int4_gemm--prefill,6,speedup,running,0,,,,,0,,,null,null,triton/experiments/results/search-v2/tau-profiles/speedup/experiment-6/tuolumne/int4_gemm--prefill/report.json
tuolumne,jagged_mean--large,6,speedup,prepared,0,,2.9108098516573215,2.9108098516573215,,0,,,null,null,triton/experiments/results/search-v2/tau-profiles/speedup/experiment-6/tuolumne/jagged_mean--large/report.json
tuolumne,jagged_mean--small,6,speedup,validated,0,0,2.8376068376068377,2.8376068376068377,True,0,,,[],null,triton/experiments/results/search-v2/tau-profiles/speedup/experiment-6/tuolumne/jagged_mean--small/report.json
tuolumne,jagged_softmax--large,6,speedup,running,0,,,,,0,,,null,null,triton/experiments/results/search-v2/tau-profiles/speedup/experiment-6/tuolumne/jagged_softmax--large/report.json
tuolumne,jagged_softmax--small,6,speedup,validated,0,0,2.8385116686928273,2.8385116686928273,True,0,,,[],null,triton/experiments/results/search-v2/tau-profiles/speedup/experiment-6/tuolumne/jagged_softmax--small/report.json
tuolumne,jagged_sum--large,6,speedup,prepared,0,,2.9108098516573215,2.9108098516573215,,0,,,null,null,triton/experiments/results/search-v2/tau-profiles/speedup/experiment-6/tuolumne/jagged_sum--large/report.json
tuolumne,jagged_sum--small,6,speedup,validated,0,0,2.8376068376068377,2.8376068376068377,True,0,,,[],null,triton/experiments/results/search-v2/tau-profiles/speedup/experiment-6/tuolumne/jagged_sum--small/report.json
tuolumne,layer_norm--large,6,speedup,prepared,0,,3.0,3.0,,0,,,null,null,triton/experiments/results/search-v2/tau-profiles/speedup/experiment-6/tuolumne/layer_norm--large/report.json
tuolumne,layer_norm--small,6,speedup,validated,0,0,0.0,0.0,True,0,,,[],null,triton/experiments/results/search-v2/tau-profiles/speedup/experiment-6/tuolumne/layer_norm--small/report.json
tuolumne,low_mem_dropout--large,6,speedup,validated,0,0,0.0,0.0,True,0,,,[],null,triton/experiments/results/search-v2/tau-profiles/speedup/experiment-6/tuolumne/low_mem_dropout--large/report.json
tuolumne,low_mem_dropout--small,6,speedup,validated,0,0,0.0,0.0,True,0,,,[],null,triton/experiments/results/search-v2/tau-profiles/speedup/experiment-6/tuolumne/low_mem_dropout--small/report.json
tuolumne,softmax--large,6,speedup,validated,0,0,2.0,2.0,True,0,,,[],null,triton/experiments/results/search-v2/tau-profiles/speedup/experiment-6/tuolumne/softmax--large/report.json
tuolumne,softmax--small,6,speedup,validated,0,0,0.0,0.0,True,0,,,[],null,triton/experiments/results/search-v2/tau-profiles/speedup/experiment-6/tuolumne/softmax--small/report.json
tuolumne,sum--large,6,speedup,failed,0,,,,,0,,,null,"{""category"": ""search"", ""message"": ""FileNotFoundError: [Errno 2] No such file or directory: '/usr/WS1/dnicho/record-replay/relay/triton/experiments/results/search-v2/shared/tuolumne/sum--large/capture.json'""}",triton/experiments/results/search-v2/tau-profiles/speedup/experiment-6/tuolumne/sum--large/report.json
tuolumne,sum--small,6,speedup,validated,0,0,15.0,15.0,True,0,,,[],null,triton/experiments/results/search-v2/tau-profiles/speedup/experiment-6/tuolumne/sum--small/report.json
tuolumne,template_attention--default,6,speedup,running,0,,,,,0,,,null,null,triton/experiments/results/search-v2/tau-profiles/speedup/experiment-6/tuolumne/template_attention--default/report.json
tuolumne,vector_add--large,6,speedup,validated,0,0,0.0,0.0,True,0,,,[],null,triton/experiments/results/search-v2/tau-profiles/speedup/experiment-6/tuolumne/vector_add--large/report.json
tuolumne,vector_add--small,6,speedup,validated,0,0,0.0,0.0,True,0,,,[],null,triton/experiments/results/search-v2/tau-profiles/speedup/experiment-6/tuolumne/vector_add--small/report.json
tuolumne,vector_exp--large,6,speedup,validated,0,0,0.0,0.0,True,0,,,[],null,triton/experiments/results/search-v2/tau-profiles/speedup/experiment-6/tuolumne/vector_exp--large/report.json
tuolumne,vector_exp--small,6,speedup,validated,0,0,0.0,0.0,True,0,,,[],null,triton/experiments/results/search-v2/tau-profiles/speedup/experiment-6/tuolumne/vector_exp--small/report.json
