device,tau,experiment,stratification,kernel,counter,label,native_counter,n,spearman_rho,undefined_reason
H100,expert,1,all,gemv,tex_source_l2_read_requests,Read requests,lts__t_requests_srcunit_tex_op_read.sum,100,0.37495237577677015,
H100,expert,1,all,gemv,l2_read_work,Read sectors,lts__t_sectors_srcunit_tex_op_read.sum,100,-0.7996044328916816,
H100,expert,1,all,gemv,l2_read_misses,Read-sector misses,lts__t_sectors_op_read_lookup_miss.sum,100,-0.05365653769755884,
H100,expert,1,all,gesummv,tex_source_l2_read_requests,Read requests,lts__t_requests_srcunit_tex_op_read.sum,100,0.5080903796315305,
H100,expert,1,all,gesummv,l2_read_work,Read sectors,lts__t_sectors_srcunit_tex_op_read.sum,100,-0.7635186248175894,
H100,expert,1,all,gesummv,l2_read_misses,Read-sector misses,lts__t_sectors_op_read_lookup_miss.sum,100,0.2480164624788792,
H100,expert,1,all,mvt,tex_source_l2_read_requests,Read requests,lts__t_requests_srcunit_tex_op_read.sum,100,0.4928332145367709,
H100,expert,1,all,mvt,l2_read_work,Read sectors,lts__t_sectors_srcunit_tex_op_read.sum,100,0.25382515353398005,
H100,expert,1,all,mvt,l2_read_misses,Read-sector misses,lts__t_sectors_op_read_lookup_miss.sum,100,-0.3715929953507231,
H100,expert,1,all,embedding_bag,tex_source_l2_read_requests,Read requests,lts__t_requests_srcunit_tex_op_read.sum,100,0.9111845455446402,
H100,expert,1,all,embedding_bag,l2_read_work,Read sectors,lts__t_sectors_srcunit_tex_op_read.sum,100,0.9245658333527123,
H100,expert,1,all,embedding_bag,l2_read_misses,Read-sector misses,lts__t_sectors_op_read_lookup_miss.sum,100,0.5845700714999873,
H100,expert,1,all,softmax_bias,tex_source_l2_read_requests,Read requests,lts__t_requests_srcunit_tex_op_read.sum,100,0.8238222587248049,
H100,expert,1,all,softmax_bias,l2_read_work,Read sectors,lts__t_sectors_srcunit_tex_op_read.sum,100,0.947074648575242,
H100,expert,1,all,softmax_bias,l2_read_misses,Read-sector misses,lts__t_sectors_op_read_lookup_miss.sum,100,0.6537783671477786,
H100,expert,1,all,stencil5,tex_source_l2_read_requests,Read requests,lts__t_requests_srcunit_tex_op_read.sum,100,0.9158217283527046,
H100,expert,1,all,stencil5,l2_read_work,Read sectors,lts__t_sectors_srcunit_tex_op_read.sum,100,0.9589691234253064,
H100,expert,1,all,stencil5,l2_read_misses,Read-sector misses,lts__t_sectors_op_read_lookup_miss.sum,100,0.9090088440592285,
H100,expert,1,issue,gemv,tex_source_l2_read_requests,Read requests,lts__t_requests_srcunit_tex_op_read.sum,100,0.5779799993839428,
H100,expert,1,issue,gemv,l2_read_work,Read sectors,lts__t_sectors_srcunit_tex_op_read.sum,100,-0.7784114840098397,
H100,expert,1,issue,gemv,l2_read_misses,Read-sector misses,lts__t_sectors_op_read_lookup_miss.sum,100,0.029228457218123005,
H100,expert,1,issue,gesummv,tex_source_l2_read_requests,Read requests,lts__t_requests_srcunit_tex_op_read.sum,100,0.5507801036179918,
H100,expert,1,issue,gesummv,l2_read_work,Read sectors,lts__t_sectors_srcunit_tex_op_read.sum,100,-0.7732728417814745,
H100,expert,1,issue,gesummv,l2_read_misses,Read-sector misses,lts__t_sectors_op_read_lookup_miss.sum,100,0.06588464121223131,
H100,expert,1,issue,mvt,tex_source_l2_read_requests,Read requests,lts__t_requests_srcunit_tex_op_read.sum,100,0.6416980888538175,
H100,expert,1,issue,mvt,l2_read_work,Read sectors,lts__t_sectors_srcunit_tex_op_read.sum,100,0.057482982507096075,
H100,expert,1,issue,mvt,l2_read_misses,Read-sector misses,lts__t_sectors_op_read_lookup_miss.sum,100,-0.33224000724205205,
H100,expert,1,issue,embedding_bag,tex_source_l2_read_requests,Read requests,lts__t_requests_srcunit_tex_op_read.sum,100,0.9353549200128257,
H100,expert,1,issue,embedding_bag,l2_read_work,Read sectors,lts__t_sectors_srcunit_tex_op_read.sum,100,0.9127951602277672,
H100,expert,1,issue,embedding_bag,l2_read_misses,Read-sector misses,lts__t_sectors_op_read_lookup_miss.sum,100,0.6714616243250391,
H100,expert,1,issue,softmax_bias,tex_source_l2_read_requests,Read requests,lts__t_requests_srcunit_tex_op_read.sum,100,0.8769606118775999,
H100,expert,1,issue,softmax_bias,l2_read_work,Read sectors,lts__t_sectors_srcunit_tex_op_read.sum,100,0.9548156390692456,
H100,expert,1,issue,softmax_bias,l2_read_misses,Read-sector misses,lts__t_sectors_op_read_lookup_miss.sum,100,0.7192347603155581,
H100,expert,1,issue,stencil5,tex_source_l2_read_requests,Read requests,lts__t_requests_srcunit_tex_op_read.sum,100,0.9469289167978572,
H100,expert,1,issue,stencil5,l2_read_work,Read sectors,lts__t_sectors_srcunit_tex_op_read.sum,100,0.9537236590381382,
H100,expert,1,issue,stencil5,l2_read_misses,Read-sector misses,lts__t_sectors_op_read_lookup_miss.sum,100,0.8959558529699926,
H100,expert,1,temporal,gemv,tex_source_l2_read_requests,Read requests,lts__t_requests_srcunit_tex_op_read.sum,100,0.42712558081982693,
H100,expert,1,temporal,gemv,l2_read_work,Read sectors,lts__t_sectors_srcunit_tex_op_read.sum,100,-0.8709814341705163,
H100,expert,1,temporal,gemv,l2_read_misses,Read-sector misses,lts__t_sectors_op_read_lookup_miss.sum,100,0.11388010561862676,
H100,expert,1,temporal,gesummv,tex_source_l2_read_requests,Read requests,lts__t_requests_srcunit_tex_op_read.sum,100,0.4519464329646086,
H100,expert,1,temporal,gesummv,l2_read_work,Read sectors,lts__t_sectors_srcunit_tex_op_read.sum,100,-0.7801090049744802,
H100,expert,1,temporal,gesummv,l2_read_misses,Read-sector misses,lts__t_sectors_op_read_lookup_miss.sum,100,0.12748951626138375,
H100,expert,1,temporal,mvt,tex_source_l2_read_requests,Read requests,lts__t_requests_srcunit_tex_op_read.sum,100,0.4962662907869623,
H100,expert,1,temporal,mvt,l2_read_work,Read sectors,lts__t_sectors_srcunit_tex_op_read.sum,100,0.39746777447530895,
H100,expert,1,temporal,mvt,l2_read_misses,Read-sector misses,lts__t_sectors_op_read_lookup_miss.sum,100,-0.3080481132057471,
H100,expert,1,temporal,embedding_bag,tex_source_l2_read_requests,Read requests,lts__t_requests_srcunit_tex_op_read.sum,100,0.8562353834981755,
H100,expert,1,temporal,embedding_bag,l2_read_work,Read sectors,lts__t_sectors_srcunit_tex_op_read.sum,100,0.9252138493888825,
H100,expert,1,temporal,embedding_bag,l2_read_misses,Read-sector misses,lts__t_sectors_op_read_lookup_miss.sum,100,0.5799031284224945,
H100,expert,1,temporal,softmax_bias,tex_source_l2_read_requests,Read requests,lts__t_requests_srcunit_tex_op_read.sum,100,0.7998522916219364,
H100,expert,1,temporal,softmax_bias,l2_read_work,Read sectors,lts__t_sectors_srcunit_tex_op_read.sum,100,0.9419615876063552,
H100,expert,1,temporal,softmax_bias,l2_read_misses,Read-sector misses,lts__t_sectors_op_read_lookup_miss.sum,100,0.7779798438947972,
H100,expert,1,temporal,stencil5,tex_source_l2_read_requests,Read requests,lts__t_requests_srcunit_tex_op_read.sum,100,0.9013856329984695,
H100,expert,1,temporal,stencil5,l2_read_work,Read sectors,lts__t_sectors_srcunit_tex_op_read.sum,100,0.9685387410331711,
H100,expert,1,temporal,stencil5,l2_read_misses,Read-sector misses,lts__t_sectors_op_read_lookup_miss.sum,100,0.9062898159456905,
H100,expert,2,all,gemv,tex_source_l2_read_requests,Read requests,lts__t_requests_srcunit_tex_op_read.sum,100,0.1564169041267691,
H100,expert,2,all,gemv,l2_read_work,Read sectors,lts__t_sectors_srcunit_tex_op_read.sum,100,-0.914757317472462,
H100,expert,2,all,gemv,l2_read_misses,Read-sector misses,lts__t_sectors_op_read_lookup_miss.sum,100,-0.2006845028079069,
H100,expert,2,all,gesummv,tex_source_l2_read_requests,Read requests,lts__t_requests_srcunit_tex_op_read.sum,100,0.30990302867987285,
H100,expert,2,all,gesummv,l2_read_work,Read sectors,lts__t_sectors_srcunit_tex_op_read.sum,100,-0.9077825919782371,
H100,expert,2,all,gesummv,l2_read_misses,Read-sector misses,lts__t_sectors_op_read_lookup_miss.sum,100,-0.2952214770694413,
H100,expert,2,all,mvt,tex_source_l2_read_requests,Read requests,lts__t_requests_srcunit_tex_op_read.sum,100,0.6481515762584772,
H100,expert,2,all,mvt,l2_read_work,Read sectors,lts__t_sectors_srcunit_tex_op_read.sum,100,0.48196104953907054,
H100,expert,2,all,mvt,l2_read_misses,Read-sector misses,lts__t_sectors_op_read_lookup_miss.sum,100,-0.3559131185055821,
H100,expert,2,all,embedding_bag,tex_source_l2_read_requests,Read requests,lts__t_requests_srcunit_tex_op_read.sum,100,0.9204372336569759,
H100,expert,2,all,embedding_bag,l2_read_work,Read sectors,lts__t_sectors_srcunit_tex_op_read.sum,100,0.9560415637970023,
H100,expert,2,all,embedding_bag,l2_read_misses,Read-sector misses,lts__t_sectors_op_read_lookup_miss.sum,100,0.7787469763978755,
H100,expert,2,all,softmax_bias,tex_source_l2_read_requests,Read requests,lts__t_requests_srcunit_tex_op_read.sum,100,0.9289292849958919,
H100,expert,2,all,softmax_bias,l2_read_work,Read sectors,lts__t_sectors_srcunit_tex_op_read.sum,100,0.91178879939448,
H100,expert,2,all,softmax_bias,l2_read_misses,Read-sector misses,lts__t_sectors_op_read_lookup_miss.sum,100,0.6340187915841186,
H100,expert,2,all,stencil5,tex_source_l2_read_requests,Read requests,lts__t_requests_srcunit_tex_op_read.sum,100,0.9028969264034924,
H100,expert,2,all,stencil5,l2_read_work,Read sectors,lts__t_sectors_srcunit_tex_op_read.sum,100,0.9501576987522675,
H100,expert,2,all,stencil5,l2_read_misses,Read-sector misses,lts__t_sectors_op_read_lookup_miss.sum,100,0.9307828407575071,
H100,expert,2,issue,gemv,tex_source_l2_read_requests,Read requests,lts__t_requests_srcunit_tex_op_read.sum,100,0.29144639267730915,
H100,expert,2,issue,gemv,l2_read_work,Read sectors,lts__t_sectors_srcunit_tex_op_read.sum,100,-0.9009655487674038,
H100,expert,2,issue,gemv,l2_read_misses,Read-sector misses,lts__t_sectors_op_read_lookup_miss.sum,100,0.12326620463944854,
H100,expert,2,issue,gesummv,tex_source_l2_read_requests,Read requests,lts__t_requests_srcunit_tex_op_read.sum,100,0.27441678575593476,
H100,expert,2,issue,gesummv,l2_read_work,Read sectors,lts__t_sectors_srcunit_tex_op_read.sum,100,-0.8785822162613802,
H100,expert,2,issue,gesummv,l2_read_misses,Read-sector misses,lts__t_sectors_op_read_lookup_miss.sum,100,-0.2714233664437288,
H100,expert,2,issue,mvt,tex_source_l2_read_requests,Read requests,lts__t_requests_srcunit_tex_op_read.sum,100,0.6630685260354937,
H100,expert,2,issue,mvt,l2_read_work,Read sectors,lts__t_sectors_srcunit_tex_op_read.sum,100,-0.18745409322664935,
H100,expert,2,issue,mvt,l2_read_misses,Read-sector misses,lts__t_sectors_op_read_lookup_miss.sum,100,-0.253499292554169,
H100,expert,2,issue,embedding_bag,tex_source_l2_read_requests,Read requests,lts__t_requests_srcunit_tex_op_read.sum,100,0.9490146622782031,
H100,expert,2,issue,embedding_bag,l2_read_work,Read sectors,lts__t_sectors_srcunit_tex_op_read.sum,100,0.951381643773247,
H100,expert,2,issue,embedding_bag,l2_read_misses,Read-sector misses,lts__t_sectors_op_read_lookup_miss.sum,100,0.7913644874561029,
H100,expert,2,issue,softmax_bias,tex_source_l2_read_requests,Read requests,lts__t_requests_srcunit_tex_op_read.sum,100,0.9230487890230334,
H100,expert,2,issue,softmax_bias,l2_read_work,Read sectors,lts__t_sectors_srcunit_tex_op_read.sum,100,0.960900067365857,
H100,expert,2,issue,softmax_bias,l2_read_misses,Read-sector misses,lts__t_sectors_op_read_lookup_miss.sum,100,0.6308075756161349,
H100,expert,2,issue,stencil5,tex_source_l2_read_requests,Read requests,lts__t_requests_srcunit_tex_op_read.sum,100,0.926227257253296,
H100,expert,2,issue,stencil5,l2_read_work,Read sectors,lts__t_sectors_srcunit_tex_op_read.sum,100,0.9401558678151268,
H100,expert,2,issue,stencil5,l2_read_misses,Read-sector misses,lts__t_sectors_op_read_lookup_miss.sum,100,0.9223349007499261,
H100,expert,2,temporal,gemv,tex_source_l2_read_requests,Read requests,lts__t_requests_srcunit_tex_op_read.sum,100,0.17647953133277128,
H100,expert,2,temporal,gemv,l2_read_work,Read sectors,lts__t_sectors_srcunit_tex_op_read.sum,100,-0.9067403757693039,
H100,expert,2,temporal,gemv,l2_read_misses,Read-sector misses,lts__t_sectors_op_read_lookup_miss.sum,100,0.014837475235806283,
H100,expert,2,temporal,gesummv,tex_source_l2_read_requests,Read requests,lts__t_requests_srcunit_tex_op_read.sum,100,0.3656557512067415,
H100,expert,2,temporal,gesummv,l2_read_work,Read sectors,lts__t_sectors_srcunit_tex_op_read.sum,100,-0.9054669004296771,
H100,expert,2,temporal,gesummv,l2_read_misses,Read-sector misses,lts__t_sectors_op_read_lookup_miss.sum,100,-0.17570018932268797,
H100,expert,2,temporal,mvt,tex_source_l2_read_requests,Read requests,lts__t_requests_srcunit_tex_op_read.sum,100,0.6494964078901393,
H100,expert,2,temporal,mvt,l2_read_work,Read sectors,lts__t_sectors_srcunit_tex_op_read.sum,100,0.44898065761878453,
H100,expert,2,temporal,mvt,l2_read_misses,Read-sector misses,lts__t_sectors_op_read_lookup_miss.sum,100,-0.057087373129736226,
H100,expert,2,temporal,embedding_bag,tex_source_l2_read_requests,Read requests,lts__t_requests_srcunit_tex_op_read.sum,100,0.9070123367268155,
H100,expert,2,temporal,embedding_bag,l2_read_work,Read sectors,lts__t_sectors_srcunit_tex_op_read.sum,100,0.9615780634194475,
H100,expert,2,temporal,embedding_bag,l2_read_misses,Read-sector misses,lts__t_sectors_op_read_lookup_miss.sum,100,0.7757938575549393,
H100,expert,2,temporal,softmax_bias,tex_source_l2_read_requests,Read requests,lts__t_requests_srcunit_tex_op_read.sum,100,0.9455620683625067,
H100,expert,2,temporal,softmax_bias,l2_read_work,Read sectors,lts__t_sectors_srcunit_tex_op_read.sum,100,0.8944791180581999,
H100,expert,2,temporal,softmax_bias,l2_read_misses,Read-sector misses,lts__t_sectors_op_read_lookup_miss.sum,100,0.6959800406488009,
H100,expert,2,temporal,stencil5,tex_source_l2_read_requests,Read requests,lts__t_requests_srcunit_tex_op_read.sum,100,0.9152512871177043,
H100,expert,2,temporal,stencil5,l2_read_work,Read sectors,lts__t_sectors_srcunit_tex_op_read.sum,100,0.9462894753829416,
H100,expert,2,temporal,stencil5,l2_read_misses,Read-sector misses,lts__t_sectors_op_read_lookup_miss.sum,100,0.9385623329929025,
H100,expert,3,all,gemv,tex_source_l2_read_requests,Read requests,lts__t_requests_srcunit_tex_op_read.sum,100,0.30231782137402424,
H100,expert,3,all,gemv,l2_read_work,Read sectors,lts__t_sectors_srcunit_tex_op_read.sum,100,-0.8810180979786649,
H100,expert,3,all,gemv,l2_read_misses,Read-sector misses,lts__t_sectors_op_read_lookup_miss.sum,100,0.09094307619995537,
H100,expert,3,all,gesummv,tex_source_l2_read_requests,Read requests,lts__t_requests_srcunit_tex_op_read.sum,100,0.06270832547985714,
H100,expert,3,all,gesummv,l2_read_work,Read sectors,lts__t_sectors_srcunit_tex_op_read.sum,100,-0.7952010185116566,
H100,expert,3,all,gesummv,l2_read_misses,Read-sector misses,lts__t_sectors_op_read_lookup_miss.sum,100,-0.03842829394060977,
H100,expert,3,all,mvt,tex_source_l2_read_requests,Read requests,lts__t_requests_srcunit_tex_op_read.sum,100,0.6201650426890273,
H100,expert,3,all,mvt,l2_read_work,Read sectors,lts__t_sectors_srcunit_tex_op_read.sum,100,-0.4672670706168949,
H100,expert,3,all,mvt,l2_read_misses,Read-sector misses,lts__t_sectors_op_read_lookup_miss.sum,100,0.48313379587624117,
H100,expert,3,all,embedding_bag,tex_source_l2_read_requests,Read requests,lts__t_requests_srcunit_tex_op_read.sum,100,0.9135535664629956,
H100,expert,3,all,embedding_bag,l2_read_work,Read sectors,lts__t_sectors_srcunit_tex_op_read.sum,100,0.9075800344859954,
H100,expert,3,all,embedding_bag,l2_read_misses,Read-sector misses,lts__t_sectors_op_read_lookup_miss.sum,100,0.86169260681155,
H100,expert,3,all,softmax_bias,tex_source_l2_read_requests,Read requests,lts__t_requests_srcunit_tex_op_read.sum,100,0.6228568186239107,
H100,expert,3,all,softmax_bias,l2_read_work,Read sectors,lts__t_sectors_srcunit_tex_op_read.sum,100,0.8071681097724662,
H100,expert,3,all,softmax_bias,l2_read_misses,Read-sector misses,lts__t_sectors_op_read_lookup_miss.sum,100,0.5820288899426131,
H100,expert,3,all,stencil5,tex_source_l2_read_requests,Read requests,lts__t_requests_srcunit_tex_op_read.sum,100,0.8527571589539986,
H100,expert,3,all,stencil5,l2_read_work,Read sectors,lts__t_sectors_srcunit_tex_op_read.sum,100,0.922595055692061,
H100,expert,3,all,stencil5,l2_read_misses,Read-sector misses,lts__t_sectors_op_read_lookup_miss.sum,100,0.9132565553938289,
H100,expert,3,issue,gemv,tex_source_l2_read_requests,Read requests,lts__t_requests_srcunit_tex_op_read.sum,100,0.20690847392734044,
H100,expert,3,issue,gemv,l2_read_work,Read sectors,lts__t_sectors_srcunit_tex_op_read.sum,100,-0.8976140887879537,
H100,expert,3,issue,gemv,l2_read_misses,Read-sector misses,lts__t_sectors_op_read_lookup_miss.sum,100,0.0667546110261423,
H100,expert,3,issue,gesummv,tex_source_l2_read_requests,Read requests,lts__t_requests_srcunit_tex_op_read.sum,100,0.16472205780900592,
H100,expert,3,issue,gesummv,l2_read_work,Read sectors,lts__t_sectors_srcunit_tex_op_read.sum,100,-0.6955493225853482,
H100,expert,3,issue,gesummv,l2_read_misses,Read-sector misses,lts__t_sectors_op_read_lookup_miss.sum,100,-0.0012765971380573687,
H100,expert,3,issue,mvt,tex_source_l2_read_requests,Read requests,lts__t_requests_srcunit_tex_op_read.sum,100,0.6843411047540944,
H100,expert,3,issue,mvt,l2_read_work,Read sectors,lts__t_sectors_srcunit_tex_op_read.sum,100,-0.4265276694504786,
H100,expert,3,issue,mvt,l2_read_misses,Read-sector misses,lts__t_sectors_op_read_lookup_miss.sum,100,0.37137080304915876,
H100,expert,3,issue,embedding_bag,tex_source_l2_read_requests,Read requests,lts__t_requests_srcunit_tex_op_read.sum,100,0.9152385730772328,
H100,expert,3,issue,embedding_bag,l2_read_work,Read sectors,lts__t_sectors_srcunit_tex_op_read.sum,100,0.9225565514131892,
H100,expert,3,issue,embedding_bag,l2_read_misses,Read-sector misses,lts__t_sectors_op_read_lookup_miss.sum,100,0.8984543776137905,
H100,expert,3,issue,softmax_bias,tex_source_l2_read_requests,Read requests,lts__t_requests_srcunit_tex_op_read.sum,100,0.6184792641360563,
H100,expert,3,issue,softmax_bias,l2_read_work,Read sectors,lts__t_sectors_srcunit_tex_op_read.sum,100,0.8026628805489212,
H100,expert,3,issue,softmax_bias,l2_read_misses,Read-sector misses,lts__t_sectors_op_read_lookup_miss.sum,100,0.6357117276329078,
H100,expert,3,issue,stencil5,tex_source_l2_read_requests,Read requests,lts__t_requests_srcunit_tex_op_read.sum,100,0.715826039165258,
H100,expert,3,issue,stencil5,l2_read_work,Read sectors,lts__t_sectors_srcunit_tex_op_read.sum,100,0.8967457482319227,
H100,expert,3,issue,stencil5,l2_read_misses,Read-sector misses,lts__t_sectors_op_read_lookup_miss.sum,100,0.9302339300566866,
H100,expert,3,temporal,gemv,tex_source_l2_read_requests,Read requests,lts__t_requests_srcunit_tex_op_read.sum,100,0.2797039111251177,
H100,expert,3,temporal,gemv,l2_read_work,Read sectors,lts__t_sectors_srcunit_tex_op_read.sum,100,-0.84037324301064,
H100,expert,3,temporal,gemv,l2_read_misses,Read-sector misses,lts__t_sectors_op_read_lookup_miss.sum,100,-0.12660916283271811,
H100,expert,3,temporal,gesummv,tex_source_l2_read_requests,Read requests,lts__t_requests_srcunit_tex_op_read.sum,100,0.06772181966121191,
H100,expert,3,temporal,gesummv,l2_read_work,Read sectors,lts__t_sectors_srcunit_tex_op_read.sum,100,-0.8293557871092174,
H100,expert,3,temporal,gesummv,l2_read_misses,Read-sector misses,lts__t_sectors_op_read_lookup_miss.sum,100,-0.1090254438382172,
H100,expert,3,temporal,mvt,tex_source_l2_read_requests,Read requests,lts__t_requests_srcunit_tex_op_read.sum,100,0.5566709177675437,
H100,expert,3,temporal,mvt,l2_read_work,Read sectors,lts__t_sectors_srcunit_tex_op_read.sum,100,-0.4279419664487647,
H100,expert,3,temporal,mvt,l2_read_misses,Read-sector misses,lts__t_sectors_op_read_lookup_miss.sum,100,0.5411984081657246,
H100,expert,3,temporal,embedding_bag,tex_source_l2_read_requests,Read requests,lts__t_requests_srcunit_tex_op_read.sum,100,0.8903299711542441,
H100,expert,3,temporal,embedding_bag,l2_read_work,Read sectors,lts__t_sectors_srcunit_tex_op_read.sum,100,0.8917474440972875,
H100,expert,3,temporal,embedding_bag,l2_read_misses,Read-sector misses,lts__t_sectors_op_read_lookup_miss.sum,100,0.8575547729374188,
H100,expert,3,temporal,softmax_bias,tex_source_l2_read_requests,Read requests,lts__t_requests_srcunit_tex_op_read.sum,100,0.5791596974791614,
H100,expert,3,temporal,softmax_bias,l2_read_work,Read sectors,lts__t_sectors_srcunit_tex_op_read.sum,100,0.830333199954806,
H100,expert,3,temporal,softmax_bias,l2_read_misses,Read-sector misses,lts__t_sectors_op_read_lookup_miss.sum,100,0.4612258513531831,
H100,expert,3,temporal,stencil5,tex_source_l2_read_requests,Read requests,lts__t_requests_srcunit_tex_op_read.sum,100,0.864189113783154,
H100,expert,3,temporal,stencil5,l2_read_work,Read sectors,lts__t_sectors_srcunit_tex_op_read.sum,100,0.9220005239749552,
H100,expert,3,temporal,stencil5,l2_read_misses,Read-sector misses,lts__t_sectors_op_read_lookup_miss.sum,100,0.9006138937473716,
H100,l1_to_l2,1,all,gemv,tex_source_l2_read_requests,Read requests,lts__t_requests_srcunit_tex_op_read.sum,100,0.45448695161429536,
H100,l1_to_l2,1,all,gemv,l2_read_work,Read sectors,lts__t_sectors_srcunit_tex_op_read.sum,100,-0.7208136553140797,
H100,l1_to_l2,1,all,gemv,l2_read_misses,Read-sector misses,lts__t_sectors_op_read_lookup_miss.sum,100,-0.08866426920838455,
H100,l1_to_l2,1,all,gesummv,tex_source_l2_read_requests,Read requests,lts__t_requests_srcunit_tex_op_read.sum,100,0.5782837425831991,
H100,l1_to_l2,1,all,gesummv,l2_read_work,Read sectors,lts__t_sectors_srcunit_tex_op_read.sum,100,-0.7081366818716319,
H100,l1_to_l2,1,all,gesummv,l2_read_misses,Read-sector misses,lts__t_sectors_op_read_lookup_miss.sum,100,0.23103441042133865,
H100,l1_to_l2,1,all,mvt,tex_source_l2_read_requests,Read requests,lts__t_requests_srcunit_tex_op_read.sum,100,0.627842570027171,
H100,l1_to_l2,1,all,mvt,l2_read_work,Read sectors,lts__t_sectors_srcunit_tex_op_read.sum,100,0.35673818804387813,
H100,l1_to_l2,1,all,mvt,l2_read_misses,Read-sector misses,lts__t_sectors_op_read_lookup_miss.sum,100,-0.42308317733775774,
H100,l1_to_l2,1,all,embedding_bag,tex_source_l2_read_requests,Read requests,lts__t_requests_srcunit_tex_op_read.sum,100,0.9562643485986535,
H100,l1_to_l2,1,all,embedding_bag,l2_read_work,Read sectors,lts__t_sectors_srcunit_tex_op_read.sum,100,0.8068231780741951,
H100,l1_to_l2,1,all,embedding_bag,l2_read_misses,Read-sector misses,lts__t_sectors_op_read_lookup_miss.sum,100,0.5081687392060589,
H100,l1_to_l2,1,all,softmax_bias,tex_source_l2_read_requests,Read requests,lts__t_requests_srcunit_tex_op_read.sum,100,0.8714007531364192,
H100,l1_to_l2,1,all,softmax_bias,l2_read_work,Read sectors,lts__t_sectors_srcunit_tex_op_read.sum,100,0.8845523825236298,
H100,l1_to_l2,1,all,softmax_bias,l2_read_misses,Read-sector misses,lts__t_sectors_op_read_lookup_miss.sum,100,0.6337922363757268,
H100,l1_to_l2,1,all,stencil5,tex_source_l2_read_requests,Read requests,lts__t_requests_srcunit_tex_op_read.sum,100,0.9370800047455367,
H100,l1_to_l2,1,all,stencil5,l2_read_work,Read sectors,lts__t_sectors_srcunit_tex_op_read.sum,100,0.9325293793054694,
H100,l1_to_l2,1,all,stencil5,l2_read_misses,Read-sector misses,lts__t_sectors_op_read_lookup_miss.sum,100,0.8819623623109913,
H100,l1_to_l2,1,issue,gemv,tex_source_l2_read_requests,Read requests,lts__t_requests_srcunit_tex_op_read.sum,100,0.6967029079449119,
H100,l1_to_l2,1,issue,gemv,l2_read_work,Read sectors,lts__t_sectors_srcunit_tex_op_read.sum,100,-0.687271001935,
H100,l1_to_l2,1,issue,gemv,l2_read_misses,Read-sector misses,lts__t_sectors_op_read_lookup_miss.sum,100,0.014863212513042063,
H100,l1_to_l2,1,issue,gesummv,tex_source_l2_read_requests,Read requests,lts__t_requests_srcunit_tex_op_read.sum,100,0.6711911434363294,
H100,l1_to_l2,1,issue,gesummv,l2_read_work,Read sectors,lts__t_sectors_srcunit_tex_op_read.sum,100,-0.6791660899528947,
H100,l1_to_l2,1,issue,gesummv,l2_read_misses,Read-sector misses,lts__t_sectors_op_read_lookup_miss.sum,100,0.09270647622758071,
H100,l1_to_l2,1,issue,mvt,tex_source_l2_read_requests,Read requests,lts__t_requests_srcunit_tex_op_read.sum,100,0.7112230101257706,
H100,l1_to_l2,1,issue,mvt,l2_read_work,Read sectors,lts__t_sectors_srcunit_tex_op_read.sum,100,0.22121260080063126,
H100,l1_to_l2,1,issue,mvt,l2_read_misses,Read-sector misses,lts__t_sectors_op_read_lookup_miss.sum,100,-0.39386996503338195,
H100,l1_to_l2,1,issue,embedding_bag,tex_source_l2_read_requests,Read requests,lts__t_requests_srcunit_tex_op_read.sum,100,0.9683774470171622,
H100,l1_to_l2,1,issue,embedding_bag,l2_read_work,Read sectors,lts__t_sectors_srcunit_tex_op_read.sum,100,0.8155731135318953,
H100,l1_to_l2,1,issue,embedding_bag,l2_read_misses,Read-sector misses,lts__t_sectors_op_read_lookup_miss.sum,100,0.6334549603075049,
H100,l1_to_l2,1,issue,softmax_bias,tex_source_l2_read_requests,Read requests,lts__t_requests_srcunit_tex_op_read.sum,100,0.938542699442147,
H100,l1_to_l2,1,issue,softmax_bias,l2_read_work,Read sectors,lts__t_sectors_srcunit_tex_op_read.sum,100,0.8900945412655362,
H100,l1_to_l2,1,issue,softmax_bias,l2_read_misses,Read-sector misses,lts__t_sectors_op_read_lookup_miss.sum,100,0.6598735557205784,
H100,l1_to_l2,1,issue,stencil5,tex_source_l2_read_requests,Read requests,lts__t_requests_srcunit_tex_op_read.sum,100,0.9593482828813109,
H100,l1_to_l2,1,issue,stencil5,l2_read_work,Read sectors,lts__t_sectors_srcunit_tex_op_read.sum,100,0.9248811134964717,
H100,l1_to_l2,1,issue,stencil5,l2_read_misses,Read-sector misses,lts__t_sectors_op_read_lookup_miss.sum,100,0.8568710231283009,
H100,l1_to_l2,1,temporal,gemv,tex_source_l2_read_requests,Read requests,lts__t_requests_srcunit_tex_op_read.sum,100,0.4762622260014396,
H100,l1_to_l2,1,temporal,gemv,l2_read_work,Read sectors,lts__t_sectors_srcunit_tex_op_read.sum,100,-0.8215137758675808,
H100,l1_to_l2,1,temporal,gemv,l2_read_misses,Read-sector misses,lts__t_sectors_op_read_lookup_miss.sum,100,0.10634244876848994,
H100,l1_to_l2,1,temporal,gesummv,tex_source_l2_read_requests,Read requests,lts__t_requests_srcunit_tex_op_read.sum,100,0.48641710577873554,
H100,l1_to_l2,1,temporal,gesummv,l2_read_work,Read sectors,lts__t_sectors_srcunit_tex_op_read.sum,100,-0.7366692213237639,
H100,l1_to_l2,1,temporal,gesummv,l2_read_misses,Read-sector misses,lts__t_sectors_op_read_lookup_miss.sum,100,0.10009757249182753,
H100,l1_to_l2,1,temporal,mvt,tex_source_l2_read_requests,Read requests,lts__t_requests_srcunit_tex_op_read.sum,100,0.6279714621555053,
H100,l1_to_l2,1,temporal,mvt,l2_read_work,Read sectors,lts__t_sectors_srcunit_tex_op_read.sum,100,0.47453297322906807,
H100,l1_to_l2,1,temporal,mvt,l2_read_misses,Read-sector misses,lts__t_sectors_op_read_lookup_miss.sum,100,-0.35997574128265375,
H100,l1_to_l2,1,temporal,embedding_bag,tex_source_l2_read_requests,Read requests,lts__t_requests_srcunit_tex_op_read.sum,100,0.9272997207737766,
H100,l1_to_l2,1,temporal,embedding_bag,l2_read_work,Read sectors,lts__t_sectors_srcunit_tex_op_read.sum,100,0.7815699385214967,
H100,l1_to_l2,1,temporal,embedding_bag,l2_read_misses,Read-sector misses,lts__t_sectors_op_read_lookup_miss.sum,100,0.4465920393062167,
H100,l1_to_l2,1,temporal,softmax_bias,tex_source_l2_read_requests,Read requests,lts__t_requests_srcunit_tex_op_read.sum,100,0.8704453643453977,
H100,l1_to_l2,1,temporal,softmax_bias,l2_read_work,Read sectors,lts__t_sectors_srcunit_tex_op_read.sum,100,0.88386251732932,
H100,l1_to_l2,1,temporal,softmax_bias,l2_read_misses,Read-sector misses,lts__t_sectors_op_read_lookup_miss.sum,100,0.7302698688534819,
H100,l1_to_l2,1,temporal,stencil5,tex_source_l2_read_requests,Read requests,lts__t_requests_srcunit_tex_op_read.sum,100,0.9207554041940678,
H100,l1_to_l2,1,temporal,stencil5,l2_read_work,Read sectors,lts__t_sectors_srcunit_tex_op_read.sum,100,0.9542243119884282,
H100,l1_to_l2,1,temporal,stencil5,l2_read_misses,Read-sector misses,lts__t_sectors_op_read_lookup_miss.sum,100,0.8967593452802692,
H100,l1_to_l2,2,all,gemv,tex_source_l2_read_requests,Read requests,lts__t_requests_srcunit_tex_op_read.sum,100,0.29855017910106935,
H100,l1_to_l2,2,all,gemv,l2_read_work,Read sectors,lts__t_sectors_srcunit_tex_op_read.sum,100,-0.8471060210176192,
H100,l1_to_l2,2,all,gemv,l2_read_misses,Read-sector misses,lts__t_sectors_op_read_lookup_miss.sum,100,-0.13801280580357833,
H100,l1_to_l2,2,all,gesummv,tex_source_l2_read_requests,Read requests,lts__t_requests_srcunit_tex_op_read.sum,100,0.4417067396425238,
H100,l1_to_l2,2,all,gesummv,l2_read_work,Read sectors,lts__t_sectors_srcunit_tex_op_read.sum,100,-0.8358969282989992,
H100,l1_to_l2,2,all,gesummv,l2_read_misses,Read-sector misses,lts__t_sectors_op_read_lookup_miss.sum,100,-0.24713198147803062,
H100,l1_to_l2,2,all,mvt,tex_source_l2_read_requests,Read requests,lts__t_requests_srcunit_tex_op_read.sum,100,0.7707003605658098,
H100,l1_to_l2,2,all,mvt,l2_read_work,Read sectors,lts__t_sectors_srcunit_tex_op_read.sum,100,0.56265978217219,
H100,l1_to_l2,2,all,mvt,l2_read_misses,Read-sector misses,lts__t_sectors_op_read_lookup_miss.sum,100,-0.4296218264967865,
H100,l1_to_l2,2,all,embedding_bag,tex_source_l2_read_requests,Read requests,lts__t_requests_srcunit_tex_op_read.sum,100,0.965530518148185,
H100,l1_to_l2,2,all,embedding_bag,l2_read_work,Read sectors,lts__t_sectors_srcunit_tex_op_read.sum,100,0.9099239554019549,
H100,l1_to_l2,2,all,embedding_bag,l2_read_misses,Read-sector misses,lts__t_sectors_op_read_lookup_miss.sum,100,0.7283432034821974,
H100,l1_to_l2,2,all,softmax_bias,tex_source_l2_read_requests,Read requests,lts__t_requests_srcunit_tex_op_read.sum,100,0.9587142924907198,
H100,l1_to_l2,2,all,softmax_bias,l2_read_work,Read sectors,lts__t_sectors_srcunit_tex_op_read.sum,100,0.9036140762412789,
H100,l1_to_l2,2,all,softmax_bias,l2_read_misses,Read-sector misses,lts__t_sectors_op_read_lookup_miss.sum,100,0.613034822668735,
H100,l1_to_l2,2,all,stencil5,tex_source_l2_read_requests,Read requests,lts__t_requests_srcunit_tex_op_read.sum,100,0.931463679094539,
H100,l1_to_l2,2,all,stencil5,l2_read_work,Read sectors,lts__t_sectors_srcunit_tex_op_read.sum,100,0.9252402041944419,
H100,l1_to_l2,2,all,stencil5,l2_read_misses,Read-sector misses,lts__t_sectors_op_read_lookup_miss.sum,100,0.9123074883939865,
H100,l1_to_l2,2,issue,gemv,tex_source_l2_read_requests,Read requests,lts__t_requests_srcunit_tex_op_read.sum,100,0.4881681643754132,
H100,l1_to_l2,2,issue,gemv,l2_read_work,Read sectors,lts__t_sectors_srcunit_tex_op_read.sum,100,-0.8340973977748052,
H100,l1_to_l2,2,issue,gemv,l2_read_misses,Read-sector misses,lts__t_sectors_op_read_lookup_miss.sum,100,0.11385796005432831,
H100,l1_to_l2,2,issue,gesummv,tex_source_l2_read_requests,Read requests,lts__t_requests_srcunit_tex_op_read.sum,100,0.4609272370857062,
H100,l1_to_l2,2,issue,gesummv,l2_read_work,Read sectors,lts__t_sectors_srcunit_tex_op_read.sum,100,-0.7464639306198904,
H100,l1_to_l2,2,issue,gesummv,l2_read_misses,Read-sector misses,lts__t_sectors_op_read_lookup_miss.sum,100,-0.3003134749908342,
H100,l1_to_l2,2,issue,mvt,tex_source_l2_read_requests,Read requests,lts__t_requests_srcunit_tex_op_read.sum,100,0.7146963548355202,
H100,l1_to_l2,2,issue,mvt,l2_read_work,Read sectors,lts__t_sectors_srcunit_tex_op_read.sum,100,-0.00841218964346799,
H100,l1_to_l2,2,issue,mvt,l2_read_misses,Read-sector misses,lts__t_sectors_op_read_lookup_miss.sum,100,-0.396353720322959,
H100,l1_to_l2,2,issue,embedding_bag,tex_source_l2_read_requests,Read requests,lts__t_requests_srcunit_tex_op_read.sum,100,0.9761946024412469,
H100,l1_to_l2,2,issue,embedding_bag,l2_read_work,Read sectors,lts__t_sectors_srcunit_tex_op_read.sum,100,0.8941845094287849,
H100,l1_to_l2,2,issue,embedding_bag,l2_read_misses,Read-sector misses,lts__t_sectors_op_read_lookup_miss.sum,100,0.7714300764449276,
H100,l1_to_l2,2,issue,softmax_bias,tex_source_l2_read_requests,Read requests,lts__t_requests_srcunit_tex_op_read.sum,100,0.9608246228619787,
H100,l1_to_l2,2,issue,softmax_bias,l2_read_work,Read sectors,lts__t_sectors_srcunit_tex_op_read.sum,100,0.919010347181647,
H100,l1_to_l2,2,issue,softmax_bias,l2_read_misses,Read-sector misses,lts__t_sectors_op_read_lookup_miss.sum,100,0.6250452059454845,
H100,l1_to_l2,2,issue,stencil5,tex_source_l2_read_requests,Read requests,lts__t_requests_srcunit_tex_op_read.sum,100,0.9416258109257603,
H100,l1_to_l2,2,issue,stencil5,l2_read_work,Read sectors,lts__t_sectors_srcunit_tex_op_read.sum,100,0.9135179093752585,
H100,l1_to_l2,2,issue,stencil5,l2_read_misses,Read-sector misses,lts__t_sectors_op_read_lookup_miss.sum,100,0.8876339796269479,
H100,l1_to_l2,2,temporal,gemv,tex_source_l2_read_requests,Read requests,lts__t_requests_srcunit_tex_op_read.sum,100,0.30012184232425265,
H100,l1_to_l2,2,temporal,gemv,l2_read_work,Read sectors,lts__t_sectors_srcunit_tex_op_read.sum,100,-0.8463461682161156,
H100,l1_to_l2,2,temporal,gemv,l2_read_misses,Read-sector misses,lts__t_sectors_op_read_lookup_miss.sum,100,0.06075054301763088,
H100,l1_to_l2,2,temporal,gesummv,tex_source_l2_read_requests,Read requests,lts__t_requests_srcunit_tex_op_read.sum,100,0.4875161428890503,
H100,l1_to_l2,2,temporal,gesummv,l2_read_work,Read sectors,lts__t_sectors_srcunit_tex_op_read.sum,100,-0.7925849304437395,
H100,l1_to_l2,2,temporal,gesummv,l2_read_misses,Read-sector misses,lts__t_sectors_op_read_lookup_miss.sum,100,-0.1557726965397994,
H100,l1_to_l2,2,temporal,mvt,tex_source_l2_read_requests,Read requests,lts__t_requests_srcunit_tex_op_read.sum,100,0.7657652053383284,
H100,l1_to_l2,2,temporal,mvt,l2_read_work,Read sectors,lts__t_sectors_srcunit_tex_op_read.sum,100,0.4647267118364592,
H100,l1_to_l2,2,temporal,mvt,l2_read_misses,Read-sector misses,lts__t_sectors_op_read_lookup_miss.sum,100,-0.051993256789308176,
H100,l1_to_l2,2,temporal,embedding_bag,tex_source_l2_read_requests,Read requests,lts__t_requests_srcunit_tex_op_read.sum,100,0.960219726275508,
H100,l1_to_l2,2,temporal,embedding_bag,l2_read_work,Read sectors,lts__t_sectors_srcunit_tex_op_read.sum,100,0.8977036114830768,
H100,l1_to_l2,2,temporal,embedding_bag,l2_read_misses,Read-sector misses,lts__t_sectors_op_read_lookup_miss.sum,100,0.6912232153208986,
H100,l1_to_l2,2,temporal,softmax_bias,tex_source_l2_read_requests,Read requests,lts__t_requests_srcunit_tex_op_read.sum,100,0.9618905842412123,
H100,l1_to_l2,2,temporal,softmax_bias,l2_read_work,Read sectors,lts__t_sectors_srcunit_tex_op_read.sum,100,0.8908674515502405,
H100,l1_to_l2,2,temporal,softmax_bias,l2_read_misses,Read-sector misses,lts__t_sectors_op_read_lookup_miss.sum,100,0.706656695542353,
H100,l1_to_l2,2,temporal,stencil5,tex_source_l2_read_requests,Read requests,lts__t_requests_srcunit_tex_op_read.sum,100,0.9352269263003723,
H100,l1_to_l2,2,temporal,stencil5,l2_read_work,Read sectors,lts__t_sectors_srcunit_tex_op_read.sum,100,0.9146718906191529,
H100,l1_to_l2,2,temporal,stencil5,l2_read_misses,Read-sector misses,lts__t_sectors_op_read_lookup_miss.sum,100,0.9259929973027415,
H100,l1_to_l2,3,all,gemv,tex_source_l2_read_requests,Read requests,lts__t_requests_srcunit_tex_op_read.sum,100,0.3833339301141179,
H100,l1_to_l2,3,all,gemv,l2_read_work,Read sectors,lts__t_sectors_srcunit_tex_op_read.sum,100,-0.8631384137717938,
H100,l1_to_l2,3,all,gemv,l2_read_misses,Read-sector misses,lts__t_sectors_op_read_lookup_miss.sum,100,0.06861430184204582,
H100,l1_to_l2,3,all,gesummv,tex_source_l2_read_requests,Read requests,lts__t_requests_srcunit_tex_op_read.sum,100,0.12873306503728785,
H100,l1_to_l2,3,all,gesummv,l2_read_work,Read sectors,lts__t_sectors_srcunit_tex_op_read.sum,100,-0.7671676825506,
H100,l1_to_l2,3,all,gesummv,l2_read_misses,Read-sector misses,lts__t_sectors_op_read_lookup_miss.sum,100,-0.01856186264652915,
H100,l1_to_l2,3,all,mvt,tex_source_l2_read_requests,Read requests,lts__t_requests_srcunit_tex_op_read.sum,100,0.763668251501807,
H100,l1_to_l2,3,all,mvt,l2_read_work,Read sectors,lts__t_sectors_srcunit_tex_op_read.sum,100,-0.389612564917071,
H100,l1_to_l2,3,all,mvt,l2_read_misses,Read-sector misses,lts__t_sectors_op_read_lookup_miss.sum,100,0.4144327683165415,
H100,l1_to_l2,3,all,embedding_bag,tex_source_l2_read_requests,Read requests,lts__t_requests_srcunit_tex_op_read.sum,100,0.958068446784422,
H100,l1_to_l2,3,all,embedding_bag,l2_read_work,Read sectors,lts__t_sectors_srcunit_tex_op_read.sum,100,0.9294595434995945,
H100,l1_to_l2,3,all,embedding_bag,l2_read_misses,Read-sector misses,lts__t_sectors_op_read_lookup_miss.sum,100,0.8906466039706656,
H100,l1_to_l2,3,all,softmax_bias,tex_source_l2_read_requests,Read requests,lts__t_requests_srcunit_tex_op_read.sum,100,0.8072910357011559,
H100,l1_to_l2,3,all,softmax_bias,l2_read_work,Read sectors,lts__t_sectors_srcunit_tex_op_read.sum,100,0.8362772518539249,
H100,l1_to_l2,3,all,softmax_bias,l2_read_misses,Read-sector misses,lts__t_sectors_op_read_lookup_miss.sum,100,0.6239598049277314,
H100,l1_to_l2,3,all,stencil5,tex_source_l2_read_requests,Read requests,lts__t_requests_srcunit_tex_op_read.sum,100,0.9332216164667897,
H100,l1_to_l2,3,all,stencil5,l2_read_work,Read sectors,lts__t_sectors_srcunit_tex_op_read.sum,100,0.9465905687904619,
H100,l1_to_l2,3,all,stencil5,l2_read_misses,Read-sector misses,lts__t_sectors_op_read_lookup_miss.sum,100,0.9415181924508291,
H100,l1_to_l2,3,issue,gemv,tex_source_l2_read_requests,Read requests,lts__t_requests_srcunit_tex_op_read.sum,100,0.29281236099344027,
H100,l1_to_l2,3,issue,gemv,l2_read_work,Read sectors,lts__t_sectors_srcunit_tex_op_read.sum,100,-0.9004878362293244,
H100,l1_to_l2,3,issue,gemv,l2_read_misses,Read-sector misses,lts__t_sectors_op_read_lookup_miss.sum,100,0.024158736129681,
H100,l1_to_l2,3,issue,gesummv,tex_source_l2_read_requests,Read requests,lts__t_requests_srcunit_tex_op_read.sum,100,0.24727028365145876,
H100,l1_to_l2,3,issue,gesummv,l2_read_work,Read sectors,lts__t_sectors_srcunit_tex_op_read.sum,100,-0.6808047104756232,
H100,l1_to_l2,3,issue,gesummv,l2_read_misses,Read-sector misses,lts__t_sectors_op_read_lookup_miss.sum,100,0.03495336356156338,
H100,l1_to_l2,3,issue,mvt,tex_source_l2_read_requests,Read requests,lts__t_requests_srcunit_tex_op_read.sum,100,0.7991030881545607,
H100,l1_to_l2,3,issue,mvt,l2_read_work,Read sectors,lts__t_sectors_srcunit_tex_op_read.sum,100,-0.404557687159166,
H100,l1_to_l2,3,issue,mvt,l2_read_misses,Read-sector misses,lts__t_sectors_op_read_lookup_miss.sum,100,0.2743000452099382,
H100,l1_to_l2,3,issue,embedding_bag,tex_source_l2_read_requests,Read requests,lts__t_requests_srcunit_tex_op_read.sum,100,0.9467951485679292,
H100,l1_to_l2,3,issue,embedding_bag,l2_read_work,Read sectors,lts__t_sectors_srcunit_tex_op_read.sum,100,0.9350972841091226,
H100,l1_to_l2,3,issue,embedding_bag,l2_read_misses,Read-sector misses,lts__t_sectors_op_read_lookup_miss.sum,100,0.9283031211445826,
H100,l1_to_l2,3,issue,softmax_bias,tex_source_l2_read_requests,Read requests,lts__t_requests_srcunit_tex_op_read.sum,100,0.8289137506585262,
H100,l1_to_l2,3,issue,softmax_bias,l2_read_work,Read sectors,lts__t_sectors_srcunit_tex_op_read.sum,100,0.8354914217550827,
H100,l1_to_l2,3,issue,softmax_bias,l2_read_misses,Read-sector misses,lts__t_sectors_op_read_lookup_miss.sum,100,0.6087361672380482,
H100,l1_to_l2,3,issue,stencil5,tex_source_l2_read_requests,Read requests,lts__t_requests_srcunit_tex_op_read.sum,100,0.8236895732874563,
H100,l1_to_l2,3,issue,stencil5,l2_read_work,Read sectors,lts__t_sectors_srcunit_tex_op_read.sum,100,0.9292417562890933,
H100,l1_to_l2,3,issue,stencil5,l2_read_misses,Read-sector misses,lts__t_sectors_op_read_lookup_miss.sum,100,0.9634107352804078,
H100,l1_to_l2,3,temporal,gemv,tex_source_l2_read_requests,Read requests,lts__t_requests_srcunit_tex_op_read.sum,100,0.3511414759672959,
H100,l1_to_l2,3,temporal,gemv,l2_read_work,Read sectors,lts__t_sectors_srcunit_tex_op_read.sum,100,-0.8309640058339837,
H100,l1_to_l2,3,temporal,gemv,l2_read_misses,Read-sector misses,lts__t_sectors_op_read_lookup_miss.sum,100,-0.11063206424990646,
H100,l1_to_l2,3,temporal,gesummv,tex_source_l2_read_requests,Read requests,lts__t_requests_srcunit_tex_op_read.sum,100,0.11174396179077005,
H100,l1_to_l2,3,temporal,gesummv,l2_read_work,Read sectors,lts__t_sectors_srcunit_tex_op_read.sum,100,-0.8052957107316436,
H100,l1_to_l2,3,temporal,gesummv,l2_read_misses,Read-sector misses,lts__t_sectors_op_read_lookup_miss.sum,100,-0.11192110303540304,
H100,l1_to_l2,3,temporal,mvt,tex_source_l2_read_requests,Read requests,lts__t_requests_srcunit_tex_op_read.sum,100,0.7386088055728294,
H100,l1_to_l2,3,temporal,mvt,l2_read_work,Read sectors,lts__t_sectors_srcunit_tex_op_read.sum,100,-0.3227762372208344,
H100,l1_to_l2,3,temporal,mvt,l2_read_misses,Read-sector misses,lts__t_sectors_op_read_lookup_miss.sum,100,0.39384983556821596,
H100,l1_to_l2,3,temporal,embedding_bag,tex_source_l2_read_requests,Read requests,lts__t_requests_srcunit_tex_op_read.sum,100,0.9453703626088538,
H100,l1_to_l2,3,temporal,embedding_bag,l2_read_work,Read sectors,lts__t_sectors_srcunit_tex_op_read.sum,100,0.9253780142492263,
H100,l1_to_l2,3,temporal,embedding_bag,l2_read_misses,Read-sector misses,lts__t_sectors_op_read_lookup_miss.sum,100,0.8952411674498715,
H100,l1_to_l2,3,temporal,softmax_bias,tex_source_l2_read_requests,Read requests,lts__t_requests_srcunit_tex_op_read.sum,100,0.768625635181722,
H100,l1_to_l2,3,temporal,softmax_bias,l2_read_work,Read sectors,lts__t_sectors_srcunit_tex_op_read.sum,100,0.8388197608615859,
H100,l1_to_l2,3,temporal,softmax_bias,l2_read_misses,Read-sector misses,lts__t_sectors_op_read_lookup_miss.sum,100,0.49392044247970496,
H100,l1_to_l2,3,temporal,stencil5,tex_source_l2_read_requests,Read requests,lts__t_requests_srcunit_tex_op_read.sum,100,0.943760242547252,
H100,l1_to_l2,3,temporal,stencil5,l2_read_work,Read sectors,lts__t_sectors_srcunit_tex_op_read.sum,100,0.943395642543014,
H100,l1_to_l2,3,temporal,stencil5,l2_read_misses,Read-sector misses,lts__t_sectors_op_read_lookup_miss.sum,100,0.9348830341890165,
H100,speedup,1,all,gemv,tex_source_l2_read_requests,Read requests,lts__t_requests_srcunit_tex_op_read.sum,100,-0.018574375015776894,
H100,speedup,1,all,gemv,l2_read_work,Read sectors,lts__t_sectors_srcunit_tex_op_read.sum,100,0.661927184842307,
H100,speedup,1,all,gemv,l2_read_misses,Read-sector misses,lts__t_sectors_op_read_lookup_miss.sum,100,0.011499322563928584,
H100,speedup,1,all,gesummv,tex_source_l2_read_requests,Read requests,lts__t_requests_srcunit_tex_op_read.sum,100,-0.1250168839323976,
H100,speedup,1,all,gesummv,l2_read_work,Read sectors,lts__t_sectors_srcunit_tex_op_read.sum,100,0.7029080949211968,
H100,speedup,1,all,gesummv,l2_read_misses,Read-sector misses,lts__t_sectors_op_read_lookup_miss.sum,100,-0.26307966007155353,
H100,speedup,1,all,mvt,tex_source_l2_read_requests,Read requests,lts__t_requests_srcunit_tex_op_read.sum,100,0.850733853738039,
H100,speedup,1,all,mvt,l2_read_work,Read sectors,lts__t_sectors_srcunit_tex_op_read.sum,100,0.5516543373978735,
H100,speedup,1,all,mvt,l2_read_misses,Read-sector misses,lts__t_sectors_op_read_lookup_miss.sum,100,-0.4411274731441629,
H100,speedup,1,all,embedding_bag,tex_source_l2_read_requests,Read requests,lts__t_requests_srcunit_tex_op_read.sum,100,0.7859782288191053,
H100,speedup,1,all,embedding_bag,l2_read_work,Read sectors,lts__t_sectors_srcunit_tex_op_read.sum,100,0.7859782288191053,
H100,speedup,1,all,embedding_bag,l2_read_misses,Read-sector misses,lts__t_sectors_op_read_lookup_miss.sum,100,0.2474232923430663,
H100,speedup,1,all,softmax_bias,tex_source_l2_read_requests,Read requests,lts__t_requests_srcunit_tex_op_read.sum,100,0.7614420518651512,
H100,speedup,1,all,softmax_bias,l2_read_work,Read sectors,lts__t_sectors_srcunit_tex_op_read.sum,100,0.767356884809931,
H100,speedup,1,all,softmax_bias,l2_read_misses,Read-sector misses,lts__t_sectors_op_read_lookup_miss.sum,100,0.7597770657805529,
H100,speedup,1,all,stencil5,tex_source_l2_read_requests,Read requests,lts__t_requests_srcunit_tex_op_read.sum,100,0.8430057311581586,
H100,speedup,1,all,stencil5,l2_read_work,Read sectors,lts__t_sectors_srcunit_tex_op_read.sum,100,0.9637937866769547,
H100,speedup,1,all,stencil5,l2_read_misses,Read-sector misses,lts__t_sectors_op_read_lookup_miss.sum,100,0.9319012698663113,
H100,speedup,1,issue,gemv,tex_source_l2_read_requests,Read requests,lts__t_requests_srcunit_tex_op_read.sum,100,-0.26695454508607996,
H100,speedup,1,issue,gemv,l2_read_work,Read sectors,lts__t_sectors_srcunit_tex_op_read.sum,100,0.8061879512121518,
H100,speedup,1,issue,gemv,l2_read_misses,Read-sector misses,lts__t_sectors_op_read_lookup_miss.sum,100,-0.05236337929519749,
H100,speedup,1,issue,gesummv,tex_source_l2_read_requests,Read requests,lts__t_requests_srcunit_tex_op_read.sum,100,-0.23142620127110552,
H100,speedup,1,issue,gesummv,l2_read_work,Read sectors,lts__t_sectors_srcunit_tex_op_read.sum,100,0.7962584626012452,
H100,speedup,1,issue,gesummv,l2_read_misses,Read-sector misses,lts__t_sectors_op_read_lookup_miss.sum,100,-0.015453712865813938,
H100,speedup,1,issue,mvt,tex_source_l2_read_requests,Read requests,lts__t_requests_srcunit_tex_op_read.sum,100,0.75406663244167,
H100,speedup,1,issue,mvt,l2_read_work,Read sectors,lts__t_sectors_srcunit_tex_op_read.sum,100,0.7187218994424195,
H100,speedup,1,issue,mvt,l2_read_misses,Read-sector misses,lts__t_sectors_op_read_lookup_miss.sum,100,-0.4770933361718117,
H100,speedup,1,issue,embedding_bag,tex_source_l2_read_requests,Read requests,lts__t_requests_srcunit_tex_op_read.sum,100,0.4699171014213261,
H100,speedup,1,issue,embedding_bag,l2_read_work,Read sectors,lts__t_sectors_srcunit_tex_op_read.sum,100,0.4699171014213261,
H100,speedup,1,issue,embedding_bag,l2_read_misses,Read-sector misses,lts__t_sectors_op_read_lookup_miss.sum,100,0.03897817083162943,
H100,speedup,1,issue,softmax_bias,tex_source_l2_read_requests,Read requests,lts__t_requests_srcunit_tex_op_read.sum,100,0.46864469846784157,
H100,speedup,1,issue,softmax_bias,l2_read_work,Read sectors,lts__t_sectors_srcunit_tex_op_read.sum,100,0.5301561569314572,
H100,speedup,1,issue,softmax_bias,l2_read_misses,Read-sector misses,lts__t_sectors_op_read_lookup_miss.sum,100,0.4942365428712898,
H100,speedup,1,issue,stencil5,tex_source_l2_read_requests,Read requests,lts__t_requests_srcunit_tex_op_read.sum,100,0.8418316308662331,
H100,speedup,1,issue,stencil5,l2_read_work,Read sectors,lts__t_sectors_srcunit_tex_op_read.sum,100,0.9444994483432969,
H100,speedup,1,issue,stencil5,l2_read_misses,Read-sector misses,lts__t_sectors_op_read_lookup_miss.sum,100,0.9236917570054022,
H100,speedup,1,temporal,gemv,tex_source_l2_read_requests,Read requests,lts__t_requests_srcunit_tex_op_read.sum,100,-0.09061264551501347,
H100,speedup,1,temporal,gemv,l2_read_work,Read sectors,lts__t_sectors_srcunit_tex_op_read.sum,100,0.718301404599245,
H100,speedup,1,temporal,gemv,l2_read_misses,Read-sector misses,lts__t_sectors_op_read_lookup_miss.sum,100,-0.0651621950645293,
H100,speedup,1,temporal,gesummv,tex_source_l2_read_requests,Read requests,lts__t_requests_srcunit_tex_op_read.sum,100,0.0171176073075343,
H100,speedup,1,temporal,gesummv,l2_read_work,Read sectors,lts__t_sectors_srcunit_tex_op_read.sum,100,0.6701662509415331,
H100,speedup,1,temporal,gesummv,l2_read_misses,Read-sector misses,lts__t_sectors_op_read_lookup_miss.sum,100,-0.10725449691908302,
H100,speedup,1,temporal,mvt,tex_source_l2_read_requests,Read requests,lts__t_requests_srcunit_tex_op_read.sum,100,0.85901193398011,
H100,speedup,1,temporal,mvt,l2_read_work,Read sectors,lts__t_sectors_srcunit_tex_op_read.sum,100,0.8063101253752286,
H100,speedup,1,temporal,mvt,l2_read_misses,Read-sector misses,lts__t_sectors_op_read_lookup_miss.sum,100,-0.38883706824742553,
H100,speedup,1,temporal,embedding_bag,tex_source_l2_read_requests,Read requests,lts__t_requests_srcunit_tex_op_read.sum,100,0.8261768919702867,
H100,speedup,1,temporal,embedding_bag,l2_read_work,Read sectors,lts__t_sectors_srcunit_tex_op_read.sum,100,0.8261768919702867,
H100,speedup,1,temporal,embedding_bag,l2_read_misses,Read-sector misses,lts__t_sectors_op_read_lookup_miss.sum,100,0.23136891157391756,
H100,speedup,1,temporal,softmax_bias,tex_source_l2_read_requests,Read requests,lts__t_requests_srcunit_tex_op_read.sum,100,0.7951643524657749,
H100,speedup,1,temporal,softmax_bias,l2_read_work,Read sectors,lts__t_sectors_srcunit_tex_op_read.sum,100,0.7992999675274879,
H100,speedup,1,temporal,softmax_bias,l2_read_misses,Read-sector misses,lts__t_sectors_op_read_lookup_miss.sum,100,0.7937674641098805,
H100,speedup,1,temporal,stencil5,tex_source_l2_read_requests,Read requests,lts__t_requests_srcunit_tex_op_read.sum,100,0.8453325308307619,
H100,speedup,1,temporal,stencil5,l2_read_work,Read sectors,lts__t_sectors_srcunit_tex_op_read.sum,100,0.9656910768592577,
H100,speedup,1,temporal,stencil5,l2_read_misses,Read-sector misses,lts__t_sectors_op_read_lookup_miss.sum,100,0.9076349981722552,
H100,speedup,2,all,gemv,tex_source_l2_read_requests,Read requests,lts__t_requests_srcunit_tex_op_read.sum,100,0.26664793482925964,
H100,speedup,2,all,gemv,l2_read_work,Read sectors,lts__t_sectors_srcunit_tex_op_read.sum,100,0.8054544030059844,
H100,speedup,2,all,gemv,l2_read_misses,Read-sector misses,lts__t_sectors_op_read_lookup_miss.sum,100,0.2318927849556634,
H100,speedup,2,all,gesummv,tex_source_l2_read_requests,Read requests,lts__t_requests_srcunit_tex_op_read.sum,100,0.12486663911112901,
H100,speedup,2,all,gesummv,l2_read_work,Read sectors,lts__t_sectors_srcunit_tex_op_read.sum,100,0.7761444216173257,
H100,speedup,2,all,gesummv,l2_read_misses,Read-sector misses,lts__t_sectors_op_read_lookup_miss.sum,100,0.18764660316582696,
H100,speedup,2,all,mvt,tex_source_l2_read_requests,Read requests,lts__t_requests_srcunit_tex_op_read.sum,100,0.8355981321762487,
H100,speedup,2,all,mvt,l2_read_work,Read sectors,lts__t_sectors_srcunit_tex_op_read.sum,100,0.8273085459055195,
H100,speedup,2,all,mvt,l2_read_misses,Read-sector misses,lts__t_sectors_op_read_lookup_miss.sum,100,-0.5166101841155445,
H100,speedup,2,all,embedding_bag,tex_source_l2_read_requests,Read requests,lts__t_requests_srcunit_tex_op_read.sum,100,0.728948481972685,
H100,speedup,2,all,embedding_bag,l2_read_work,Read sectors,lts__t_sectors_srcunit_tex_op_read.sum,100,0.7289441077787608,
H100,speedup,2,all,embedding_bag,l2_read_misses,Read-sector misses,lts__t_sectors_op_read_lookup_miss.sum,100,0.3287283720742188,
H100,speedup,2,all,softmax_bias,tex_source_l2_read_requests,Read requests,lts__t_requests_srcunit_tex_op_read.sum,100,0.748046495353495,
H100,speedup,2,all,softmax_bias,l2_read_work,Read sectors,lts__t_sectors_srcunit_tex_op_read.sum,100,0.7575201107593482,
H100,speedup,2,all,softmax_bias,l2_read_misses,Read-sector misses,lts__t_sectors_op_read_lookup_miss.sum,100,0.740439244319951,
H100,speedup,2,all,stencil5,tex_source_l2_read_requests,Read requests,lts__t_requests_srcunit_tex_op_read.sum,100,0.8293109327220307,
H100,speedup,2,all,stencil5,l2_read_work,Read sectors,lts__t_sectors_srcunit_tex_op_read.sum,100,0.9637908950020897,
H100,speedup,2,all,stencil5,l2_read_misses,Read-sector misses,lts__t_sectors_op_read_lookup_miss.sum,100,0.9228471328901109,
H100,speedup,2,issue,gemv,tex_source_l2_read_requests,Read requests,lts__t_requests_srcunit_tex_op_read.sum,100,0.09670080059722903,
H100,speedup,2,issue,gemv,l2_read_work,Read sectors,lts__t_sectors_srcunit_tex_op_read.sum,100,0.853632004263666,
H100,speedup,2,issue,gemv,l2_read_misses,Read-sector misses,lts__t_sectors_op_read_lookup_miss.sum,100,-0.09686019696267228,
H100,speedup,2,issue,gesummv,tex_source_l2_read_requests,Read requests,lts__t_requests_srcunit_tex_op_read.sum,100,0.11330999749526201,
H100,speedup,2,issue,gesummv,l2_read_work,Read sectors,lts__t_sectors_srcunit_tex_op_read.sum,100,0.87491121657326,
H100,speedup,2,issue,gesummv,l2_read_misses,Read-sector misses,lts__t_sectors_op_read_lookup_miss.sum,100,0.20519050598963678,
H100,speedup,2,issue,mvt,tex_source_l2_read_requests,Read requests,lts__t_requests_srcunit_tex_op_read.sum,100,0.6559315681126325,
H100,speedup,2,issue,mvt,l2_read_work,Read sectors,lts__t_sectors_srcunit_tex_op_read.sum,100,0.4584883493185489,
H100,speedup,2,issue,mvt,l2_read_misses,Read-sector misses,lts__t_sectors_op_read_lookup_miss.sum,100,-0.5150795866351582,
H100,speedup,2,issue,embedding_bag,tex_source_l2_read_requests,Read requests,lts__t_requests_srcunit_tex_op_read.sum,100,0.4202268530274692,
H100,speedup,2,issue,embedding_bag,l2_read_work,Read sectors,lts__t_sectors_srcunit_tex_op_read.sum,100,0.4419510199044951,
H100,speedup,2,issue,embedding_bag,l2_read_misses,Read-sector misses,lts__t_sectors_op_read_lookup_miss.sum,100,0.05907374587400304,
H100,speedup,2,issue,softmax_bias,tex_source_l2_read_requests,Read requests,lts__t_requests_srcunit_tex_op_read.sum,100,0.5094889980506917,
H100,speedup,2,issue,softmax_bias,l2_read_work,Read sectors,lts__t_sectors_srcunit_tex_op_read.sum,100,0.5742678639153824,
H100,speedup,2,issue,softmax_bias,l2_read_misses,Read-sector misses,lts__t_sectors_op_read_lookup_miss.sum,100,0.5319703665049313,
H100,speedup,2,issue,stencil5,tex_source_l2_read_requests,Read requests,lts__t_requests_srcunit_tex_op_read.sum,100,0.7888673020473657,
H100,speedup,2,issue,stencil5,l2_read_work,Read sectors,lts__t_sectors_srcunit_tex_op_read.sum,100,0.9496947888765115,
H100,speedup,2,issue,stencil5,l2_read_misses,Read-sector misses,lts__t_sectors_op_read_lookup_miss.sum,100,0.9418883302734259,
H100,speedup,2,temporal,gemv,tex_source_l2_read_requests,Read requests,lts__t_requests_srcunit_tex_op_read.sum,100,0.2735610988415059,
H100,speedup,2,temporal,gemv,l2_read_work,Read sectors,lts__t_sectors_srcunit_tex_op_read.sum,100,0.7723082459535026,
H100,speedup,2,temporal,gemv,l2_read_misses,Read-sector misses,lts__t_sectors_op_read_lookup_miss.sum,100,0.12251509127861417,
H100,speedup,2,temporal,gesummv,tex_source_l2_read_requests,Read requests,lts__t_requests_srcunit_tex_op_read.sum,100,0.13158396147183254,
H100,speedup,2,temporal,gesummv,l2_read_work,Read sectors,lts__t_sectors_srcunit_tex_op_read.sum,100,0.7681730354617012,
H100,speedup,2,temporal,gesummv,l2_read_misses,Read-sector misses,lts__t_sectors_op_read_lookup_miss.sum,100,0.05702958364083782,
H100,speedup,2,temporal,mvt,tex_source_l2_read_requests,Read requests,lts__t_requests_srcunit_tex_op_read.sum,100,0.8522269507270198,
H100,speedup,2,temporal,mvt,l2_read_work,Read sectors,lts__t_sectors_srcunit_tex_op_read.sum,100,0.7961190203387064,
H100,speedup,2,temporal,mvt,l2_read_misses,Read-sector misses,lts__t_sectors_op_read_lookup_miss.sum,100,-0.09633025380133331,
H100,speedup,2,temporal,embedding_bag,tex_source_l2_read_requests,Read requests,lts__t_requests_srcunit_tex_op_read.sum,100,0.7597816249672542,
H100,speedup,2,temporal,embedding_bag,l2_read_work,Read sectors,lts__t_sectors_srcunit_tex_op_read.sum,100,0.7597793453636442,
H100,speedup,2,temporal,embedding_bag,l2_read_misses,Read-sector misses,lts__t_sectors_op_read_lookup_miss.sum,100,0.3663586263960013,
H100,speedup,2,temporal,softmax_bias,tex_source_l2_read_requests,Read requests,lts__t_requests_srcunit_tex_op_read.sum,100,0.7743751141451987,
H100,speedup,2,temporal,softmax_bias,l2_read_work,Read sectors,lts__t_sectors_srcunit_tex_op_read.sum,100,0.7750686965060362,
H100,speedup,2,temporal,softmax_bias,l2_read_misses,Read-sector misses,lts__t_sectors_op_read_lookup_miss.sum,100,0.7690010952167435,
H100,speedup,2,temporal,stencil5,tex_source_l2_read_requests,Read requests,lts__t_requests_srcunit_tex_op_read.sum,100,0.8216616743683096,
H100,speedup,2,temporal,stencil5,l2_read_work,Read sectors,lts__t_sectors_srcunit_tex_op_read.sum,100,0.9656910768592577,
H100,speedup,2,temporal,stencil5,l2_read_misses,Read-sector misses,lts__t_sectors_op_read_lookup_miss.sum,100,0.9131258465066531,
H100,speedup,3,all,gemv,tex_source_l2_read_requests,Read requests,lts__t_requests_srcunit_tex_op_read.sum,100,0.1627707585089025,
H100,speedup,3,all,gemv,l2_read_work,Read sectors,lts__t_sectors_srcunit_tex_op_read.sum,100,-0.08362357275714374,
H100,speedup,3,all,gemv,l2_read_misses,Read-sector misses,lts__t_sectors_op_read_lookup_miss.sum,100,0.1374328040835034,
H100,speedup,3,all,gesummv,tex_source_l2_read_requests,Read requests,lts__t_requests_srcunit_tex_op_read.sum,100,0.10241226912451927,
H100,speedup,3,all,gesummv,l2_read_work,Read sectors,lts__t_sectors_srcunit_tex_op_read.sum,100,0.2727534108781266,
H100,speedup,3,all,gesummv,l2_read_misses,Read-sector misses,lts__t_sectors_op_read_lookup_miss.sum,100,0.0607421342071212,
H100,speedup,3,all,mvt,tex_source_l2_read_requests,Read requests,lts__t_requests_srcunit_tex_op_read.sum,100,0.04899848288530251,
H100,speedup,3,all,mvt,l2_read_work,Read sectors,lts__t_sectors_srcunit_tex_op_read.sum,100,-0.42462724987332123,
H100,speedup,3,all,mvt,l2_read_misses,Read-sector misses,lts__t_sectors_op_read_lookup_miss.sum,100,0.7458099872303626,
H100,speedup,3,all,embedding_bag,tex_source_l2_read_requests,Read requests,lts__t_requests_srcunit_tex_op_read.sum,100,-0.04241706683927528,
H100,speedup,3,all,embedding_bag,l2_read_work,Read sectors,lts__t_sectors_srcunit_tex_op_read.sum,100,-0.06252785670565422,
H100,speedup,3,all,embedding_bag,l2_read_misses,Read-sector misses,lts__t_sectors_op_read_lookup_miss.sum,100,-0.12408127812708787,
H100,speedup,3,all,softmax_bias,tex_source_l2_read_requests,Read requests,lts__t_requests_srcunit_tex_op_read.sum,100,0.14280875628650866,
H100,speedup,3,all,softmax_bias,l2_read_work,Read sectors,lts__t_sectors_srcunit_tex_op_read.sum,100,0.07790438927718922,
H100,speedup,3,all,softmax_bias,l2_read_misses,Read-sector misses,lts__t_sectors_op_read_lookup_miss.sum,100,0.22678533504600568,
H100,speedup,3,all,stencil5,tex_source_l2_read_requests,Read requests,lts__t_requests_srcunit_tex_op_read.sum,100,0.542073444163561,
H100,speedup,3,all,stencil5,l2_read_work,Read sectors,lts__t_sectors_srcunit_tex_op_read.sum,100,0.4953421070149945,
H100,speedup,3,all,stencil5,l2_read_misses,Read-sector misses,lts__t_sectors_op_read_lookup_miss.sum,100,0.4336673845582165,
H100,speedup,3,issue,gemv,tex_source_l2_read_requests,Read requests,lts__t_requests_srcunit_tex_op_read.sum,100,0.06419740890071014,
H100,speedup,3,issue,gemv,l2_read_work,Read sectors,lts__t_sectors_srcunit_tex_op_read.sum,100,0.17318250095573706,
H100,speedup,3,issue,gemv,l2_read_misses,Read-sector misses,lts__t_sectors_op_read_lookup_miss.sum,100,-0.02413225836444408,
H100,speedup,3,issue,gesummv,tex_source_l2_read_requests,Read requests,lts__t_requests_srcunit_tex_op_read.sum,100,0.03878793133687221,
H100,speedup,3,issue,gesummv,l2_read_work,Read sectors,lts__t_sectors_srcunit_tex_op_read.sum,100,0.08162356053966677,
H100,speedup,3,issue,gesummv,l2_read_misses,Read-sector misses,lts__t_sectors_op_read_lookup_miss.sum,100,0.020599651169923447,
H100,speedup,3,issue,mvt,tex_source_l2_read_requests,Read requests,lts__t_requests_srcunit_tex_op_read.sum,100,0.20481481108781974,
H100,speedup,3,issue,mvt,l2_read_work,Read sectors,lts__t_sectors_srcunit_tex_op_read.sum,100,-0.2638074227949839,
H100,speedup,3,issue,mvt,l2_read_misses,Read-sector misses,lts__t_sectors_op_read_lookup_miss.sum,100,0.4737745149029304,
H100,speedup,3,issue,embedding_bag,tex_source_l2_read_requests,Read requests,lts__t_requests_srcunit_tex_op_read.sum,100,0.12578208326457313,
H100,speedup,3,issue,embedding_bag,l2_read_work,Read sectors,lts__t_sectors_srcunit_tex_op_read.sum,100,0.12578208326457313,
H100,speedup,3,issue,embedding_bag,l2_read_misses,Read-sector misses,lts__t_sectors_op_read_lookup_miss.sum,100,0.11431777679788122,
H100,speedup,3,issue,softmax_bias,tex_source_l2_read_requests,Read requests,lts__t_requests_srcunit_tex_op_read.sum,100,0.22876675683799283,
H100,speedup,3,issue,softmax_bias,l2_read_work,Read sectors,lts__t_sectors_srcunit_tex_op_read.sum,100,0.041288081383855674,
H100,speedup,3,issue,softmax_bias,l2_read_misses,Read-sector misses,lts__t_sectors_op_read_lookup_miss.sum,100,0.22889406989895314,
H100,speedup,3,issue,stencil5,tex_source_l2_read_requests,Read requests,lts__t_requests_srcunit_tex_op_read.sum,100,0.45933475406480545,
H100,speedup,3,issue,stencil5,l2_read_work,Read sectors,lts__t_sectors_srcunit_tex_op_read.sum,100,0.33553750722115777,
H100,speedup,3,issue,stencil5,l2_read_misses,Read-sector misses,lts__t_sectors_op_read_lookup_miss.sum,100,0.2785221822462108,
H100,speedup,3,temporal,gemv,tex_source_l2_read_requests,Read requests,lts__t_requests_srcunit_tex_op_read.sum,100,0.134906371064507,
H100,speedup,3,temporal,gemv,l2_read_work,Read sectors,lts__t_sectors_srcunit_tex_op_read.sum,100,0.03815800627969891,
H100,speedup,3,temporal,gemv,l2_read_misses,Read-sector misses,lts__t_sectors_op_read_lookup_miss.sum,100,0.016378980676170548,
H100,speedup,3,temporal,gesummv,tex_source_l2_read_requests,Read requests,lts__t_requests_srcunit_tex_op_read.sum,100,0.10719698061663717,
H100,speedup,3,temporal,gesummv,l2_read_work,Read sectors,lts__t_sectors_srcunit_tex_op_read.sum,100,0.1418215115557631,
H100,speedup,3,temporal,gesummv,l2_read_misses,Read-sector misses,lts__t_sectors_op_read_lookup_miss.sum,100,0.06042741801283979,
H100,speedup,3,temporal,mvt,tex_source_l2_read_requests,Read requests,lts__t_requests_srcunit_tex_op_read.sum,100,-0.0013723046777654039,
H100,speedup,3,temporal,mvt,l2_read_work,Read sectors,lts__t_sectors_srcunit_tex_op_read.sum,100,-0.42571371920828893,
H100,speedup,3,temporal,mvt,l2_read_misses,Read-sector misses,lts__t_sectors_op_read_lookup_miss.sum,100,0.8028196406252078,
H100,speedup,3,temporal,embedding_bag,tex_source_l2_read_requests,Read requests,lts__t_requests_srcunit_tex_op_read.sum,100,0.043137611920188786,
H100,speedup,3,temporal,embedding_bag,l2_read_work,Read sectors,lts__t_sectors_srcunit_tex_op_read.sum,100,0.05445027145194828,
H100,speedup,3,temporal,embedding_bag,l2_read_misses,Read-sector misses,lts__t_sectors_op_read_lookup_miss.sum,100,-0.018400552347142447,
H100,speedup,3,temporal,softmax_bias,tex_source_l2_read_requests,Read requests,lts__t_requests_srcunit_tex_op_read.sum,100,0.10802200796030782,
H100,speedup,3,temporal,softmax_bias,l2_read_work,Read sectors,lts__t_sectors_srcunit_tex_op_read.sum,100,0.07591806333632767,
H100,speedup,3,temporal,softmax_bias,l2_read_misses,Read-sector misses,lts__t_sectors_op_read_lookup_miss.sum,100,0.1127170457034532,
H100,speedup,3,temporal,stencil5,tex_source_l2_read_requests,Read requests,lts__t_requests_srcunit_tex_op_read.sum,100,0.5182345119168319,
H100,speedup,3,temporal,stencil5,l2_read_work,Read sectors,lts__t_sectors_srcunit_tex_op_read.sum,100,0.5022120189815296,
H100,speedup,3,temporal,stencil5,l2_read_misses,Read-sector misses,lts__t_sectors_op_read_lookup_miss.sum,100,0.46408467122563307,
MI300A,expert,1,all,gemv,l1_to_l2_read_requests,TCP→TCC reads,TCP_TCC_READ_REQ_sum,100,0.98268366214178,
MI300A,expert,1,all,gemv,l1_to_l2_write_requests,TCP→TCC writes,TCP_TCC_WRITE_REQ_sum,100,,constant counter
MI300A,expert,1,all,gemv,l1_to_l2_total_requests,TCP→TCC total,derived: TCP_TCC_READ_REQ_sum + TCP_TCC_WRITE_REQ_sum,100,0.98268366214178,
MI300A,expert,1,all,gemv,l2_tag_requests,TCC tag requests,TCC_REQ_sum,100,0.9781849311212881,
MI300A,expert,1,all,gemv,second_level_read_requests,TCC reads,TCC_READ_sum,100,0.9778023662680851,
MI300A,expert,1,all,gemv,l2_hits,TCC hits,TCC_HIT_sum,100,0.9777901282274328,
MI300A,expert,1,all,gemv,l2_misses,TCC misses,TCC_MISS_sum,100,-0.06873266878354006,
MI300A,expert,1,all,gemv,l2_hit_rate_percent,TCC hit rate,derived: 100 × TCC_HIT_sum / (TCC_HIT_sum + TCC_MISS_sum),100,0.9771719776594607,
MI300A,expert,1,all,gesummv,l1_to_l2_read_requests,TCP→TCC reads,TCP_TCC_READ_REQ_sum,100,0.6916639315751626,
MI300A,expert,1,all,gesummv,l1_to_l2_write_requests,TCP→TCC writes,TCP_TCC_WRITE_REQ_sum,100,,constant counter
MI300A,expert,1,all,gesummv,l1_to_l2_total_requests,TCP→TCC total,derived: TCP_TCC_READ_REQ_sum + TCP_TCC_WRITE_REQ_sum,100,0.6916639315751626,
MI300A,expert,1,all,gesummv,l2_tag_requests,TCC tag requests,TCC_REQ_sum,100,0.6919160922527385,
MI300A,expert,1,all,gesummv,second_level_read_requests,TCC reads,TCC_READ_sum,100,0.6937450906052661,
MI300A,expert,1,all,gesummv,l2_hits,TCC hits,TCC_HIT_sum,100,0.6920810492733092,
MI300A,expert,1,all,gesummv,l2_misses,TCC misses,TCC_MISS_sum,100,0.2805728086667636,
MI300A,expert,1,all,gesummv,l2_hit_rate_percent,TCC hit rate,derived: 100 × TCC_HIT_sum / (TCC_HIT_sum + TCC_MISS_sum),100,0.6930209814042078,
MI300A,expert,1,all,mvt,l1_to_l2_read_requests,TCP→TCC reads,TCP_TCC_READ_REQ_sum,100,0.9138946009886143,
MI300A,expert,1,all,mvt,l1_to_l2_write_requests,TCP→TCC writes,TCP_TCC_WRITE_REQ_sum,100,,constant counter
MI300A,expert,1,all,mvt,l1_to_l2_total_requests,TCP→TCC total,derived: TCP_TCC_READ_REQ_sum + TCP_TCC_WRITE_REQ_sum,100,0.9138946009886143,
MI300A,expert,1,all,mvt,l2_tag_requests,TCC tag requests,TCC_REQ_sum,100,0.8972667102152488,
MI300A,expert,1,all,mvt,second_level_read_requests,TCC reads,TCC_READ_sum,100,0.8813277015961111,
MI300A,expert,1,all,mvt,l2_hits,TCC hits,TCC_HIT_sum,100,0.9014507540812435,
MI300A,expert,1,all,mvt,l2_misses,TCC misses,TCC_MISS_sum,100,-0.33632163143190513,
MI300A,expert,1,all,mvt,l2_hit_rate_percent,TCC hit rate,derived: 100 × TCC_HIT_sum / (TCC_HIT_sum + TCC_MISS_sum),100,0.9006839823035865,
MI300A,expert,1,all,embedding_bag,l1_to_l2_read_requests,TCP→TCC reads,TCP_TCC_READ_REQ_sum,100,0.9713651797975684,
MI300A,expert,1,all,embedding_bag,l1_to_l2_write_requests,TCP→TCC writes,TCP_TCC_WRITE_REQ_sum,100,,constant counter
MI300A,expert,1,all,embedding_bag,l1_to_l2_total_requests,TCP→TCC total,derived: TCP_TCC_READ_REQ_sum + TCP_TCC_WRITE_REQ_sum,100,0.9713651797975684,
MI300A,expert,1,all,embedding_bag,l2_tag_requests,TCC tag requests,TCC_REQ_sum,100,0.9570996089217121,
MI300A,expert,1,all,embedding_bag,second_level_read_requests,TCC reads,TCC_READ_sum,100,0.9596188265695735,
MI300A,expert,1,all,embedding_bag,l2_hits,TCC hits,TCC_HIT_sum,100,0.959614563663666,
MI300A,expert,1,all,embedding_bag,l2_misses,TCC misses,TCC_MISS_sum,100,0.8445248705040937,
MI300A,expert,1,all,embedding_bag,l2_hit_rate_percent,TCC hit rate,derived: 100 × TCC_HIT_sum / (TCC_HIT_sum + TCC_MISS_sum),100,0.9628836540852058,
MI300A,expert,1,all,softmax_bias,l1_to_l2_read_requests,TCP→TCC reads,TCP_TCC_READ_REQ_sum,100,0.9853961779912211,
MI300A,expert,1,all,softmax_bias,l1_to_l2_write_requests,TCP→TCC writes,TCP_TCC_WRITE_REQ_sum,100,,constant counter
MI300A,expert,1,all,softmax_bias,l1_to_l2_total_requests,TCP→TCC total,derived: TCP_TCC_READ_REQ_sum + TCP_TCC_WRITE_REQ_sum,100,0.9853961779912211,
MI300A,expert,1,all,softmax_bias,l2_tag_requests,TCC tag requests,TCC_REQ_sum,100,0.9700527296846525,
MI300A,expert,1,all,softmax_bias,second_level_read_requests,TCC reads,TCC_READ_sum,100,0.9722522760844422,
MI300A,expert,1,all,softmax_bias,l2_hits,TCC hits,TCC_HIT_sum,100,0.8473063451191213,
MI300A,expert,1,all,softmax_bias,l2_misses,TCC misses,TCC_MISS_sum,100,0.9299934064900646,
MI300A,expert,1,all,softmax_bias,l2_hit_rate_percent,TCC hit rate,derived: 100 × TCC_HIT_sum / (TCC_HIT_sum + TCC_MISS_sum),100,0.2909109180104131,
MI300A,expert,1,all,stencil5,l1_to_l2_read_requests,TCP→TCC reads,TCP_TCC_READ_REQ_sum,100,0.992849176933349,
MI300A,expert,1,all,stencil5,l1_to_l2_write_requests,TCP→TCC writes,TCP_TCC_WRITE_REQ_sum,100,,constant counter
MI300A,expert,1,all,stencil5,l1_to_l2_total_requests,TCP→TCC total,derived: TCP_TCC_READ_REQ_sum + TCP_TCC_WRITE_REQ_sum,100,0.992849176933349,
MI300A,expert,1,all,stencil5,l2_tag_requests,TCC tag requests,TCC_REQ_sum,100,0.980865650671364,
MI300A,expert,1,all,stencil5,second_level_read_requests,TCC reads,TCC_READ_sum,100,0.9832461302615627,
MI300A,expert,1,all,stencil5,l2_hits,TCC hits,TCC_HIT_sum,100,0.9827556147131818,
MI300A,expert,1,all,stencil5,l2_misses,TCC misses,TCC_MISS_sum,100,-0.8998075572631491,
MI300A,expert,1,all,stencil5,l2_hit_rate_percent,TCC hit rate,derived: 100 × TCC_HIT_sum / (TCC_HIT_sum + TCC_MISS_sum),100,0.9824404154494096,
MI300A,expert,1,issue,gemv,l1_to_l2_read_requests,TCP→TCC reads,TCP_TCC_READ_REQ_sum,100,0.9815387048948931,
MI300A,expert,1,issue,gemv,l1_to_l2_write_requests,TCP→TCC writes,TCP_TCC_WRITE_REQ_sum,100,,constant counter
MI300A,expert,1,issue,gemv,l1_to_l2_total_requests,TCP→TCC total,derived: TCP_TCC_READ_REQ_sum + TCP_TCC_WRITE_REQ_sum,100,0.9815387048948931,
MI300A,expert,1,issue,gemv,l2_tag_requests,TCC tag requests,TCC_REQ_sum,100,0.9815019120565163,
MI300A,expert,1,issue,gemv,second_level_read_requests,TCC reads,TCC_READ_sum,100,0.9779355895908212,
MI300A,expert,1,issue,gemv,l2_hits,TCC hits,TCC_HIT_sum,100,0.9789863615332546,
MI300A,expert,1,issue,gemv,l2_misses,TCC misses,TCC_MISS_sum,100,0.028893863517815473,
MI300A,expert,1,issue,gemv,l2_hit_rate_percent,TCC hit rate,derived: 100 × TCC_HIT_sum / (TCC_HIT_sum + TCC_MISS_sum),100,0.9781657819353006,
MI300A,expert,1,issue,gesummv,l1_to_l2_read_requests,TCP→TCC reads,TCP_TCC_READ_REQ_sum,100,0.6124769222754114,
MI300A,expert,1,issue,gesummv,l1_to_l2_write_requests,TCP→TCC writes,TCP_TCC_WRITE_REQ_sum,100,,constant counter
MI300A,expert,1,issue,gesummv,l1_to_l2_total_requests,TCP→TCC total,derived: TCP_TCC_READ_REQ_sum + TCP_TCC_WRITE_REQ_sum,100,0.6124769222754114,
MI300A,expert,1,issue,gesummv,l2_tag_requests,TCC tag requests,TCC_REQ_sum,100,0.6131511515475527,
MI300A,expert,1,issue,gesummv,second_level_read_requests,TCC reads,TCC_READ_sum,100,0.6139221750678208,
MI300A,expert,1,issue,gesummv,l2_hits,TCC hits,TCC_HIT_sum,100,0.6133735488834993,
MI300A,expert,1,issue,gesummv,l2_misses,TCC misses,TCC_MISS_sum,100,0.5398510949509023,
MI300A,expert,1,issue,gesummv,l2_hit_rate_percent,TCC hit rate,derived: 100 × TCC_HIT_sum / (TCC_HIT_sum + TCC_MISS_sum),100,0.612810729082198,
MI300A,expert,1,issue,mvt,l1_to_l2_read_requests,TCP→TCC reads,TCP_TCC_READ_REQ_sum,100,0.9258322783852272,
MI300A,expert,1,issue,mvt,l1_to_l2_write_requests,TCP→TCC writes,TCP_TCC_WRITE_REQ_sum,100,,constant counter
MI300A,expert,1,issue,mvt,l1_to_l2_total_requests,TCP→TCC total,derived: TCP_TCC_READ_REQ_sum + TCP_TCC_WRITE_REQ_sum,100,0.9258322783852272,
MI300A,expert,1,issue,mvt,l2_tag_requests,TCC tag requests,TCC_REQ_sum,100,0.9200020703518073,
MI300A,expert,1,issue,mvt,second_level_read_requests,TCC reads,TCC_READ_sum,100,0.9059279070188624,
MI300A,expert,1,issue,mvt,l2_hits,TCC hits,TCC_HIT_sum,100,0.9272406926950734,
MI300A,expert,1,issue,mvt,l2_misses,TCC misses,TCC_MISS_sum,100,-0.35361227027349074,
MI300A,expert,1,issue,mvt,l2_hit_rate_percent,TCC hit rate,derived: 100 × TCC_HIT_sum / (TCC_HIT_sum + TCC_MISS_sum),100,0.9270298580214129,
MI300A,expert,1,issue,embedding_bag,l1_to_l2_read_requests,TCP→TCC reads,TCP_TCC_READ_REQ_sum,100,0.9800129609353533,
MI300A,expert,1,issue,embedding_bag,l1_to_l2_write_requests,TCP→TCC writes,TCP_TCC_WRITE_REQ_sum,100,,constant counter
MI300A,expert,1,issue,embedding_bag,l1_to_l2_total_requests,TCP→TCC total,derived: TCP_TCC_READ_REQ_sum + TCP_TCC_WRITE_REQ_sum,100,0.9800129609353533,
MI300A,expert,1,issue,embedding_bag,l2_tag_requests,TCC tag requests,TCC_REQ_sum,100,0.9839454010323181,
MI300A,expert,1,issue,embedding_bag,second_level_read_requests,TCC reads,TCC_READ_sum,100,0.9835583217795285,
MI300A,expert,1,issue,embedding_bag,l2_hits,TCC hits,TCC_HIT_sum,100,0.9845738478954523,
MI300A,expert,1,issue,embedding_bag,l2_misses,TCC misses,TCC_MISS_sum,100,0.7476695284723341,
MI300A,expert,1,issue,embedding_bag,l2_hit_rate_percent,TCC hit rate,derived: 100 × TCC_HIT_sum / (TCC_HIT_sum + TCC_MISS_sum),100,0.9845181878629403,
MI300A,expert,1,issue,softmax_bias,l1_to_l2_read_requests,TCP→TCC reads,TCP_TCC_READ_REQ_sum,100,0.9912672223768207,
MI300A,expert,1,issue,softmax_bias,l1_to_l2_write_requests,TCP→TCC writes,TCP_TCC_WRITE_REQ_sum,100,,constant counter
MI300A,expert,1,issue,softmax_bias,l1_to_l2_total_requests,TCP→TCC total,derived: TCP_TCC_READ_REQ_sum + TCP_TCC_WRITE_REQ_sum,100,0.9912672223768207,
MI300A,expert,1,issue,softmax_bias,l2_tag_requests,TCC tag requests,TCC_REQ_sum,100,0.9767044160083745,
MI300A,expert,1,issue,softmax_bias,second_level_read_requests,TCC reads,TCC_READ_sum,100,0.9825214046512797,
MI300A,expert,1,issue,softmax_bias,l2_hits,TCC hits,TCC_HIT_sum,100,0.9179765983494885,
MI300A,expert,1,issue,softmax_bias,l2_misses,TCC misses,TCC_MISS_sum,100,0.8629107658098956,
MI300A,expert,1,issue,softmax_bias,l2_hit_rate_percent,TCC hit rate,derived: 100 × TCC_HIT_sum / (TCC_HIT_sum + TCC_MISS_sum),100,0.543310093226954,
MI300A,expert,1,issue,stencil5,l1_to_l2_read_requests,TCP→TCC reads,TCP_TCC_READ_REQ_sum,100,0.9884305800153342,
MI300A,expert,1,issue,stencil5,l1_to_l2_write_requests,TCP→TCC writes,TCP_TCC_WRITE_REQ_sum,100,,constant counter
MI300A,expert,1,issue,stencil5,l1_to_l2_total_requests,TCP→TCC total,derived: TCP_TCC_READ_REQ_sum + TCP_TCC_WRITE_REQ_sum,100,0.9884305800153342,
MI300A,expert,1,issue,stencil5,l2_tag_requests,TCC tag requests,TCC_REQ_sum,100,0.9797939505411238,
MI300A,expert,1,issue,stencil5,second_level_read_requests,TCC reads,TCC_READ_sum,100,0.981325465607204,
MI300A,expert,1,issue,stencil5,l2_hits,TCC hits,TCC_HIT_sum,100,0.9818438538046618,
MI300A,expert,1,issue,stencil5,l2_misses,TCC misses,TCC_MISS_sum,100,-0.8861130240199225,
MI300A,expert,1,issue,stencil5,l2_hit_rate_percent,TCC hit rate,derived: 100 × TCC_HIT_sum / (TCC_HIT_sum + TCC_MISS_sum),100,0.9794433169967189,
MI300A,expert,1,temporal,gemv,l1_to_l2_read_requests,TCP→TCC reads,TCP_TCC_READ_REQ_sum,100,0.9830668505487686,
MI300A,expert,1,temporal,gemv,l1_to_l2_write_requests,TCP→TCC writes,TCP_TCC_WRITE_REQ_sum,100,,constant counter
MI300A,expert,1,temporal,gemv,l1_to_l2_total_requests,TCP→TCC total,derived: TCP_TCC_READ_REQ_sum + TCP_TCC_WRITE_REQ_sum,100,0.9830668505487686,
MI300A,expert,1,temporal,gemv,l2_tag_requests,TCC tag requests,TCC_REQ_sum,100,0.9781159509338946,
MI300A,expert,1,temporal,gemv,second_level_read_requests,TCC reads,TCC_READ_sum,100,0.9808206260663953,
MI300A,expert,1,temporal,gemv,l2_hits,TCC hits,TCC_HIT_sum,100,0.9776902126785743,
MI300A,expert,1,temporal,gemv,l2_misses,TCC misses,TCC_MISS_sum,100,0.03023221003058245,
MI300A,expert,1,temporal,gemv,l2_hit_rate_percent,TCC hit rate,derived: 100 × TCC_HIT_sum / (TCC_HIT_sum + TCC_MISS_sum),100,0.9766377517458078,
MI300A,expert,1,temporal,gesummv,l1_to_l2_read_requests,TCP→TCC reads,TCP_TCC_READ_REQ_sum,100,0.7705895801335677,
MI300A,expert,1,temporal,gesummv,l1_to_l2_write_requests,TCP→TCC writes,TCP_TCC_WRITE_REQ_sum,100,,constant counter
MI300A,expert,1,temporal,gesummv,l1_to_l2_total_requests,TCP→TCC total,derived: TCP_TCC_READ_REQ_sum + TCP_TCC_WRITE_REQ_sum,100,0.7705895801335677,
MI300A,expert,1,temporal,gesummv,l2_tag_requests,TCC tag requests,TCC_REQ_sum,100,0.7715757371868296,
MI300A,expert,1,temporal,gesummv,second_level_read_requests,TCC reads,TCC_READ_sum,100,0.7719924480334145,
MI300A,expert,1,temporal,gesummv,l2_hits,TCC hits,TCC_HIT_sum,100,0.7711617799458516,
MI300A,expert,1,temporal,gesummv,l2_misses,TCC misses,TCC_MISS_sum,100,0.19490730394929018,
MI300A,expert,1,temporal,gesummv,l2_hit_rate_percent,TCC hit rate,derived: 100 × TCC_HIT_sum / (TCC_HIT_sum + TCC_MISS_sum),100,0.7711260038175272,
MI300A,expert,1,temporal,mvt,l1_to_l2_read_requests,TCP→TCC reads,TCP_TCC_READ_REQ_sum,100,0.8994076017216919,
MI300A,expert,1,temporal,mvt,l1_to_l2_write_requests,TCP→TCC writes,TCP_TCC_WRITE_REQ_sum,100,,constant counter
MI300A,expert,1,temporal,mvt,l1_to_l2_total_requests,TCP→TCC total,derived: TCP_TCC_READ_REQ_sum + TCP_TCC_WRITE_REQ_sum,100,0.8994076017216919,
MI300A,expert,1,temporal,mvt,l2_tag_requests,TCC tag requests,TCC_REQ_sum,100,0.8790270007575605,
MI300A,expert,1,temporal,mvt,second_level_read_requests,TCC reads,TCC_READ_sum,100,0.9021543058025949,
MI300A,expert,1,temporal,mvt,l2_hits,TCC hits,TCC_HIT_sum,100,0.8985051777989133,
MI300A,expert,1,temporal,mvt,l2_misses,TCC misses,TCC_MISS_sum,100,-0.43125256795338013,
MI300A,expert,1,temporal,mvt,l2_hit_rate_percent,TCC hit rate,derived: 100 × TCC_HIT_sum / (TCC_HIT_sum + TCC_MISS_sum),100,0.89778216840647,
MI300A,expert,1,temporal,embedding_bag,l1_to_l2_read_requests,TCP→TCC reads,TCP_TCC_READ_REQ_sum,100,0.9475469405326045,
MI300A,expert,1,temporal,embedding_bag,l1_to_l2_write_requests,TCP→TCC writes,TCP_TCC_WRITE_REQ_sum,100,,constant counter
MI300A,expert,1,temporal,embedding_bag,l1_to_l2_total_requests,TCP→TCC total,derived: TCP_TCC_READ_REQ_sum + TCP_TCC_WRITE_REQ_sum,100,0.9475469405326045,
MI300A,expert,1,temporal,embedding_bag,l2_tag_requests,TCC tag requests,TCC_REQ_sum,100,0.9190295183742202,
MI300A,expert,1,temporal,embedding_bag,second_level_read_requests,TCC reads,TCC_READ_sum,100,0.9205431415982486,
MI300A,expert,1,temporal,embedding_bag,l2_hits,TCC hits,TCC_HIT_sum,100,0.9281438148496225,
MI300A,expert,1,temporal,embedding_bag,l2_misses,TCC misses,TCC_MISS_sum,100,0.8616633935237327,
MI300A,expert,1,temporal,embedding_bag,l2_hit_rate_percent,TCC hit rate,derived: 100 × TCC_HIT_sum / (TCC_HIT_sum + TCC_MISS_sum),100,0.9331126200582701,
MI300A,expert,1,temporal,softmax_bias,l1_to_l2_read_requests,TCP→TCC reads,TCP_TCC_READ_REQ_sum,100,0.983787059393061,
MI300A,expert,1,temporal,softmax_bias,l1_to_l2_write_requests,TCP→TCC writes,TCP_TCC_WRITE_REQ_sum,100,,constant counter
MI300A,expert,1,temporal,softmax_bias,l1_to_l2_total_requests,TCP→TCC total,derived: TCP_TCC_READ_REQ_sum + TCP_TCC_WRITE_REQ_sum,100,0.983787059393061,
MI300A,expert,1,temporal,softmax_bias,l2_tag_requests,TCC tag requests,TCC_REQ_sum,100,0.9579361348484753,
MI300A,expert,1,temporal,softmax_bias,second_level_read_requests,TCC reads,TCC_READ_sum,100,0.9644691028961296,
MI300A,expert,1,temporal,softmax_bias,l2_hits,TCC hits,TCC_HIT_sum,100,0.8050580702809875,
MI300A,expert,1,temporal,softmax_bias,l2_misses,TCC misses,TCC_MISS_sum,100,0.9391162364586483,
MI300A,expert,1,temporal,softmax_bias,l2_hit_rate_percent,TCC hit rate,derived: 100 × TCC_HIT_sum / (TCC_HIT_sum + TCC_MISS_sum),100,0.1613585174269445,
MI300A,expert,1,temporal,stencil5,l1_to_l2_read_requests,TCP→TCC reads,TCP_TCC_READ_REQ_sum,100,0.992685398115624,
MI300A,expert,1,temporal,stencil5,l1_to_l2_write_requests,TCP→TCC writes,TCP_TCC_WRITE_REQ_sum,100,,constant counter
MI300A,expert,1,temporal,stencil5,l1_to_l2_total_requests,TCP→TCC total,derived: TCP_TCC_READ_REQ_sum + TCP_TCC_WRITE_REQ_sum,100,0.992685398115624,
MI300A,expert,1,temporal,stencil5,l2_tag_requests,TCC tag requests,TCC_REQ_sum,100,0.9788993190688347,
MI300A,expert,1,temporal,stencil5,second_level_read_requests,TCC reads,TCC_READ_sum,100,0.9794243984591955,
MI300A,expert,1,temporal,stencil5,l2_hits,TCC hits,TCC_HIT_sum,100,0.9813942750549448,
MI300A,expert,1,temporal,stencil5,l2_misses,TCC misses,TCC_MISS_sum,100,-0.8985328037960687,
MI300A,expert,1,temporal,stencil5,l2_hit_rate_percent,TCC hit rate,derived: 100 × TCC_HIT_sum / (TCC_HIT_sum + TCC_MISS_sum),100,0.978195130227745,
MI300A,expert,2,all,gemv,l1_to_l2_read_requests,TCP→TCC reads,TCP_TCC_READ_REQ_sum,100,0.9533143806174014,
MI300A,expert,2,all,gemv,l1_to_l2_write_requests,TCP→TCC writes,TCP_TCC_WRITE_REQ_sum,100,,constant counter
MI300A,expert,2,all,gemv,l1_to_l2_total_requests,TCP→TCC total,derived: TCP_TCC_READ_REQ_sum + TCP_TCC_WRITE_REQ_sum,100,0.9533143806174014,
MI300A,expert,2,all,gemv,l2_tag_requests,TCC tag requests,TCC_REQ_sum,100,0.9645924310017656,
MI300A,expert,2,all,gemv,second_level_read_requests,TCC reads,TCC_READ_sum,100,0.9601434082666659,
MI300A,expert,2,all,gemv,l2_hits,TCC hits,TCC_HIT_sum,100,0.961612978102792,
MI300A,expert,2,all,gemv,l2_misses,TCC misses,TCC_MISS_sum,100,-0.3574826848046611,
MI300A,expert,2,all,gemv,l2_hit_rate_percent,TCC hit rate,derived: 100 × TCC_HIT_sum / (TCC_HIT_sum + TCC_MISS_sum),100,0.9599459635565367,
MI300A,expert,2,all,gesummv,l1_to_l2_read_requests,TCP→TCC reads,TCP_TCC_READ_REQ_sum,100,0.7262787234186502,
MI300A,expert,2,all,gesummv,l1_to_l2_write_requests,TCP→TCC writes,TCP_TCC_WRITE_REQ_sum,100,,constant counter
MI300A,expert,2,all,gesummv,l1_to_l2_total_requests,TCP→TCC total,derived: TCP_TCC_READ_REQ_sum + TCP_TCC_WRITE_REQ_sum,100,0.7262787234186502,
MI300A,expert,2,all,gesummv,l2_tag_requests,TCC tag requests,TCC_REQ_sum,100,0.7303729358708371,
MI300A,expert,2,all,gesummv,second_level_read_requests,TCC reads,TCC_READ_sum,100,0.7267024027496052,
MI300A,expert,2,all,gesummv,l2_hits,TCC hits,TCC_HIT_sum,100,0.7300510455074984,
MI300A,expert,2,all,gesummv,l2_misses,TCC misses,TCC_MISS_sum,100,0.1795973625261206,
MI300A,expert,2,all,gesummv,l2_hit_rate_percent,TCC hit rate,derived: 100 × TCC_HIT_sum / (TCC_HIT_sum + TCC_MISS_sum),100,0.7271440347323619,
MI300A,expert,2,all,mvt,l1_to_l2_read_requests,TCP→TCC reads,TCP_TCC_READ_REQ_sum,100,0.9025578628126287,
MI300A,expert,2,all,mvt,l1_to_l2_write_requests,TCP→TCC writes,TCP_TCC_WRITE_REQ_sum,100,,constant counter
MI300A,expert,2,all,mvt,l1_to_l2_total_requests,TCP→TCC total,derived: TCP_TCC_READ_REQ_sum + TCP_TCC_WRITE_REQ_sum,100,0.9025578628126287,
MI300A,expert,2,all,mvt,l2_tag_requests,TCC tag requests,TCC_REQ_sum,100,0.8928647237059104,
MI300A,expert,2,all,mvt,second_level_read_requests,TCC reads,TCC_READ_sum,100,0.895378044406432,
MI300A,expert,2,all,mvt,l2_hits,TCC hits,TCC_HIT_sum,100,0.8898358363586771,
MI300A,expert,2,all,mvt,l2_misses,TCC misses,TCC_MISS_sum,100,-0.14462997176789755,
MI300A,expert,2,all,mvt,l2_hit_rate_percent,TCC hit rate,derived: 100 × TCC_HIT_sum / (TCC_HIT_sum + TCC_MISS_sum),100,0.8889169530127418,
MI300A,expert,2,all,embedding_bag,l1_to_l2_read_requests,TCP→TCC reads,TCP_TCC_READ_REQ_sum,100,0.9655923466840708,
MI300A,expert,2,all,embedding_bag,l1_to_l2_write_requests,TCP→TCC writes,TCP_TCC_WRITE_REQ_sum,100,,constant counter
MI300A,expert,2,all,embedding_bag,l1_to_l2_total_requests,TCP→TCC total,derived: TCP_TCC_READ_REQ_sum + TCP_TCC_WRITE_REQ_sum,100,0.9655923466840708,
MI300A,expert,2,all,embedding_bag,l2_tag_requests,TCC tag requests,TCC_REQ_sum,100,0.952639666264245,
MI300A,expert,2,all,embedding_bag,second_level_read_requests,TCC reads,TCC_READ_sum,100,0.9527714310084106,
MI300A,expert,2,all,embedding_bag,l2_hits,TCC hits,TCC_HIT_sum,100,0.9585102350615553,
MI300A,expert,2,all,embedding_bag,l2_misses,TCC misses,TCC_MISS_sum,100,0.9163948853105895,
MI300A,expert,2,all,embedding_bag,l2_hit_rate_percent,TCC hit rate,derived: 100 × TCC_HIT_sum / (TCC_HIT_sum + TCC_MISS_sum),100,0.9569328816336805,
MI300A,expert,2,all,softmax_bias,l1_to_l2_read_requests,TCP→TCC reads,TCP_TCC_READ_REQ_sum,100,0.9965562315837572,
MI300A,expert,2,all,softmax_bias,l1_to_l2_write_requests,TCP→TCC writes,TCP_TCC_WRITE_REQ_sum,100,,constant counter
MI300A,expert,2,all,softmax_bias,l1_to_l2_total_requests,TCP→TCC total,derived: TCP_TCC_READ_REQ_sum + TCP_TCC_WRITE_REQ_sum,100,0.9965562315837572,
MI300A,expert,2,all,softmax_bias,l2_tag_requests,TCC tag requests,TCC_REQ_sum,100,0.9839018303053042,
MI300A,expert,2,all,softmax_bias,second_level_read_requests,TCC reads,TCC_READ_sum,100,0.9849677125701184,
MI300A,expert,2,all,softmax_bias,l2_hits,TCC hits,TCC_HIT_sum,100,0.845745224730917,
MI300A,expert,2,all,softmax_bias,l2_misses,TCC misses,TCC_MISS_sum,100,0.9554606881603663,
MI300A,expert,2,all,softmax_bias,l2_hit_rate_percent,TCC hit rate,derived: 100 × TCC_HIT_sum / (TCC_HIT_sum + TCC_MISS_sum),100,0.08399244862428287,
MI300A,expert,2,all,stencil5,l1_to_l2_read_requests,TCP→TCC reads,TCP_TCC_READ_REQ_sum,100,0.992098768045414,
MI300A,expert,2,all,stencil5,l1_to_l2_write_requests,TCP→TCC writes,TCP_TCC_WRITE_REQ_sum,100,,constant counter
MI300A,expert,2,all,stencil5,l1_to_l2_total_requests,TCP→TCC total,derived: TCP_TCC_READ_REQ_sum + TCP_TCC_WRITE_REQ_sum,100,0.992098768045414,
MI300A,expert,2,all,stencil5,l2_tag_requests,TCC tag requests,TCC_REQ_sum,100,0.9767576617896991,
MI300A,expert,2,all,stencil5,second_level_read_requests,TCC reads,TCC_READ_sum,100,0.9780471355079852,
MI300A,expert,2,all,stencil5,l2_hits,TCC hits,TCC_HIT_sum,100,0.9793551292306699,
MI300A,expert,2,all,stencil5,l2_misses,TCC misses,TCC_MISS_sum,100,-0.8919397371424352,
MI300A,expert,2,all,stencil5,l2_hit_rate_percent,TCC hit rate,derived: 100 × TCC_HIT_sum / (TCC_HIT_sum + TCC_MISS_sum),100,0.9770526532468427,
MI300A,expert,2,issue,gemv,l1_to_l2_read_requests,TCP→TCC reads,TCP_TCC_READ_REQ_sum,100,0.9679045885130327,
MI300A,expert,2,issue,gemv,l1_to_l2_write_requests,TCP→TCC writes,TCP_TCC_WRITE_REQ_sum,100,,constant counter
MI300A,expert,2,issue,gemv,l1_to_l2_total_requests,TCP→TCC total,derived: TCP_TCC_READ_REQ_sum + TCP_TCC_WRITE_REQ_sum,100,0.9679045885130327,
MI300A,expert,2,issue,gemv,l2_tag_requests,TCC tag requests,TCC_REQ_sum,100,0.9673550012596822,
MI300A,expert,2,issue,gemv,second_level_read_requests,TCC reads,TCC_READ_sum,100,0.9632133762019663,
MI300A,expert,2,issue,gemv,l2_hits,TCC hits,TCC_HIT_sum,100,0.9610623160550013,
MI300A,expert,2,issue,gemv,l2_misses,TCC misses,TCC_MISS_sum,100,-0.1218609691096782,
MI300A,expert,2,issue,gemv,l2_hit_rate_percent,TCC hit rate,derived: 100 × TCC_HIT_sum / (TCC_HIT_sum + TCC_MISS_sum),100,0.959379930054195,
MI300A,expert,2,issue,gesummv,l1_to_l2_read_requests,TCP→TCC reads,TCP_TCC_READ_REQ_sum,100,0.7613033887873981,
MI300A,expert,2,issue,gesummv,l1_to_l2_write_requests,TCP→TCC writes,TCP_TCC_WRITE_REQ_sum,100,,constant counter
MI300A,expert,2,issue,gesummv,l1_to_l2_total_requests,TCP→TCC total,derived: TCP_TCC_READ_REQ_sum + TCP_TCC_WRITE_REQ_sum,100,0.7613033887873981,
MI300A,expert,2,issue,gesummv,l2_tag_requests,TCC tag requests,TCC_REQ_sum,100,0.7647922135434936,
MI300A,expert,2,issue,gesummv,second_level_read_requests,TCC reads,TCC_READ_sum,100,0.7598193080258313,
MI300A,expert,2,issue,gesummv,l2_hits,TCC hits,TCC_HIT_sum,100,0.7646159652845113,
MI300A,expert,2,issue,gesummv,l2_misses,TCC misses,TCC_MISS_sum,100,0.1811487374303151,
MI300A,expert,2,issue,gesummv,l2_hit_rate_percent,TCC hit rate,derived: 100 × TCC_HIT_sum / (TCC_HIT_sum + TCC_MISS_sum),100,0.7645257816990644,
MI300A,expert,2,issue,mvt,l1_to_l2_read_requests,TCP→TCC reads,TCP_TCC_READ_REQ_sum,100,0.9246168400828385,
MI300A,expert,2,issue,mvt,l1_to_l2_write_requests,TCP→TCC writes,TCP_TCC_WRITE_REQ_sum,100,,constant counter
MI300A,expert,2,issue,mvt,l1_to_l2_total_requests,TCP→TCC total,derived: TCP_TCC_READ_REQ_sum + TCP_TCC_WRITE_REQ_sum,100,0.9246168400828385,
MI300A,expert,2,issue,mvt,l2_tag_requests,TCC tag requests,TCC_REQ_sum,100,0.9285831685176568,
MI300A,expert,2,issue,mvt,second_level_read_requests,TCC reads,TCC_READ_sum,100,0.9129287818841609,
MI300A,expert,2,issue,mvt,l2_hits,TCC hits,TCC_HIT_sum,100,0.9233144959797716,
MI300A,expert,2,issue,mvt,l2_misses,TCC misses,TCC_MISS_sum,100,-0.30781538410549075,
MI300A,expert,2,issue,mvt,l2_hit_rate_percent,TCC hit rate,derived: 100 × TCC_HIT_sum / (TCC_HIT_sum + TCC_MISS_sum),100,0.9212510304073271,
MI300A,expert,2,issue,embedding_bag,l1_to_l2_read_requests,TCP→TCC reads,TCP_TCC_READ_REQ_sum,100,0.9764421022062086,
MI300A,expert,2,issue,embedding_bag,l1_to_l2_write_requests,TCP→TCC writes,TCP_TCC_WRITE_REQ_sum,100,,constant counter
MI300A,expert,2,issue,embedding_bag,l1_to_l2_total_requests,TCP→TCC total,derived: TCP_TCC_READ_REQ_sum + TCP_TCC_WRITE_REQ_sum,100,0.9764421022062086,
MI300A,expert,2,issue,embedding_bag,l2_tag_requests,TCC tag requests,TCC_REQ_sum,100,0.9732309984990205,
MI300A,expert,2,issue,embedding_bag,second_level_read_requests,TCC reads,TCC_READ_sum,100,0.9710649843394201,
MI300A,expert,2,issue,embedding_bag,l2_hits,TCC hits,TCC_HIT_sum,100,0.9746459004751932,
MI300A,expert,2,issue,embedding_bag,l2_misses,TCC misses,TCC_MISS_sum,100,0.856935342011984,
MI300A,expert,2,issue,embedding_bag,l2_hit_rate_percent,TCC hit rate,derived: 100 × TCC_HIT_sum / (TCC_HIT_sum + TCC_MISS_sum),100,0.9734898809366197,
MI300A,expert,2,issue,softmax_bias,l1_to_l2_read_requests,TCP→TCC reads,TCP_TCC_READ_REQ_sum,100,0.9903326135194384,
MI300A,expert,2,issue,softmax_bias,l1_to_l2_write_requests,TCP→TCC writes,TCP_TCC_WRITE_REQ_sum,100,,constant counter
MI300A,expert,2,issue,softmax_bias,l1_to_l2_total_requests,TCP→TCC total,derived: TCP_TCC_READ_REQ_sum + TCP_TCC_WRITE_REQ_sum,100,0.9903326135194384,
MI300A,expert,2,issue,softmax_bias,l2_tag_requests,TCC tag requests,TCC_REQ_sum,100,0.9789671198093742,
MI300A,expert,2,issue,softmax_bias,second_level_read_requests,TCC reads,TCC_READ_sum,100,0.982597099181405,
MI300A,expert,2,issue,softmax_bias,l2_hits,TCC hits,TCC_HIT_sum,100,0.8995347736303689,
MI300A,expert,2,issue,softmax_bias,l2_misses,TCC misses,TCC_MISS_sum,100,0.895990277154559,
MI300A,expert,2,issue,softmax_bias,l2_hit_rate_percent,TCC hit rate,derived: 100 × TCC_HIT_sum / (TCC_HIT_sum + TCC_MISS_sum),100,0.4033787611898202,
MI300A,expert,2,issue,stencil5,l1_to_l2_read_requests,TCP→TCC reads,TCP_TCC_READ_REQ_sum,100,0.9881458982334255,
MI300A,expert,2,issue,stencil5,l1_to_l2_write_requests,TCP→TCC writes,TCP_TCC_WRITE_REQ_sum,100,,constant counter
MI300A,expert,2,issue,stencil5,l1_to_l2_total_requests,TCP→TCC total,derived: TCP_TCC_READ_REQ_sum + TCP_TCC_WRITE_REQ_sum,100,0.9881458982334255,
MI300A,expert,2,issue,stencil5,l2_tag_requests,TCC tag requests,TCC_REQ_sum,100,0.9802953369972641,
MI300A,expert,2,issue,stencil5,second_level_read_requests,TCC reads,TCC_READ_sum,100,0.9799665516275672,
MI300A,expert,2,issue,stencil5,l2_hits,TCC hits,TCC_HIT_sum,100,0.9807053252274508,
MI300A,expert,2,issue,stencil5,l2_misses,TCC misses,TCC_MISS_sum,100,-0.888061963323325,
MI300A,expert,2,issue,stencil5,l2_hit_rate_percent,TCC hit rate,derived: 100 × TCC_HIT_sum / (TCC_HIT_sum + TCC_MISS_sum),100,0.977187412743994,
MI300A,expert,2,temporal,gemv,l1_to_l2_read_requests,TCP→TCC reads,TCP_TCC_READ_REQ_sum,100,0.961083327446084,
MI300A,expert,2,temporal,gemv,l1_to_l2_write_requests,TCP→TCC writes,TCP_TCC_WRITE_REQ_sum,100,,constant counter
MI300A,expert,2,temporal,gemv,l1_to_l2_total_requests,TCP→TCC total,derived: TCP_TCC_READ_REQ_sum + TCP_TCC_WRITE_REQ_sum,100,0.961083327446084,
MI300A,expert,2,temporal,gemv,l2_tag_requests,TCC tag requests,TCC_REQ_sum,100,0.9626474142549221,
MI300A,expert,2,temporal,gemv,second_level_read_requests,TCC reads,TCC_READ_sum,100,0.955398793273331,
MI300A,expert,2,temporal,gemv,l2_hits,TCC hits,TCC_HIT_sum,100,0.964269556990227,
MI300A,expert,2,temporal,gemv,l2_misses,TCC misses,TCC_MISS_sum,100,-0.3879406623434477,
MI300A,expert,2,temporal,gemv,l2_hit_rate_percent,TCC hit rate,derived: 100 × TCC_HIT_sum / (TCC_HIT_sum + TCC_MISS_sum),100,0.9642266653231457,
MI300A,expert,2,temporal,gesummv,l1_to_l2_read_requests,TCP→TCC reads,TCP_TCC_READ_REQ_sum,100,0.7523582191018512,
MI300A,expert,2,temporal,gesummv,l1_to_l2_write_requests,TCP→TCC writes,TCP_TCC_WRITE_REQ_sum,100,,constant counter
MI300A,expert,2,temporal,gesummv,l1_to_l2_total_requests,TCP→TCC total,derived: TCP_TCC_READ_REQ_sum + TCP_TCC_WRITE_REQ_sum,100,0.7523582191018512,
MI300A,expert,2,temporal,gesummv,l2_tag_requests,TCC tag requests,TCC_REQ_sum,100,0.7626468045010738,
MI300A,expert,2,temporal,gesummv,second_level_read_requests,TCC reads,TCC_READ_sum,100,0.7517783379501262,
MI300A,expert,2,temporal,gesummv,l2_hits,TCC hits,TCC_HIT_sum,100,0.7614158549632575,
MI300A,expert,2,temporal,gesummv,l2_misses,TCC misses,TCC_MISS_sum,100,0.30717630946343116,
MI300A,expert,2,temporal,gesummv,l2_hit_rate_percent,TCC hit rate,derived: 100 × TCC_HIT_sum / (TCC_HIT_sum + TCC_MISS_sum),100,0.7611029080017948,
MI300A,expert,2,temporal,mvt,l1_to_l2_read_requests,TCP→TCC reads,TCP_TCC_READ_REQ_sum,100,0.8945439786045876,
MI300A,expert,2,temporal,mvt,l1_to_l2_write_requests,TCP→TCC writes,TCP_TCC_WRITE_REQ_sum,100,,constant counter
MI300A,expert,2,temporal,mvt,l1_to_l2_total_requests,TCP→TCC total,derived: TCP_TCC_READ_REQ_sum + TCP_TCC_WRITE_REQ_sum,100,0.8945439786045876,
MI300A,expert,2,temporal,mvt,l2_tag_requests,TCC tag requests,TCC_REQ_sum,100,0.9046201349560296,
MI300A,expert,2,temporal,mvt,second_level_read_requests,TCC reads,TCC_READ_sum,100,0.8861514665010721,
MI300A,expert,2,temporal,mvt,l2_hits,TCC hits,TCC_HIT_sum,100,0.9045444572982585,
MI300A,expert,2,temporal,mvt,l2_misses,TCC misses,TCC_MISS_sum,100,-0.20215915373047463,
MI300A,expert,2,temporal,mvt,l2_hit_rate_percent,TCC hit rate,derived: 100 × TCC_HIT_sum / (TCC_HIT_sum + TCC_MISS_sum),100,0.9020097597155382,
MI300A,expert,2,temporal,embedding_bag,l1_to_l2_read_requests,TCP→TCC reads,TCP_TCC_READ_REQ_sum,100,0.9571232936839122,
MI300A,expert,2,temporal,embedding_bag,l1_to_l2_write_requests,TCP→TCC writes,TCP_TCC_WRITE_REQ_sum,100,,constant counter
MI300A,expert,2,temporal,embedding_bag,l1_to_l2_total_requests,TCP→TCC total,derived: TCP_TCC_READ_REQ_sum + TCP_TCC_WRITE_REQ_sum,100,0.9571232936839122,
MI300A,expert,2,temporal,embedding_bag,l2_tag_requests,TCC tag requests,TCC_REQ_sum,100,0.9225271206047252,
MI300A,expert,2,temporal,embedding_bag,second_level_read_requests,TCC reads,TCC_READ_sum,100,0.9215326613362244,
MI300A,expert,2,temporal,embedding_bag,l2_hits,TCC hits,TCC_HIT_sum,100,0.9328212186543624,
MI300A,expert,2,temporal,embedding_bag,l2_misses,TCC misses,TCC_MISS_sum,100,0.9197224021517694,
MI300A,expert,2,temporal,embedding_bag,l2_hit_rate_percent,TCC hit rate,derived: 100 × TCC_HIT_sum / (TCC_HIT_sum + TCC_MISS_sum),100,0.9343068294797836,
MI300A,expert,2,temporal,softmax_bias,l1_to_l2_read_requests,TCP→TCC reads,TCP_TCC_READ_REQ_sum,100,0.9996056502279793,
MI300A,expert,2,temporal,softmax_bias,l1_to_l2_write_requests,TCP→TCC writes,TCP_TCC_WRITE_REQ_sum,100,,constant counter
MI300A,expert,2,temporal,softmax_bias,l1_to_l2_total_requests,TCP→TCC total,derived: TCP_TCC_READ_REQ_sum + TCP_TCC_WRITE_REQ_sum,100,0.9996056502279793,
MI300A,expert,2,temporal,softmax_bias,l2_tag_requests,TCC tag requests,TCC_REQ_sum,100,0.9875208392661174,
MI300A,expert,2,temporal,softmax_bias,second_level_read_requests,TCC reads,TCC_READ_sum,100,0.986094244894942,
MI300A,expert,2,temporal,softmax_bias,l2_hits,TCC hits,TCC_HIT_sum,100,0.8246151813058576,
MI300A,expert,2,temporal,softmax_bias,l2_misses,TCC misses,TCC_MISS_sum,100,0.9728273000238264,
MI300A,expert,2,temporal,softmax_bias,l2_hit_rate_percent,TCC hit rate,derived: 100 × TCC_HIT_sum / (TCC_HIT_sum + TCC_MISS_sum),100,-0.048052341826678675,
MI300A,expert,2,temporal,stencil5,l1_to_l2_read_requests,TCP→TCC reads,TCP_TCC_READ_REQ_sum,100,0.9939748704511692,
MI300A,expert,2,temporal,stencil5,l1_to_l2_write_requests,TCP→TCC writes,TCP_TCC_WRITE_REQ_sum,100,,constant counter
MI300A,expert,2,temporal,stencil5,l1_to_l2_total_requests,TCP→TCC total,derived: TCP_TCC_READ_REQ_sum + TCP_TCC_WRITE_REQ_sum,100,0.9939748704511692,
MI300A,expert,2,temporal,stencil5,l2_tag_requests,TCC tag requests,TCC_REQ_sum,100,0.9797110219281778,
MI300A,expert,2,temporal,stencil5,second_level_read_requests,TCC reads,TCC_READ_sum,100,0.981372906079185,
MI300A,expert,2,temporal,stencil5,l2_hits,TCC hits,TCC_HIT_sum,100,0.9819673735245086,
MI300A,expert,2,temporal,stencil5,l2_misses,TCC misses,TCC_MISS_sum,100,-0.8930351798791691,
MI300A,expert,2,temporal,stencil5,l2_hit_rate_percent,TCC hit rate,derived: 100 × TCC_HIT_sum / (TCC_HIT_sum + TCC_MISS_sum),100,0.978980386571376,
MI300A,expert,3,all,gemv,l1_to_l2_read_requests,TCP→TCC reads,TCP_TCC_READ_REQ_sum,100,0.9697473951924638,
MI300A,expert,3,all,gemv,l1_to_l2_write_requests,TCP→TCC writes,TCP_TCC_WRITE_REQ_sum,100,,constant counter
MI300A,expert,3,all,gemv,l1_to_l2_total_requests,TCP→TCC total,derived: TCP_TCC_READ_REQ_sum + TCP_TCC_WRITE_REQ_sum,100,0.9697473951924638,
MI300A,expert,3,all,gemv,l2_tag_requests,TCC tag requests,TCC_REQ_sum,100,0.9605929450297134,
MI300A,expert,3,all,gemv,second_level_read_requests,TCC reads,TCC_READ_sum,100,0.9589728921828038,
MI300A,expert,3,all,gemv,l2_hits,TCC hits,TCC_HIT_sum,100,0.9612808249438102,
MI300A,expert,3,all,gemv,l2_misses,TCC misses,TCC_MISS_sum,100,0.22075395583742896,
MI300A,expert,3,all,gemv,l2_hit_rate_percent,TCC hit rate,derived: 100 × TCC_HIT_sum / (TCC_HIT_sum + TCC_MISS_sum),100,0.9609253217596606,
MI300A,expert,3,all,gesummv,l1_to_l2_read_requests,TCP→TCC reads,TCP_TCC_READ_REQ_sum,100,0.9832125723963542,
MI300A,expert,3,all,gesummv,l1_to_l2_write_requests,TCP→TCC writes,TCP_TCC_WRITE_REQ_sum,100,,constant counter
MI300A,expert,3,all,gesummv,l1_to_l2_total_requests,TCP→TCC total,derived: TCP_TCC_READ_REQ_sum + TCP_TCC_WRITE_REQ_sum,100,0.9832125723963542,
MI300A,expert,3,all,gesummv,l2_tag_requests,TCC tag requests,TCC_REQ_sum,100,0.9823360042920277,
MI300A,expert,3,all,gesummv,second_level_read_requests,TCC reads,TCC_READ_sum,100,0.9821294504675216,
MI300A,expert,3,all,gesummv,l2_hits,TCC hits,TCC_HIT_sum,100,0.9824200445957965,
MI300A,expert,3,all,gesummv,l2_misses,TCC misses,TCC_MISS_sum,100,0.35914340534261363,
MI300A,expert,3,all,gesummv,l2_hit_rate_percent,TCC hit rate,derived: 100 × TCC_HIT_sum / (TCC_HIT_sum + TCC_MISS_sum),100,0.9811582204378171,
MI300A,expert,3,all,mvt,l1_to_l2_read_requests,TCP→TCC reads,TCP_TCC_READ_REQ_sum,100,0.5958045939869513,
MI300A,expert,3,all,mvt,l1_to_l2_write_requests,TCP→TCC writes,TCP_TCC_WRITE_REQ_sum,100,,constant counter
MI300A,expert,3,all,mvt,l1_to_l2_total_requests,TCP→TCC total,derived: TCP_TCC_READ_REQ_sum + TCP_TCC_WRITE_REQ_sum,100,0.5958045939869513,
MI300A,expert,3,all,mvt,l2_tag_requests,TCC tag requests,TCC_REQ_sum,100,0.6008032019538732,
MI300A,expert,3,all,mvt,second_level_read_requests,TCC reads,TCC_READ_sum,100,0.5970475424563704,
MI300A,expert,3,all,mvt,l2_hits,TCC hits,TCC_HIT_sum,100,0.5994971472888762,
MI300A,expert,3,all,mvt,l2_misses,TCC misses,TCC_MISS_sum,100,0.3507218604252691,
MI300A,expert,3,all,mvt,l2_hit_rate_percent,TCC hit rate,derived: 100 × TCC_HIT_sum / (TCC_HIT_sum + TCC_MISS_sum),100,0.6001110531682756,
MI300A,expert,3,all,embedding_bag,l1_to_l2_read_requests,TCP→TCC reads,TCP_TCC_READ_REQ_sum,100,0.9397058833793608,
MI300A,expert,3,all,embedding_bag,l1_to_l2_write_requests,TCP→TCC writes,TCP_TCC_WRITE_REQ_sum,100,,constant counter
MI300A,expert,3,all,embedding_bag,l1_to_l2_total_requests,TCP→TCC total,derived: TCP_TCC_READ_REQ_sum + TCP_TCC_WRITE_REQ_sum,100,0.9397058833793608,
MI300A,expert,3,all,embedding_bag,l2_tag_requests,TCC tag requests,TCC_REQ_sum,100,0.917908146839596,
MI300A,expert,3,all,embedding_bag,second_level_read_requests,TCC reads,TCC_READ_sum,100,0.9275580776957664,
MI300A,expert,3,all,embedding_bag,l2_hits,TCC hits,TCC_HIT_sum,100,0.9197067258377012,
MI300A,expert,3,all,embedding_bag,l2_misses,TCC misses,TCC_MISS_sum,100,0.9101315346757429,
MI300A,expert,3,all,embedding_bag,l2_hit_rate_percent,TCC hit rate,derived: 100 × TCC_HIT_sum / (TCC_HIT_sum + TCC_MISS_sum),100,0.9160238917682392,
MI300A,expert,3,all,softmax_bias,l1_to_l2_read_requests,TCP→TCC reads,TCP_TCC_READ_REQ_sum,100,0.8358203592191803,
MI300A,expert,3,all,softmax_bias,l1_to_l2_write_requests,TCP→TCC writes,TCP_TCC_WRITE_REQ_sum,100,,constant counter
MI300A,expert,3,all,softmax_bias,l1_to_l2_total_requests,TCP→TCC total,derived: TCP_TCC_READ_REQ_sum + TCP_TCC_WRITE_REQ_sum,100,0.8358203592191803,
MI300A,expert,3,all,softmax_bias,l2_tag_requests,TCC tag requests,TCC_REQ_sum,100,0.8350344885890995,
MI300A,expert,3,all,softmax_bias,second_level_read_requests,TCC reads,TCC_READ_sum,100,0.8292269251915624,
MI300A,expert,3,all,softmax_bias,l2_hits,TCC hits,TCC_HIT_sum,100,0.8583661656389311,
MI300A,expert,3,all,softmax_bias,l2_misses,TCC misses,TCC_MISS_sum,100,0.8309794620594148,
MI300A,expert,3,all,softmax_bias,l2_hit_rate_percent,TCC hit rate,derived: 100 × TCC_HIT_sum / (TCC_HIT_sum + TCC_MISS_sum),100,0.14906335928350406,
MI300A,expert,3,all,stencil5,l1_to_l2_read_requests,TCP→TCC reads,TCP_TCC_READ_REQ_sum,100,0.9769043066812715,
MI300A,expert,3,all,stencil5,l1_to_l2_write_requests,TCP→TCC writes,TCP_TCC_WRITE_REQ_sum,100,,constant counter
MI300A,expert,3,all,stencil5,l1_to_l2_total_requests,TCP→TCC total,derived: TCP_TCC_READ_REQ_sum + TCP_TCC_WRITE_REQ_sum,100,0.9769043066812715,
MI300A,expert,3,all,stencil5,l2_tag_requests,TCC tag requests,TCC_REQ_sum,100,0.970343085089639,
MI300A,expert,3,all,stencil5,second_level_read_requests,TCC reads,TCC_READ_sum,100,0.9723481751876931,
MI300A,expert,3,all,stencil5,l2_hits,TCC hits,TCC_HIT_sum,100,0.9723711575072316,
MI300A,expert,3,all,stencil5,l2_misses,TCC misses,TCC_MISS_sum,100,0.039817280037851004,
MI300A,expert,3,all,stencil5,l2_hit_rate_percent,TCC hit rate,derived: 100 × TCC_HIT_sum / (TCC_HIT_sum + TCC_MISS_sum),100,0.9711177443683405,
MI300A,expert,3,issue,gemv,l1_to_l2_read_requests,TCP→TCC reads,TCP_TCC_READ_REQ_sum,100,0.9808915198953793,
MI300A,expert,3,issue,gemv,l1_to_l2_write_requests,TCP→TCC writes,TCP_TCC_WRITE_REQ_sum,100,,constant counter
MI300A,expert,3,issue,gemv,l1_to_l2_total_requests,TCP→TCC total,derived: TCP_TCC_READ_REQ_sum + TCP_TCC_WRITE_REQ_sum,100,0.9808915198953793,
MI300A,expert,3,issue,gemv,l2_tag_requests,TCC tag requests,TCC_REQ_sum,100,0.9690390756597841,
MI300A,expert,3,issue,gemv,second_level_read_requests,TCC reads,TCC_READ_sum,100,0.9676961002123613,
MI300A,expert,3,issue,gemv,l2_hits,TCC hits,TCC_HIT_sum,100,0.9698921148472759,
MI300A,expert,3,issue,gemv,l2_misses,TCC misses,TCC_MISS_sum,100,0.3374489754521633,
MI300A,expert,3,issue,gemv,l2_hit_rate_percent,TCC hit rate,derived: 100 × TCC_HIT_sum / (TCC_HIT_sum + TCC_MISS_sum),100,0.9695498745746837,
MI300A,expert,3,issue,gesummv,l1_to_l2_read_requests,TCP→TCC reads,TCP_TCC_READ_REQ_sum,100,0.9640036988177221,
MI300A,expert,3,issue,gesummv,l1_to_l2_write_requests,TCP→TCC writes,TCP_TCC_WRITE_REQ_sum,100,,constant counter
MI300A,expert,3,issue,gesummv,l1_to_l2_total_requests,TCP→TCC total,derived: TCP_TCC_READ_REQ_sum + TCP_TCC_WRITE_REQ_sum,100,0.9640036988177221,
MI300A,expert,3,issue,gesummv,l2_tag_requests,TCC tag requests,TCC_REQ_sum,100,0.9601866630769872,
MI300A,expert,3,issue,gesummv,second_level_read_requests,TCC reads,TCC_READ_sum,100,0.9594627540996545,
MI300A,expert,3,issue,gesummv,l2_hits,TCC hits,TCC_HIT_sum,100,0.9590451041706164,
MI300A,expert,3,issue,gesummv,l2_misses,TCC misses,TCC_MISS_sum,100,0.5773908067563126,
MI300A,expert,3,issue,gesummv,l2_hit_rate_percent,TCC hit rate,derived: 100 × TCC_HIT_sum / (TCC_HIT_sum + TCC_MISS_sum),100,0.9575092343509826,
MI300A,expert,3,issue,mvt,l1_to_l2_read_requests,TCP→TCC reads,TCP_TCC_READ_REQ_sum,100,0.7191816405317405,
MI300A,expert,3,issue,mvt,l1_to_l2_write_requests,TCP→TCC writes,TCP_TCC_WRITE_REQ_sum,100,,constant counter
MI300A,expert,3,issue,mvt,l1_to_l2_total_requests,TCP→TCC total,derived: TCP_TCC_READ_REQ_sum + TCP_TCC_WRITE_REQ_sum,100,0.7191816405317405,
MI300A,expert,3,issue,mvt,l2_tag_requests,TCC tag requests,TCC_REQ_sum,100,0.713246358236471,
MI300A,expert,3,issue,mvt,second_level_read_requests,TCC reads,TCC_READ_sum,100,0.7146068889185279,
MI300A,expert,3,issue,mvt,l2_hits,TCC hits,TCC_HIT_sum,100,0.7135178316205323,
MI300A,expert,3,issue,mvt,l2_misses,TCC misses,TCC_MISS_sum,100,0.42410151767867993,
MI300A,expert,3,issue,mvt,l2_hit_rate_percent,TCC hit rate,derived: 100 × TCC_HIT_sum / (TCC_HIT_sum + TCC_MISS_sum),100,0.7137162214658016,
MI300A,expert,3,issue,embedding_bag,l1_to_l2_read_requests,TCP→TCC reads,TCP_TCC_READ_REQ_sum,100,0.9420762700156845,
MI300A,expert,3,issue,embedding_bag,l1_to_l2_write_requests,TCP→TCC writes,TCP_TCC_WRITE_REQ_sum,100,,constant counter
MI300A,expert,3,issue,embedding_bag,l1_to_l2_total_requests,TCP→TCC total,derived: TCP_TCC_READ_REQ_sum + TCP_TCC_WRITE_REQ_sum,100,0.9420762700156845,
MI300A,expert,3,issue,embedding_bag,l2_tag_requests,TCC tag requests,TCC_REQ_sum,100,0.9306404762065298,
MI300A,expert,3,issue,embedding_bag,second_level_read_requests,TCC reads,TCC_READ_sum,100,0.9350212731990115,
MI300A,expert,3,issue,embedding_bag,l2_hits,TCC hits,TCC_HIT_sum,100,0.9245375817533318,
MI300A,expert,3,issue,embedding_bag,l2_misses,TCC misses,TCC_MISS_sum,100,0.9200743222015174,
MI300A,expert,3,issue,embedding_bag,l2_hit_rate_percent,TCC hit rate,derived: 100 × TCC_HIT_sum / (TCC_HIT_sum + TCC_MISS_sum),100,0.9211732250134809,
MI300A,expert,3,issue,softmax_bias,l1_to_l2_read_requests,TCP→TCC reads,TCP_TCC_READ_REQ_sum,100,0.8416073727032011,
MI300A,expert,3,issue,softmax_bias,l1_to_l2_write_requests,TCP→TCC writes,TCP_TCC_WRITE_REQ_sum,100,,constant counter
MI300A,expert,3,issue,softmax_bias,l1_to_l2_total_requests,TCP→TCC total,derived: TCP_TCC_READ_REQ_sum + TCP_TCC_WRITE_REQ_sum,100,0.8416073727032011,
MI300A,expert,3,issue,softmax_bias,l2_tag_requests,TCC tag requests,TCC_REQ_sum,100,0.8208040283435506,
MI300A,expert,3,issue,softmax_bias,second_level_read_requests,TCC reads,TCC_READ_sum,100,0.8318557606970748,
MI300A,expert,3,issue,softmax_bias,l2_hits,TCC hits,TCC_HIT_sum,100,0.8514514140396806,
MI300A,expert,3,issue,softmax_bias,l2_misses,TCC misses,TCC_MISS_sum,100,0.8184820737223913,
MI300A,expert,3,issue,softmax_bias,l2_hit_rate_percent,TCC hit rate,derived: 100 × TCC_HIT_sum / (TCC_HIT_sum + TCC_MISS_sum),100,0.15720913578953033,
MI300A,expert,3,issue,stencil5,l1_to_l2_read_requests,TCP→TCC reads,TCP_TCC_READ_REQ_sum,100,0.9877897934286399,
MI300A,expert,3,issue,stencil5,l1_to_l2_write_requests,TCP→TCC writes,TCP_TCC_WRITE_REQ_sum,100,,constant counter
MI300A,expert,3,issue,stencil5,l1_to_l2_total_requests,TCP→TCC total,derived: TCP_TCC_READ_REQ_sum + TCP_TCC_WRITE_REQ_sum,100,0.9877897934286399,
MI300A,expert,3,issue,stencil5,l2_tag_requests,TCC tag requests,TCC_REQ_sum,100,0.9684476491866693,
MI300A,expert,3,issue,stencil5,second_level_read_requests,TCC reads,TCC_READ_sum,100,0.9755904234448685,
MI300A,expert,3,issue,stencil5,l2_hits,TCC hits,TCC_HIT_sum,100,0.9763188086838338,
MI300A,expert,3,issue,stencil5,l2_misses,TCC misses,TCC_MISS_sum,100,-0.00771393503036137,
MI300A,expert,3,issue,stencil5,l2_hit_rate_percent,TCC hit rate,derived: 100 × TCC_HIT_sum / (TCC_HIT_sum + TCC_MISS_sum),100,0.9675149966748516,
MI300A,expert,3,temporal,gemv,l1_to_l2_read_requests,TCP→TCC reads,TCP_TCC_READ_REQ_sum,100,0.9660973813040125,
MI300A,expert,3,temporal,gemv,l1_to_l2_write_requests,TCP→TCC writes,TCP_TCC_WRITE_REQ_sum,100,,constant counter
MI300A,expert,3,temporal,gemv,l1_to_l2_total_requests,TCP→TCC total,derived: TCP_TCC_READ_REQ_sum + TCP_TCC_WRITE_REQ_sum,100,0.9660973813040125,
MI300A,expert,3,temporal,gemv,l2_tag_requests,TCC tag requests,TCC_REQ_sum,100,0.9608934240298558,
MI300A,expert,3,temporal,gemv,second_level_read_requests,TCC reads,TCC_READ_sum,100,0.9616803384289105,
MI300A,expert,3,temporal,gemv,l2_hits,TCC hits,TCC_HIT_sum,100,0.961913428214221,
MI300A,expert,3,temporal,gemv,l2_misses,TCC misses,TCC_MISS_sum,100,0.2601352163877617,
MI300A,expert,3,temporal,gemv,l2_hit_rate_percent,TCC hit rate,derived: 100 × TCC_HIT_sum / (TCC_HIT_sum + TCC_MISS_sum),100,0.9617395307318966,
MI300A,expert,3,temporal,gesummv,l1_to_l2_read_requests,TCP→TCC reads,TCP_TCC_READ_REQ_sum,100,0.9721817941128332,
MI300A,expert,3,temporal,gesummv,l1_to_l2_write_requests,TCP→TCC writes,TCP_TCC_WRITE_REQ_sum,100,,constant counter
MI300A,expert,3,temporal,gesummv,l1_to_l2_total_requests,TCP→TCC total,derived: TCP_TCC_READ_REQ_sum + TCP_TCC_WRITE_REQ_sum,100,0.9721817941128332,
MI300A,expert,3,temporal,gesummv,l2_tag_requests,TCC tag requests,TCC_REQ_sum,100,0.9717693950733747,
MI300A,expert,3,temporal,gesummv,second_level_read_requests,TCC reads,TCC_READ_sum,100,0.97221866624828,
MI300A,expert,3,temporal,gesummv,l2_hits,TCC hits,TCC_HIT_sum,100,0.9715736731353352,
MI300A,expert,3,temporal,gesummv,l2_misses,TCC misses,TCC_MISS_sum,100,0.32939773986449783,
MI300A,expert,3,temporal,gesummv,l2_hit_rate_percent,TCC hit rate,derived: 100 × TCC_HIT_sum / (TCC_HIT_sum + TCC_MISS_sum),100,0.9655082400499799,
MI300A,expert,3,temporal,mvt,l1_to_l2_read_requests,TCP→TCC reads,TCP_TCC_READ_REQ_sum,100,0.633494709574624,
MI300A,expert,3,temporal,mvt,l1_to_l2_write_requests,TCP→TCC writes,TCP_TCC_WRITE_REQ_sum,100,,constant counter
MI300A,expert,3,temporal,mvt,l1_to_l2_total_requests,TCP→TCC total,derived: TCP_TCC_READ_REQ_sum + TCP_TCC_WRITE_REQ_sum,100,0.633494709574624,
MI300A,expert,3,temporal,mvt,l2_tag_requests,TCC tag requests,TCC_REQ_sum,100,0.632117831175298,
MI300A,expert,3,temporal,mvt,second_level_read_requests,TCC reads,TCC_READ_sum,100,0.6364250878980685,
MI300A,expert,3,temporal,mvt,l2_hits,TCC hits,TCC_HIT_sum,100,0.6342692402904029,
MI300A,expert,3,temporal,mvt,l2_misses,TCC misses,TCC_MISS_sum,100,0.35616651677618105,
MI300A,expert,3,temporal,mvt,l2_hit_rate_percent,TCC hit rate,derived: 100 × TCC_HIT_sum / (TCC_HIT_sum + TCC_MISS_sum),100,0.6348202697245602,
MI300A,expert,3,temporal,embedding_bag,l1_to_l2_read_requests,TCP→TCC reads,TCP_TCC_READ_REQ_sum,100,0.9302293338587262,
MI300A,expert,3,temporal,embedding_bag,l1_to_l2_write_requests,TCP→TCC writes,TCP_TCC_WRITE_REQ_sum,100,,constant counter
MI300A,expert,3,temporal,embedding_bag,l1_to_l2_total_requests,TCP→TCC total,derived: TCP_TCC_READ_REQ_sum + TCP_TCC_WRITE_REQ_sum,100,0.9302293338587262,
MI300A,expert,3,temporal,embedding_bag,l2_tag_requests,TCC tag requests,TCC_REQ_sum,100,0.9199294649537758,
MI300A,expert,3,temporal,embedding_bag,second_level_read_requests,TCC reads,TCC_READ_sum,100,0.9316645191273786,
MI300A,expert,3,temporal,embedding_bag,l2_hits,TCC hits,TCC_HIT_sum,100,0.9145935019947021,
MI300A,expert,3,temporal,embedding_bag,l2_misses,TCC misses,TCC_MISS_sum,100,0.9101573745039494,
MI300A,expert,3,temporal,embedding_bag,l2_hit_rate_percent,TCC hit rate,derived: 100 × TCC_HIT_sum / (TCC_HIT_sum + TCC_MISS_sum),100,0.9096114513496387,
MI300A,expert,3,temporal,softmax_bias,l1_to_l2_read_requests,TCP→TCC reads,TCP_TCC_READ_REQ_sum,100,0.8412308282851084,
MI300A,expert,3,temporal,softmax_bias,l1_to_l2_write_requests,TCP→TCC writes,TCP_TCC_WRITE_REQ_sum,100,,constant counter
MI300A,expert,3,temporal,softmax_bias,l1_to_l2_total_requests,TCP→TCC total,derived: TCP_TCC_READ_REQ_sum + TCP_TCC_WRITE_REQ_sum,100,0.8412308282851084,
MI300A,expert,3,temporal,softmax_bias,l2_tag_requests,TCC tag requests,TCC_REQ_sum,100,0.831604292745061,
MI300A,expert,3,temporal,softmax_bias,second_level_read_requests,TCC reads,TCC_READ_sum,100,0.8209815612354814,
MI300A,expert,3,temporal,softmax_bias,l2_hits,TCC hits,TCC_HIT_sum,100,0.8685950530166421,
MI300A,expert,3,temporal,softmax_bias,l2_misses,TCC misses,TCC_MISS_sum,100,0.8231539542444236,
MI300A,expert,3,temporal,softmax_bias,l2_hit_rate_percent,TCC hit rate,derived: 100 × TCC_HIT_sum / (TCC_HIT_sum + TCC_MISS_sum),100,0.23963433650180974,
MI300A,expert,3,temporal,stencil5,l1_to_l2_read_requests,TCP→TCC reads,TCP_TCC_READ_REQ_sum,100,0.9776322420183541,
MI300A,expert,3,temporal,stencil5,l1_to_l2_write_requests,TCP→TCC writes,TCP_TCC_WRITE_REQ_sum,100,,constant counter
MI300A,expert,3,temporal,stencil5,l1_to_l2_total_requests,TCP→TCC total,derived: TCP_TCC_READ_REQ_sum + TCP_TCC_WRITE_REQ_sum,100,0.9776322420183541,
MI300A,expert,3,temporal,stencil5,l2_tag_requests,TCC tag requests,TCC_REQ_sum,100,0.9730006089586469,
MI300A,expert,3,temporal,stencil5,second_level_read_requests,TCC reads,TCC_READ_sum,100,0.9736700211139545,
MI300A,expert,3,temporal,stencil5,l2_hits,TCC hits,TCC_HIT_sum,100,0.9724066222557501,
MI300A,expert,3,temporal,stencil5,l2_misses,TCC misses,TCC_MISS_sum,100,-0.034121878104527166,
MI300A,expert,3,temporal,stencil5,l2_hit_rate_percent,TCC hit rate,derived: 100 × TCC_HIT_sum / (TCC_HIT_sum + TCC_MISS_sum),100,0.9715319393348314,
MI300A,l1_to_l2,1,all,gemv,l1_to_l2_read_requests,TCP→TCC reads,TCP_TCC_READ_REQ_sum,100,0.9877617633928129,
MI300A,l1_to_l2,1,all,gemv,l1_to_l2_write_requests,TCP→TCC writes,TCP_TCC_WRITE_REQ_sum,100,,constant counter
MI300A,l1_to_l2,1,all,gemv,l1_to_l2_total_requests,TCP→TCC total,derived: TCP_TCC_READ_REQ_sum + TCP_TCC_WRITE_REQ_sum,100,0.9877617633928129,
MI300A,l1_to_l2,1,all,gemv,l2_tag_requests,TCC tag requests,TCC_REQ_sum,100,0.9830261504703098,
MI300A,l1_to_l2,1,all,gemv,second_level_read_requests,TCC reads,TCC_READ_sum,100,0.9830261504703098,
MI300A,l1_to_l2,1,all,gemv,l2_hits,TCC hits,TCC_HIT_sum,100,0.9838264596914427,
MI300A,l1_to_l2,1,all,gemv,l2_misses,TCC misses,TCC_MISS_sum,100,-0.08199289452852948,
MI300A,l1_to_l2,1,all,gemv,l2_hit_rate_percent,TCC hit rate,derived: 100 × TCC_HIT_sum / (TCC_HIT_sum + TCC_MISS_sum),100,0.9829937068276511,
MI300A,l1_to_l2,1,all,gesummv,l1_to_l2_read_requests,TCP→TCC reads,TCP_TCC_READ_REQ_sum,100,0.6915520038877757,
MI300A,l1_to_l2,1,all,gesummv,l1_to_l2_write_requests,TCP→TCC writes,TCP_TCC_WRITE_REQ_sum,100,,constant counter
MI300A,l1_to_l2,1,all,gesummv,l1_to_l2_total_requests,TCP→TCC total,derived: TCP_TCC_READ_REQ_sum + TCP_TCC_WRITE_REQ_sum,100,0.6915520038877757,
MI300A,l1_to_l2,1,all,gesummv,l2_tag_requests,TCC tag requests,TCC_REQ_sum,100,0.6911929571419789,
MI300A,l1_to_l2,1,all,gesummv,second_level_read_requests,TCC reads,TCC_READ_sum,100,0.6912033263687822,
MI300A,l1_to_l2,1,all,gesummv,l2_hits,TCC hits,TCC_HIT_sum,100,0.6912240662224916,
MI300A,l1_to_l2,1,all,gesummv,l2_misses,TCC misses,TCC_MISS_sum,100,0.2864739559106202,
MI300A,l1_to_l2,1,all,gesummv,l2_hit_rate_percent,TCC hit rate,derived: 100 × TCC_HIT_sum / (TCC_HIT_sum + TCC_MISS_sum),100,0.6911908833526179,
MI300A,l1_to_l2,1,all,mvt,l1_to_l2_read_requests,TCP→TCC reads,TCP_TCC_READ_REQ_sum,100,0.9350413787685343,
MI300A,l1_to_l2,1,all,mvt,l1_to_l2_write_requests,TCP→TCC writes,TCP_TCC_WRITE_REQ_sum,100,,constant counter
MI300A,l1_to_l2,1,all,mvt,l1_to_l2_total_requests,TCP→TCC total,derived: TCP_TCC_READ_REQ_sum + TCP_TCC_WRITE_REQ_sum,100,0.9350413787685343,
MI300A,l1_to_l2,1,all,mvt,l2_tag_requests,TCC tag requests,TCC_REQ_sum,100,0.9350526013973794,
MI300A,l1_to_l2,1,all,mvt,second_level_read_requests,TCC reads,TCC_READ_sum,100,0.9350778537898125,
MI300A,l1_to_l2,1,all,mvt,l2_hits,TCC hits,TCC_HIT_sum,100,0.9350666302517059,
MI300A,l1_to_l2,1,all,mvt,l2_misses,TCC misses,TCC_MISS_sum,100,-0.29074639874958286,
MI300A,l1_to_l2,1,all,mvt,l2_hit_rate_percent,TCC hit rate,derived: 100 × TCC_HIT_sum / (TCC_HIT_sum + TCC_MISS_sum),100,0.9350077133063631,
MI300A,l1_to_l2,1,all,embedding_bag,l1_to_l2_read_requests,TCP→TCC reads,TCP_TCC_READ_REQ_sum,100,0.9776202159053772,
MI300A,l1_to_l2,1,all,embedding_bag,l1_to_l2_write_requests,TCP→TCC writes,TCP_TCC_WRITE_REQ_sum,100,,constant counter
MI300A,l1_to_l2,1,all,embedding_bag,l1_to_l2_total_requests,TCP→TCC total,derived: TCP_TCC_READ_REQ_sum + TCP_TCC_WRITE_REQ_sum,100,0.9776202159053772,
MI300A,l1_to_l2,1,all,embedding_bag,l2_tag_requests,TCC tag requests,TCC_REQ_sum,100,0.9734871927427684,
MI300A,l1_to_l2,1,all,embedding_bag,second_level_read_requests,TCC reads,TCC_READ_sum,100,0.9735310098977698,
MI300A,l1_to_l2,1,all,embedding_bag,l2_hits,TCC hits,TCC_HIT_sum,100,0.9741304379515474,
MI300A,l1_to_l2,1,all,embedding_bag,l2_misses,TCC misses,TCC_MISS_sum,100,0.867845783383734,
MI300A,l1_to_l2,1,all,embedding_bag,l2_hit_rate_percent,TCC hit rate,derived: 100 × TCC_HIT_sum / (TCC_HIT_sum + TCC_MISS_sum),100,0.973475509167286,
MI300A,l1_to_l2,1,all,softmax_bias,l1_to_l2_read_requests,TCP→TCC reads,TCP_TCC_READ_REQ_sum,100,1.0,
MI300A,l1_to_l2,1,all,softmax_bias,l1_to_l2_write_requests,TCP→TCC writes,TCP_TCC_WRITE_REQ_sum,100,,constant counter
MI300A,l1_to_l2,1,all,softmax_bias,l1_to_l2_total_requests,TCP→TCC total,derived: TCP_TCC_READ_REQ_sum + TCP_TCC_WRITE_REQ_sum,100,1.0,
MI300A,l1_to_l2,1,all,softmax_bias,l2_tag_requests,TCC tag requests,TCC_REQ_sum,100,0.9824857251180847,
MI300A,l1_to_l2,1,all,softmax_bias,second_level_read_requests,TCC reads,TCC_READ_sum,100,0.9850076260976823,
MI300A,l1_to_l2,1,all,softmax_bias,l2_hits,TCC hits,TCC_HIT_sum,100,0.8548690976074907,
MI300A,l1_to_l2,1,all,softmax_bias,l2_misses,TCC misses,TCC_MISS_sum,100,0.9430633375151518,
MI300A,l1_to_l2,1,all,softmax_bias,l2_hit_rate_percent,TCC hit rate,derived: 100 × TCC_HIT_sum / (TCC_HIT_sum + TCC_MISS_sum),100,0.29386684029612364,
MI300A,l1_to_l2,1,all,stencil5,l1_to_l2_read_requests,TCP→TCC reads,TCP_TCC_READ_REQ_sum,100,0.9986067889022464,
MI300A,l1_to_l2,1,all,stencil5,l1_to_l2_write_requests,TCP→TCC writes,TCP_TCC_WRITE_REQ_sum,100,,constant counter
MI300A,l1_to_l2,1,all,stencil5,l1_to_l2_total_requests,TCP→TCC total,derived: TCP_TCC_READ_REQ_sum + TCP_TCC_WRITE_REQ_sum,100,0.9986067889022464,
MI300A,l1_to_l2,1,all,stencil5,l2_tag_requests,TCC tag requests,TCC_REQ_sum,100,0.9856731469598662,
MI300A,l1_to_l2,1,all,stencil5,second_level_read_requests,TCC reads,TCC_READ_sum,100,0.9867593770395607,
MI300A,l1_to_l2,1,all,stencil5,l2_hits,TCC hits,TCC_HIT_sum,100,0.9867802439594064,
MI300A,l1_to_l2,1,all,stencil5,l2_misses,TCC misses,TCC_MISS_sum,100,-0.9057809577790445,
MI300A,l1_to_l2,1,all,stencil5,l2_hit_rate_percent,TCC hit rate,derived: 100 × TCC_HIT_sum / (TCC_HIT_sum + TCC_MISS_sum),100,0.9856731469598662,
MI300A,l1_to_l2,1,issue,gemv,l1_to_l2_read_requests,TCP→TCC reads,TCP_TCC_READ_REQ_sum,100,0.9890261648011535,
MI300A,l1_to_l2,1,issue,gemv,l1_to_l2_write_requests,TCP→TCC writes,TCP_TCC_WRITE_REQ_sum,100,,constant counter
MI300A,l1_to_l2,1,issue,gemv,l1_to_l2_total_requests,TCP→TCC total,derived: TCP_TCC_READ_REQ_sum + TCP_TCC_WRITE_REQ_sum,100,0.9890261648011535,
MI300A,l1_to_l2,1,issue,gemv,l2_tag_requests,TCC tag requests,TCC_REQ_sum,100,0.9850563475627121,
MI300A,l1_to_l2,1,issue,gemv,second_level_read_requests,TCC reads,TCC_READ_sum,100,0.9851213808567435,
MI300A,l1_to_l2,1,issue,gemv,l2_hits,TCC hits,TCC_HIT_sum,100,0.9854852135601977,
MI300A,l1_to_l2,1,issue,gemv,l2_misses,TCC misses,TCC_MISS_sum,100,0.02622198148680307,
MI300A,l1_to_l2,1,issue,gemv,l2_hit_rate_percent,TCC hit rate,derived: 100 × TCC_HIT_sum / (TCC_HIT_sum + TCC_MISS_sum),100,0.9850061033833091,
MI300A,l1_to_l2,1,issue,gesummv,l1_to_l2_read_requests,TCP→TCC reads,TCP_TCC_READ_REQ_sum,100,0.5964104755303063,
MI300A,l1_to_l2,1,issue,gesummv,l1_to_l2_write_requests,TCP→TCC writes,TCP_TCC_WRITE_REQ_sum,100,,constant counter
MI300A,l1_to_l2,1,issue,gesummv,l1_to_l2_total_requests,TCP→TCC total,derived: TCP_TCC_READ_REQ_sum + TCP_TCC_WRITE_REQ_sum,100,0.5964104755303063,
MI300A,l1_to_l2,1,issue,gesummv,l2_tag_requests,TCC tag requests,TCC_REQ_sum,100,0.596104405986,
MI300A,l1_to_l2,1,issue,gesummv,second_level_read_requests,TCC reads,TCC_READ_sum,100,0.5961133487012292,
MI300A,l1_to_l2,1,issue,gesummv,l2_hits,TCC hits,TCC_HIT_sum,100,0.5961383904451927,
MI300A,l1_to_l2,1,issue,gesummv,l2_misses,TCC misses,TCC_MISS_sum,100,0.5506083773617575,
MI300A,l1_to_l2,1,issue,gesummv,l2_hit_rate_percent,TCC hit rate,derived: 100 × TCC_HIT_sum / (TCC_HIT_sum + TCC_MISS_sum),100,0.5961026174912497,
MI300A,l1_to_l2,1,issue,mvt,l1_to_l2_read_requests,TCP→TCC reads,TCP_TCC_READ_REQ_sum,100,0.9392716031904055,
MI300A,l1_to_l2,1,issue,mvt,l1_to_l2_write_requests,TCP→TCC writes,TCP_TCC_WRITE_REQ_sum,100,,constant counter
MI300A,l1_to_l2,1,issue,mvt,l1_to_l2_total_requests,TCP→TCC total,derived: TCP_TCC_READ_REQ_sum + TCP_TCC_WRITE_REQ_sum,100,0.9392716031904055,
MI300A,l1_to_l2,1,issue,mvt,l2_tag_requests,TCC tag requests,TCC_REQ_sum,100,0.9392772403476944,
MI300A,l1_to_l2,1,issue,mvt,second_level_read_requests,TCC reads,TCC_READ_sum,100,0.9392321459310595,
MI300A,l1_to_l2,1,issue,mvt,l2_hits,TCC hits,TCC_HIT_sum,100,0.9392518739391439,
MI300A,l1_to_l2,1,issue,mvt,l2_misses,TCC misses,TCC_MISS_sum,100,-0.3789411870335222,
MI300A,l1_to_l2,1,issue,mvt,l2_hit_rate_percent,TCC hit rate,derived: 100 × TCC_HIT_sum / (TCC_HIT_sum + TCC_MISS_sum),100,0.9391955114995397,
MI300A,l1_to_l2,1,issue,embedding_bag,l1_to_l2_read_requests,TCP→TCC reads,TCP_TCC_READ_REQ_sum,100,0.9882704118157294,
MI300A,l1_to_l2,1,issue,embedding_bag,l1_to_l2_write_requests,TCP→TCC writes,TCP_TCC_WRITE_REQ_sum,100,,constant counter
MI300A,l1_to_l2,1,issue,embedding_bag,l1_to_l2_total_requests,TCP→TCC total,derived: TCP_TCC_READ_REQ_sum + TCP_TCC_WRITE_REQ_sum,100,0.9882704118157294,
MI300A,l1_to_l2,1,issue,embedding_bag,l2_tag_requests,TCC tag requests,TCC_REQ_sum,100,0.9858239296055424,
MI300A,l1_to_l2,1,issue,embedding_bag,second_level_read_requests,TCC reads,TCC_READ_sum,100,0.9858120977542996,
MI300A,l1_to_l2,1,issue,embedding_bag,l2_hits,TCC hits,TCC_HIT_sum,100,0.9861169037463209,
MI300A,l1_to_l2,1,issue,embedding_bag,l2_misses,TCC misses,TCC_MISS_sum,100,0.7466111369098771,
MI300A,l1_to_l2,1,issue,embedding_bag,l2_hit_rate_percent,TCC hit rate,derived: 100 × TCC_HIT_sum / (TCC_HIT_sum + TCC_MISS_sum),100,0.9857913930396887,
MI300A,l1_to_l2,1,issue,softmax_bias,l1_to_l2_read_requests,TCP→TCC reads,TCP_TCC_READ_REQ_sum,100,1.0,
MI300A,l1_to_l2,1,issue,softmax_bias,l1_to_l2_write_requests,TCP→TCC writes,TCP_TCC_WRITE_REQ_sum,100,,constant counter
MI300A,l1_to_l2,1,issue,softmax_bias,l1_to_l2_total_requests,TCP→TCC total,derived: TCP_TCC_READ_REQ_sum + TCP_TCC_WRITE_REQ_sum,100,1.0,
MI300A,l1_to_l2,1,issue,softmax_bias,l2_tag_requests,TCC tag requests,TCC_REQ_sum,100,0.9871763288565992,
MI300A,l1_to_l2,1,issue,softmax_bias,second_level_read_requests,TCC reads,TCC_READ_sum,100,0.9906495925073594,
MI300A,l1_to_l2,1,issue,softmax_bias,l2_hits,TCC hits,TCC_HIT_sum,100,0.9224978739342506,
MI300A,l1_to_l2,1,issue,softmax_bias,l2_misses,TCC misses,TCC_MISS_sum,100,0.8765756067808553,
MI300A,l1_to_l2,1,issue,softmax_bias,l2_hit_rate_percent,TCC hit rate,derived: 100 × TCC_HIT_sum / (TCC_HIT_sum + TCC_MISS_sum),100,0.544847608702678,
MI300A,l1_to_l2,1,issue,stencil5,l1_to_l2_read_requests,TCP→TCC reads,TCP_TCC_READ_REQ_sum,100,0.9982032373734867,
MI300A,l1_to_l2,1,issue,stencil5,l1_to_l2_write_requests,TCP→TCC writes,TCP_TCC_WRITE_REQ_sum,100,,constant counter
MI300A,l1_to_l2,1,issue,stencil5,l1_to_l2_total_requests,TCP→TCC total,derived: TCP_TCC_READ_REQ_sum + TCP_TCC_WRITE_REQ_sum,100,0.9982032373734867,
MI300A,l1_to_l2,1,issue,stencil5,l2_tag_requests,TCC tag requests,TCC_REQ_sum,100,0.9823031326570043,
MI300A,l1_to_l2,1,issue,stencil5,second_level_read_requests,TCC reads,TCC_READ_sum,100,0.9842673504071636,
MI300A,l1_to_l2,1,issue,stencil5,l2_hits,TCC hits,TCC_HIT_sum,100,0.9845255842947999,
MI300A,l1_to_l2,1,issue,stencil5,l2_misses,TCC misses,TCC_MISS_sum,100,-0.8995791453279282,
MI300A,l1_to_l2,1,issue,stencil5,l2_hit_rate_percent,TCC hit rate,derived: 100 × TCC_HIT_sum / (TCC_HIT_sum + TCC_MISS_sum),100,0.9822854372743489,
MI300A,l1_to_l2,1,temporal,gemv,l1_to_l2_read_requests,TCP→TCC reads,TCP_TCC_READ_REQ_sum,100,0.9881970490998928,
MI300A,l1_to_l2,1,temporal,gemv,l1_to_l2_write_requests,TCP→TCC writes,TCP_TCC_WRITE_REQ_sum,100,,constant counter
MI300A,l1_to_l2,1,temporal,gemv,l1_to_l2_total_requests,TCP→TCC total,derived: TCP_TCC_READ_REQ_sum + TCP_TCC_WRITE_REQ_sum,100,0.9881970490998928,
MI300A,l1_to_l2,1,temporal,gemv,l2_tag_requests,TCC tag requests,TCC_REQ_sum,100,0.9822039822408825,
MI300A,l1_to_l2,1,temporal,gemv,second_level_read_requests,TCC reads,TCC_READ_sum,100,0.9821921935532445,
MI300A,l1_to_l2,1,temporal,gemv,l2_hits,TCC hits,TCC_HIT_sum,100,0.9831661896633039,
MI300A,l1_to_l2,1,temporal,gemv,l2_misses,TCC misses,TCC_MISS_sum,100,0.03530614040169652,
MI300A,l1_to_l2,1,temporal,gemv,l2_hit_rate_percent,TCC hit rate,derived: 100 × TCC_HIT_sum / (TCC_HIT_sum + TCC_MISS_sum),100,0.982156830037008,
MI300A,l1_to_l2,1,temporal,gesummv,l1_to_l2_read_requests,TCP→TCC reads,TCP_TCC_READ_REQ_sum,100,0.7805105654411872,
MI300A,l1_to_l2,1,temporal,gesummv,l1_to_l2_write_requests,TCP→TCC writes,TCP_TCC_WRITE_REQ_sum,100,,constant counter
MI300A,l1_to_l2,1,temporal,gesummv,l1_to_l2_total_requests,TCP→TCC total,derived: TCP_TCC_READ_REQ_sum + TCP_TCC_WRITE_REQ_sum,100,0.7805105654411872,
MI300A,l1_to_l2,1,temporal,gesummv,l2_tag_requests,TCC tag requests,TCC_REQ_sum,100,0.7800584574139129,
MI300A,l1_to_l2,1,temporal,gesummv,second_level_read_requests,TCC reads,TCC_READ_sum,100,0.7800514360276761,
MI300A,l1_to_l2,1,temporal,gesummv,l2_hits,TCC hits,TCC_HIT_sum,100,0.7801052715013835,
MI300A,l1_to_l2,1,temporal,gesummv,l2_misses,TCC misses,TCC_MISS_sum,100,0.19751414769317105,
MI300A,l1_to_l2,1,temporal,gesummv,l2_hit_rate_percent,TCC hit rate,derived: 100 × TCC_HIT_sum / (TCC_HIT_sum + TCC_MISS_sum),100,0.7800444148310367,
MI300A,l1_to_l2,1,temporal,mvt,l1_to_l2_read_requests,TCP→TCC reads,TCP_TCC_READ_REQ_sum,100,0.9333181302297274,
MI300A,l1_to_l2,1,temporal,mvt,l1_to_l2_write_requests,TCP→TCC writes,TCP_TCC_WRITE_REQ_sum,100,,constant counter
MI300A,l1_to_l2,1,temporal,mvt,l1_to_l2_total_requests,TCP→TCC total,derived: TCP_TCC_READ_REQ_sum + TCP_TCC_WRITE_REQ_sum,100,0.9333181302297274,
MI300A,l1_to_l2,1,temporal,mvt,l2_tag_requests,TCC tag requests,TCC_REQ_sum,100,0.9333489372911669,
MI300A,l1_to_l2,1,temporal,mvt,second_level_read_requests,TCC reads,TCC_READ_sum,100,0.9333461365231572,
MI300A,l1_to_l2,1,temporal,mvt,l2_hits,TCC hits,TCC_HIT_sum,100,0.9333181302297274,
MI300A,l1_to_l2,1,temporal,mvt,l2_misses,TCC misses,TCC_MISS_sum,100,-0.4174246560077185,
MI300A,l1_to_l2,1,temporal,mvt,l2_hit_rate_percent,TCC hit rate,derived: 100 × TCC_HIT_sum / (TCC_HIT_sum + TCC_MISS_sum),100,0.933273325403652,
MI300A,l1_to_l2,1,temporal,embedding_bag,l1_to_l2_read_requests,TCP→TCC reads,TCP_TCC_READ_REQ_sum,100,0.9529040275333626,
MI300A,l1_to_l2,1,temporal,embedding_bag,l1_to_l2_write_requests,TCP→TCC writes,TCP_TCC_WRITE_REQ_sum,100,,constant counter
MI300A,l1_to_l2,1,temporal,embedding_bag,l1_to_l2_total_requests,TCP→TCC total,derived: TCP_TCC_READ_REQ_sum + TCP_TCC_WRITE_REQ_sum,100,0.9529040275333626,
MI300A,l1_to_l2,1,temporal,embedding_bag,l2_tag_requests,TCC tag requests,TCC_REQ_sum,100,0.9473718694423987,
MI300A,l1_to_l2,1,temporal,embedding_bag,second_level_read_requests,TCC reads,TCC_READ_sum,100,0.9474031435818623,
MI300A,l1_to_l2,1,temporal,embedding_bag,l2_hits,TCC hits,TCC_HIT_sum,100,0.9481489533525158,
MI300A,l1_to_l2,1,temporal,embedding_bag,l2_misses,TCC misses,TCC_MISS_sum,100,0.9049732588222746,
MI300A,l1_to_l2,1,temporal,embedding_bag,l2_hit_rate_percent,TCC hit rate,derived: 100 × TCC_HIT_sum / (TCC_HIT_sum + TCC_MISS_sum),100,0.9473093304536885,
MI300A,l1_to_l2,1,temporal,softmax_bias,l1_to_l2_read_requests,TCP→TCC reads,TCP_TCC_READ_REQ_sum,100,1.0,
MI300A,l1_to_l2,1,temporal,softmax_bias,l1_to_l2_write_requests,TCP→TCC writes,TCP_TCC_WRITE_REQ_sum,100,,constant counter
MI300A,l1_to_l2,1,temporal,softmax_bias,l1_to_l2_total_requests,TCP→TCC total,derived: TCP_TCC_READ_REQ_sum + TCP_TCC_WRITE_REQ_sum,100,1.0,
MI300A,l1_to_l2,1,temporal,softmax_bias,l2_tag_requests,TCC tag requests,TCC_REQ_sum,100,0.9775643741247196,
MI300A,l1_to_l2,1,temporal,softmax_bias,second_level_read_requests,TCC reads,TCC_READ_sum,100,0.982024174848552,
MI300A,l1_to_l2,1,temporal,softmax_bias,l2_hits,TCC hits,TCC_HIT_sum,100,0.8229106643542687,
MI300A,l1_to_l2,1,temporal,softmax_bias,l2_misses,TCC misses,TCC_MISS_sum,100,0.9590108214113665,
MI300A,l1_to_l2,1,temporal,softmax_bias,l2_hit_rate_percent,TCC hit rate,derived: 100 × TCC_HIT_sum / (TCC_HIT_sum + TCC_MISS_sum),100,0.16339517442232562,
MI300A,l1_to_l2,1,temporal,stencil5,l1_to_l2_read_requests,TCP→TCC reads,TCP_TCC_READ_REQ_sum,100,0.9986058824951486,
MI300A,l1_to_l2,1,temporal,stencil5,l1_to_l2_write_requests,TCP→TCC writes,TCP_TCC_WRITE_REQ_sum,100,,constant counter
MI300A,l1_to_l2,1,temporal,stencil5,l1_to_l2_total_requests,TCP→TCC total,derived: TCP_TCC_READ_REQ_sum + TCP_TCC_WRITE_REQ_sum,100,0.9986058824951486,
MI300A,l1_to_l2,1,temporal,stencil5,l2_tag_requests,TCC tag requests,TCC_REQ_sum,100,0.9833326201690643,
MI300A,l1_to_l2,1,temporal,stencil5,second_level_read_requests,TCC reads,TCC_READ_sum,100,0.9846755147505571,
MI300A,l1_to_l2,1,temporal,stencil5,l2_hits,TCC hits,TCC_HIT_sum,100,0.9861906341491274,
MI300A,l1_to_l2,1,temporal,stencil5,l2_misses,TCC misses,TCC_MISS_sum,100,-0.9064592129361935,
MI300A,l1_to_l2,1,temporal,stencil5,l2_hit_rate_percent,TCC hit rate,derived: 100 × TCC_HIT_sum / (TCC_HIT_sum + TCC_MISS_sum),100,0.9833267164835398,
MI300A,l1_to_l2,2,all,gemv,l1_to_l2_read_requests,TCP→TCC reads,TCP_TCC_READ_REQ_sum,100,0.9767686972346816,
MI300A,l1_to_l2,2,all,gemv,l1_to_l2_write_requests,TCP→TCC writes,TCP_TCC_WRITE_REQ_sum,100,,constant counter
MI300A,l1_to_l2,2,all,gemv,l1_to_l2_total_requests,TCP→TCC total,derived: TCP_TCC_READ_REQ_sum + TCP_TCC_WRITE_REQ_sum,100,0.9767686972346816,
MI300A,l1_to_l2,2,all,gemv,l2_tag_requests,TCC tag requests,TCC_REQ_sum,100,0.9753344694843256,
MI300A,l1_to_l2,2,all,gemv,second_level_read_requests,TCC reads,TCC_READ_sum,100,0.9753403225856725,
MI300A,l1_to_l2,2,all,gemv,l2_hits,TCC hits,TCC_HIT_sum,100,0.9756653350181806,
MI300A,l1_to_l2,2,all,gemv,l2_misses,TCC misses,TCC_MISS_sum,100,-0.3806793116989969,
MI300A,l1_to_l2,2,all,gemv,l2_hit_rate_percent,TCC hit rate,derived: 100 × TCC_HIT_sum / (TCC_HIT_sum + TCC_MISS_sum),100,0.9752964268939117,
MI300A,l1_to_l2,2,all,gesummv,l1_to_l2_read_requests,TCP→TCC reads,TCP_TCC_READ_REQ_sum,100,0.7267000102924207,
MI300A,l1_to_l2,2,all,gesummv,l1_to_l2_write_requests,TCP→TCC writes,TCP_TCC_WRITE_REQ_sum,100,,constant counter
MI300A,l1_to_l2,2,all,gesummv,l1_to_l2_total_requests,TCP→TCC total,derived: TCP_TCC_READ_REQ_sum + TCP_TCC_WRITE_REQ_sum,100,0.7267000102924207,
MI300A,l1_to_l2,2,all,gesummv,l2_tag_requests,TCC tag requests,TCC_REQ_sum,100,0.7266258748070938,
MI300A,l1_to_l2,2,all,gesummv,second_level_read_requests,TCC reads,TCC_READ_sum,100,0.7266215146027439,
MI300A,l1_to_l2,2,all,gesummv,l2_hits,TCC hits,TCC_HIT_sum,100,0.7266607592678455,
MI300A,l1_to_l2,2,all,gesummv,l2_misses,TCC misses,TCC_MISS_sum,100,0.1719206624065507,
MI300A,l1_to_l2,2,all,gesummv,l2_hit_rate_percent,TCC hit rate,derived: 100 × TCC_HIT_sum / (TCC_HIT_sum + TCC_MISS_sum),100,0.7266215146027439,
MI300A,l1_to_l2,2,all,mvt,l1_to_l2_read_requests,TCP→TCC reads,TCP_TCC_READ_REQ_sum,100,0.9350750478673971,
MI300A,l1_to_l2,2,all,mvt,l1_to_l2_write_requests,TCP→TCC writes,TCP_TCC_WRITE_REQ_sum,100,,constant counter
MI300A,l1_to_l2,2,all,mvt,l1_to_l2_total_requests,TCP→TCC total,derived: TCP_TCC_READ_REQ_sum + TCP_TCC_WRITE_REQ_sum,100,0.9350750478673971,
MI300A,l1_to_l2,2,all,mvt,l2_tag_requests,TCC tag requests,TCC_REQ_sum,100,0.9350946898547721,
MI300A,l1_to_l2,2,all,mvt,second_level_read_requests,TCC reads,TCC_READ_sum,100,0.9350918837807927,
MI300A,l1_to_l2,2,all,mvt,l2_hits,TCC hits,TCC_HIT_sum,100,0.9350974959540135,
MI300A,l1_to_l2,2,all,mvt,l2_misses,TCC misses,TCC_MISS_sum,100,-0.1598947023252291,
MI300A,l1_to_l2,2,all,mvt,l2_hit_rate_percent,TCC hit rate,derived: 100 × TCC_HIT_sum / (TCC_HIT_sum + TCC_MISS_sum),100,0.9350077133063631,
MI300A,l1_to_l2,2,all,embedding_bag,l1_to_l2_read_requests,TCP→TCC reads,TCP_TCC_READ_REQ_sum,100,0.9880217337537001,
MI300A,l1_to_l2,2,all,embedding_bag,l1_to_l2_write_requests,TCP→TCC writes,TCP_TCC_WRITE_REQ_sum,100,,constant counter
MI300A,l1_to_l2,2,all,embedding_bag,l1_to_l2_total_requests,TCP→TCC total,derived: TCP_TCC_READ_REQ_sum + TCP_TCC_WRITE_REQ_sum,100,0.9880217337537001,
MI300A,l1_to_l2,2,all,embedding_bag,l2_tag_requests,TCC tag requests,TCC_REQ_sum,100,0.9738614019453724,
MI300A,l1_to_l2,2,all,embedding_bag,second_level_read_requests,TCC reads,TCC_READ_sum,100,0.9745840041595771,
MI300A,l1_to_l2,2,all,embedding_bag,l2_hits,TCC hits,TCC_HIT_sum,100,0.9774669425051183,
MI300A,l1_to_l2,2,all,embedding_bag,l2_misses,TCC misses,TCC_MISS_sum,100,0.9421131418767242,
MI300A,l1_to_l2,2,all,embedding_bag,l2_hit_rate_percent,TCC hit rate,derived: 100 × TCC_HIT_sum / (TCC_HIT_sum + TCC_MISS_sum),100,0.9738351026512002,
MI300A,l1_to_l2,2,all,softmax_bias,l1_to_l2_read_requests,TCP→TCC reads,TCP_TCC_READ_REQ_sum,100,1.0,
MI300A,l1_to_l2,2,all,softmax_bias,l1_to_l2_write_requests,TCP→TCC writes,TCP_TCC_WRITE_REQ_sum,100,,constant counter
MI300A,l1_to_l2,2,all,softmax_bias,l1_to_l2_total_requests,TCP→TCC total,derived: TCP_TCC_READ_REQ_sum + TCP_TCC_WRITE_REQ_sum,100,1.0,
MI300A,l1_to_l2,2,all,softmax_bias,l2_tag_requests,TCC tag requests,TCC_REQ_sum,100,0.9888086891786291,
MI300A,l1_to_l2,2,all,softmax_bias,second_level_read_requests,TCC reads,TCC_READ_sum,100,0.99005088683885,
MI300A,l1_to_l2,2,all,softmax_bias,l2_hits,TCC hits,TCC_HIT_sum,100,0.854632455802218,
MI300A,l1_to_l2,2,all,softmax_bias,l2_misses,TCC misses,TCC_MISS_sum,100,0.9601753433304048,
MI300A,l1_to_l2,2,all,softmax_bias,l2_hit_rate_percent,TCC hit rate,derived: 100 × TCC_HIT_sum / (TCC_HIT_sum + TCC_MISS_sum),100,0.0865770335146431,
MI300A,l1_to_l2,2,all,stencil5,l1_to_l2_read_requests,TCP→TCC reads,TCP_TCC_READ_REQ_sum,100,0.9991242152749961,
MI300A,l1_to_l2,2,all,stencil5,l1_to_l2_write_requests,TCP→TCC writes,TCP_TCC_WRITE_REQ_sum,100,,constant counter
MI300A,l1_to_l2,2,all,stencil5,l1_to_l2_total_requests,TCP→TCC total,derived: TCP_TCC_READ_REQ_sum + TCP_TCC_WRITE_REQ_sum,100,0.9991242152749961,
MI300A,l1_to_l2,2,all,stencil5,l2_tag_requests,TCC tag requests,TCC_REQ_sum,100,0.9827059010453025,
MI300A,l1_to_l2,2,all,stencil5,second_level_read_requests,TCC reads,TCC_READ_sum,100,0.9844190804759786,
MI300A,l1_to_l2,2,all,stencil5,l2_hits,TCC hits,TCC_HIT_sum,100,0.9851080545340931,
MI300A,l1_to_l2,2,all,stencil5,l2_misses,TCC misses,TCC_MISS_sum,100,-0.8994956780165908,
MI300A,l1_to_l2,2,all,stencil5,l2_hit_rate_percent,TCC hit rate,derived: 100 × TCC_HIT_sum / (TCC_HIT_sum + TCC_MISS_sum),100,0.982685243718982,
MI300A,l1_to_l2,2,issue,gemv,l1_to_l2_read_requests,TCP→TCC reads,TCP_TCC_READ_REQ_sum,100,0.9805262247062001,
MI300A,l1_to_l2,2,issue,gemv,l1_to_l2_write_requests,TCP→TCC writes,TCP_TCC_WRITE_REQ_sum,100,,constant counter
MI300A,l1_to_l2,2,issue,gemv,l1_to_l2_total_requests,TCP→TCC total,derived: TCP_TCC_READ_REQ_sum + TCP_TCC_WRITE_REQ_sum,100,0.9805262247062001,
MI300A,l1_to_l2,2,issue,gemv,l2_tag_requests,TCC tag requests,TCC_REQ_sum,100,0.978777055720768,
MI300A,l1_to_l2,2,issue,gemv,second_level_read_requests,TCC reads,TCC_READ_sum,100,0.9787946773202002,
MI300A,l1_to_l2,2,issue,gemv,l2_hits,TCC hits,TCC_HIT_sum,100,0.9791061492625789,
MI300A,l1_to_l2,2,issue,gemv,l2_misses,TCC misses,TCC_MISS_sum,100,-0.1368404564486961,
MI300A,l1_to_l2,2,issue,gemv,l2_hit_rate_percent,TCC hit rate,derived: 100 × TCC_HIT_sum / (TCC_HIT_sum + TCC_MISS_sum),100,0.9787388788534448,
MI300A,l1_to_l2,2,issue,gesummv,l1_to_l2_read_requests,TCP→TCC reads,TCP_TCC_READ_REQ_sum,100,0.7610833695004834,
MI300A,l1_to_l2,2,issue,gesummv,l1_to_l2_write_requests,TCP→TCC writes,TCP_TCC_WRITE_REQ_sum,100,,constant counter
MI300A,l1_to_l2,2,issue,gesummv,l1_to_l2_total_requests,TCP→TCC total,derived: TCP_TCC_READ_REQ_sum + TCP_TCC_WRITE_REQ_sum,100,0.7610833695004834,
MI300A,l1_to_l2,2,issue,gesummv,l2_tag_requests,TCC tag requests,TCC_REQ_sum,100,0.7609988745863409,
MI300A,l1_to_l2,2,issue,gesummv,second_level_read_requests,TCC reads,TCC_READ_sum,100,0.7610057244769729,
MI300A,l1_to_l2,2,issue,gesummv,l2_hits,TCC hits,TCC_HIT_sum,100,0.7610217082744749,
MI300A,l1_to_l2,2,issue,gesummv,l2_misses,TCC misses,TCC_MISS_sum,100,0.19654529636246532,
MI300A,l1_to_l2,2,issue,gesummv,l2_hit_rate_percent,TCC hit rate,derived: 100 × TCC_HIT_sum / (TCC_HIT_sum + TCC_MISS_sum),100,0.7609920248806753,
MI300A,l1_to_l2,2,issue,mvt,l1_to_l2_read_requests,TCP→TCC reads,TCP_TCC_READ_REQ_sum,100,0.9392659661346113,
MI300A,l1_to_l2,2,issue,mvt,l1_to_l2_write_requests,TCP→TCC writes,TCP_TCC_WRITE_REQ_sum,100,,constant counter
MI300A,l1_to_l2,2,issue,mvt,l1_to_l2_total_requests,TCP→TCC total,derived: TCP_TCC_READ_REQ_sum + TCP_TCC_WRITE_REQ_sum,100,0.9392659661346113,
MI300A,l1_to_l2,2,issue,mvt,l2_tag_requests,TCC tag requests,TCC_REQ_sum,100,0.9392265095856415,
MI300A,l1_to_l2,2,issue,mvt,second_level_read_requests,TCC reads,TCC_READ_sum,100,0.9392546923274939,
MI300A,l1_to_l2,2,issue,mvt,l2_hits,TCC hits,TCC_HIT_sum,100,0.9392575107412153,
MI300A,l1_to_l2,2,issue,mvt,l2_misses,TCC misses,TCC_MISS_sum,100,-0.33614899742108695,
MI300A,l1_to_l2,2,issue,mvt,l2_hit_rate_percent,TCC hit rate,derived: 100 × TCC_HIT_sum / (TCC_HIT_sum + TCC_MISS_sum),100,0.9391955114995397,
MI300A,l1_to_l2,2,issue,embedding_bag,l1_to_l2_read_requests,TCP→TCC reads,TCP_TCC_READ_REQ_sum,100,0.9873408962945521,
MI300A,l1_to_l2,2,issue,embedding_bag,l1_to_l2_write_requests,TCP→TCC writes,TCP_TCC_WRITE_REQ_sum,100,,constant counter
MI300A,l1_to_l2,2,issue,embedding_bag,l1_to_l2_total_requests,TCP→TCC total,derived: TCP_TCC_READ_REQ_sum + TCP_TCC_WRITE_REQ_sum,100,0.9873408962945521,
MI300A,l1_to_l2,2,issue,embedding_bag,l2_tag_requests,TCC tag requests,TCC_REQ_sum,100,0.9841183659668776,
MI300A,l1_to_l2,2,issue,embedding_bag,second_level_read_requests,TCC reads,TCC_READ_sum,100,0.9841744744884254,
MI300A,l1_to_l2,2,issue,embedding_bag,l2_hits,TCC hits,TCC_HIT_sum,100,0.9852038469660078,
MI300A,l1_to_l2,2,issue,embedding_bag,l2_misses,TCC misses,TCC_MISS_sum,100,0.8810150985108307,
MI300A,l1_to_l2,2,issue,embedding_bag,l2_hit_rate_percent,TCC hit rate,derived: 100 × TCC_HIT_sum / (TCC_HIT_sum + TCC_MISS_sum),100,0.9841390364109552,
MI300A,l1_to_l2,2,issue,softmax_bias,l1_to_l2_read_requests,TCP→TCC reads,TCP_TCC_READ_REQ_sum,100,1.0,
MI300A,l1_to_l2,2,issue,softmax_bias,l1_to_l2_write_requests,TCP→TCC writes,TCP_TCC_WRITE_REQ_sum,100,,constant counter
MI300A,l1_to_l2,2,issue,softmax_bias,l1_to_l2_total_requests,TCP→TCC total,derived: TCP_TCC_READ_REQ_sum + TCP_TCC_WRITE_REQ_sum,100,1.0,
MI300A,l1_to_l2,2,issue,softmax_bias,l2_tag_requests,TCC tag requests,TCC_REQ_sum,100,0.988167502522966,
MI300A,l1_to_l2,2,issue,softmax_bias,second_level_read_requests,TCC reads,TCC_READ_sum,100,0.9906012347773807,
MI300A,l1_to_l2,2,issue,softmax_bias,l2_hits,TCC hits,TCC_HIT_sum,100,0.9033293483810974,
MI300A,l1_to_l2,2,issue,softmax_bias,l2_misses,TCC misses,TCC_MISS_sum,100,0.9057530048633528,
MI300A,l1_to_l2,2,issue,softmax_bias,l2_hit_rate_percent,TCC hit rate,derived: 100 × TCC_HIT_sum / (TCC_HIT_sum + TCC_MISS_sum),100,0.4038418256173326,
MI300A,l1_to_l2,2,issue,stencil5,l1_to_l2_read_requests,TCP→TCC reads,TCP_TCC_READ_REQ_sum,100,0.9980893519846954,
MI300A,l1_to_l2,2,issue,stencil5,l1_to_l2_write_requests,TCP→TCC writes,TCP_TCC_WRITE_REQ_sum,100,,constant counter
MI300A,l1_to_l2,2,issue,stencil5,l1_to_l2_total_requests,TCP→TCC total,derived: TCP_TCC_READ_REQ_sum + TCP_TCC_WRITE_REQ_sum,100,0.9980893519846954,
MI300A,l1_to_l2,2,issue,stencil5,l2_tag_requests,TCC tag requests,TCC_REQ_sum,100,0.9824619533710472,
MI300A,l1_to_l2,2,issue,stencil5,second_level_read_requests,TCC reads,TCC_READ_sum,100,0.9835019335967444,
MI300A,l1_to_l2,2,issue,stencil5,l2_hits,TCC hits,TCC_HIT_sum,100,0.9843285864693988,
MI300A,l1_to_l2,2,issue,stencil5,l2_misses,TCC misses,TCC_MISS_sum,100,-0.9056359874511078,
MI300A,l1_to_l2,2,issue,stencil5,l2_hit_rate_percent,TCC hit rate,derived: 100 × TCC_HIT_sum / (TCC_HIT_sum + TCC_MISS_sum),100,0.9824472046796644,
MI300A,l1_to_l2,2,temporal,gemv,l1_to_l2_read_requests,TCP→TCC reads,TCP_TCC_READ_REQ_sum,100,0.9761943922382557,
MI300A,l1_to_l2,2,temporal,gemv,l1_to_l2_write_requests,TCP→TCC writes,TCP_TCC_WRITE_REQ_sum,100,,constant counter
MI300A,l1_to_l2,2,temporal,gemv,l1_to_l2_total_requests,TCP→TCC total,derived: TCP_TCC_READ_REQ_sum + TCP_TCC_WRITE_REQ_sum,100,0.9761943922382557,
MI300A,l1_to_l2,2,temporal,gemv,l2_tag_requests,TCC tag requests,TCC_REQ_sum,100,0.9743766113652959,
MI300A,l1_to_l2,2,temporal,gemv,second_level_read_requests,TCC reads,TCC_READ_sum,100,0.9743649166941394,
MI300A,l1_to_l2,2,temporal,gemv,l2_hits,TCC hits,TCC_HIT_sum,100,0.9745813362987312,
MI300A,l1_to_l2,2,temporal,gemv,l2_misses,TCC misses,TCC_MISS_sum,100,-0.40944413275942376,
MI300A,l1_to_l2,2,temporal,gemv,l2_hit_rate_percent,TCC hit rate,derived: 100 × TCC_HIT_sum / (TCC_HIT_sum + TCC_MISS_sum),100,0.9743269119208036,
MI300A,l1_to_l2,2,temporal,gesummv,l1_to_l2_read_requests,TCP→TCC reads,TCP_TCC_READ_REQ_sum,100,0.7505454331548427,
MI300A,l1_to_l2,2,temporal,gesummv,l1_to_l2_write_requests,TCP→TCC writes,TCP_TCC_WRITE_REQ_sum,100,,constant counter
MI300A,l1_to_l2,2,temporal,gesummv,l1_to_l2_total_requests,TCP→TCC total,derived: TCP_TCC_READ_REQ_sum + TCP_TCC_WRITE_REQ_sum,100,0.7505454331548427,
MI300A,l1_to_l2,2,temporal,gesummv,l2_tag_requests,TCC tag requests,TCC_REQ_sum,100,0.750489133830528,
MI300A,l1_to_l2,2,temporal,gesummv,second_level_read_requests,TCC reads,TCC_READ_sum,100,0.7504868821210676,
MI300A,l1_to_l2,2,temporal,gesummv,l2_hits,TCC hits,TCC_HIT_sum,100,0.7505003926818515,
MI300A,l1_to_l2,2,temporal,gesummv,l2_misses,TCC misses,TCC_MISS_sum,100,0.31205149441441093,
MI300A,l1_to_l2,2,temporal,gesummv,l2_hit_rate_percent,TCC hit rate,derived: 100 × TCC_HIT_sum / (TCC_HIT_sum + TCC_MISS_sum),100,0.7504846304318749,
MI300A,l1_to_l2,2,temporal,mvt,l1_to_l2_read_requests,TCP→TCC reads,TCP_TCC_READ_REQ_sum,100,0.9333125292735671,
MI300A,l1_to_l2,2,temporal,mvt,l1_to_l2_write_requests,TCP→TCC writes,TCP_TCC_WRITE_REQ_sum,100,,constant counter
MI300A,l1_to_l2,2,temporal,mvt,l1_to_l2_total_requests,TCP→TCC total,derived: TCP_TCC_READ_REQ_sum + TCP_TCC_WRITE_REQ_sum,100,0.9333125292735671,
MI300A,l1_to_l2,2,temporal,mvt,l2_tag_requests,TCC tag requests,TCC_REQ_sum,100,0.9333265318530396,
MI300A,l1_to_l2,2,temporal,mvt,second_level_read_requests,TCC reads,TCC_READ_sum,100,0.9334049579467255,
MI300A,l1_to_l2,2,temporal,mvt,l2_hits,TCC hits,TCC_HIT_sum,100,0.9333377343704063,
MI300A,l1_to_l2,2,temporal,mvt,l2_misses,TCC misses,TCC_MISS_sum,100,-0.23417480140267058,
MI300A,l1_to_l2,2,temporal,mvt,l2_hit_rate_percent,TCC hit rate,derived: 100 × TCC_HIT_sum / (TCC_HIT_sum + TCC_MISS_sum),100,0.933273325403652,
MI300A,l1_to_l2,2,temporal,embedding_bag,l1_to_l2_read_requests,TCP→TCC reads,TCP_TCC_READ_REQ_sum,100,0.9856162958424399,
MI300A,l1_to_l2,2,temporal,embedding_bag,l1_to_l2_write_requests,TCP→TCC writes,TCP_TCC_WRITE_REQ_sum,100,,constant counter
MI300A,l1_to_l2,2,temporal,embedding_bag,l1_to_l2_total_requests,TCP→TCC total,derived: TCP_TCC_READ_REQ_sum + TCP_TCC_WRITE_REQ_sum,100,0.9856162958424399,
MI300A,l1_to_l2,2,temporal,embedding_bag,l2_tag_requests,TCC tag requests,TCC_REQ_sum,100,0.9651358430269344,
MI300A,l1_to_l2,2,temporal,embedding_bag,second_level_read_requests,TCC reads,TCC_READ_sum,100,0.9652807195987312,
MI300A,l1_to_l2,2,temporal,embedding_bag,l2_hits,TCC hits,TCC_HIT_sum,100,0.9700456060749788,
MI300A,l1_to_l2,2,temporal,embedding_bag,l2_misses,TCC misses,TCC_MISS_sum,100,0.9557118128324132,
MI300A,l1_to_l2,2,temporal,embedding_bag,l2_hit_rate_percent,TCC hit rate,derived: 100 × TCC_HIT_sum / (TCC_HIT_sum + TCC_MISS_sum),100,0.9650663254391114,
MI300A,l1_to_l2,2,temporal,softmax_bias,l1_to_l2_read_requests,TCP→TCC reads,TCP_TCC_READ_REQ_sum,100,1.0,
MI300A,l1_to_l2,2,temporal,softmax_bias,l1_to_l2_write_requests,TCP→TCC writes,TCP_TCC_WRITE_REQ_sum,100,,constant counter
MI300A,l1_to_l2,2,temporal,softmax_bias,l1_to_l2_total_requests,TCP→TCC total,derived: TCP_TCC_READ_REQ_sum + TCP_TCC_WRITE_REQ_sum,100,1.0,
MI300A,l1_to_l2,2,temporal,softmax_bias,l2_tag_requests,TCC tag requests,TCC_REQ_sum,100,0.988222370241981,
MI300A,l1_to_l2,2,temporal,softmax_bias,second_level_read_requests,TCC reads,TCC_READ_sum,100,0.986638988798257,
MI300A,l1_to_l2,2,temporal,softmax_bias,l2_hits,TCC hits,TCC_HIT_sum,100,0.8251147256194921,
MI300A,l1_to_l2,2,temporal,softmax_bias,l2_misses,TCC misses,TCC_MISS_sum,100,0.9738826059901108,
MI300A,l1_to_l2,2,temporal,softmax_bias,l2_hit_rate_percent,TCC hit rate,derived: 100 × TCC_HIT_sum / (TCC_HIT_sum + TCC_MISS_sum),100,-0.048071298732374534,
MI300A,l1_to_l2,2,temporal,stencil5,l1_to_l2_read_requests,TCP→TCC reads,TCP_TCC_READ_REQ_sum,100,0.9992175855732056,
MI300A,l1_to_l2,2,temporal,stencil5,l1_to_l2_write_requests,TCP→TCC writes,TCP_TCC_WRITE_REQ_sum,100,,constant counter
MI300A,l1_to_l2,2,temporal,stencil5,l1_to_l2_total_requests,TCP→TCC total,derived: TCP_TCC_READ_REQ_sum + TCP_TCC_WRITE_REQ_sum,100,0.9992175855732056,
MI300A,l1_to_l2,2,temporal,stencil5,l2_tag_requests,TCC tag requests,TCC_REQ_sum,100,0.9830254567538151,
MI300A,l1_to_l2,2,temporal,stencil5,second_level_read_requests,TCC reads,TCC_READ_sum,100,0.9847663427729033,
MI300A,l1_to_l2,2,temporal,stencil5,l2_hits,TCC hits,TCC_HIT_sum,100,0.9856015695226227,
MI300A,l1_to_l2,2,temporal,stencil5,l2_misses,TCC misses,TCC_MISS_sum,100,-0.8997867348457682,
MI300A,l1_to_l2,2,temporal,stencil5,l2_hit_rate_percent,TCC hit rate,derived: 100 × TCC_HIT_sum / (TCC_HIT_sum + TCC_MISS_sum),100,0.9830431742979981,
MI300A,l1_to_l2,3,all,gemv,l1_to_l2_read_requests,TCP→TCC reads,TCP_TCC_READ_REQ_sum,100,0.9909088279843572,
MI300A,l1_to_l2,3,all,gemv,l1_to_l2_write_requests,TCP→TCC writes,TCP_TCC_WRITE_REQ_sum,100,,constant counter
MI300A,l1_to_l2,3,all,gemv,l1_to_l2_total_requests,TCP→TCC total,derived: TCP_TCC_READ_REQ_sum + TCP_TCC_WRITE_REQ_sum,100,0.9909088279843572,
MI300A,l1_to_l2,3,all,gemv,l2_tag_requests,TCC tag requests,TCC_REQ_sum,100,0.984231041497549,
MI300A,l1_to_l2,3,all,gemv,second_level_read_requests,TCC reads,TCC_READ_sum,100,0.9839340288821832,
MI300A,l1_to_l2,3,all,gemv,l2_hits,TCC hits,TCC_HIT_sum,100,0.9847549953665702,
MI300A,l1_to_l2,3,all,gemv,l2_misses,TCC misses,TCC_MISS_sum,100,0.24227210225521825,
MI300A,l1_to_l2,3,all,gemv,l2_hit_rate_percent,TCC hit rate,derived: 100 × TCC_HIT_sum / (TCC_HIT_sum + TCC_MISS_sum),100,0.9843112021923638,
MI300A,l1_to_l2,3,all,gesummv,l1_to_l2_read_requests,TCP→TCC reads,TCP_TCC_READ_REQ_sum,100,0.9832612139010138,
MI300A,l1_to_l2,3,all,gesummv,l1_to_l2_write_requests,TCP→TCC writes,TCP_TCC_WRITE_REQ_sum,100,,constant counter
MI300A,l1_to_l2,3,all,gesummv,l1_to_l2_total_requests,TCP→TCC total,derived: TCP_TCC_READ_REQ_sum + TCP_TCC_WRITE_REQ_sum,100,0.9832612139010138,
MI300A,l1_to_l2,3,all,gesummv,l2_tag_requests,TCC tag requests,TCC_REQ_sum,100,0.98229049584559,
MI300A,l1_to_l2,3,all,gesummv,second_level_read_requests,TCC reads,TCC_READ_sum,100,0.9822812759672725,
MI300A,l1_to_l2,3,all,gesummv,l2_hits,TCC hits,TCC_HIT_sum,100,0.9823229168624821,
MI300A,l1_to_l2,3,all,gesummv,l2_misses,TCC misses,TCC_MISS_sum,100,0.3657058062655803,
MI300A,l1_to_l2,3,all,gesummv,l2_hit_rate_percent,TCC hit rate,derived: 100 × TCC_HIT_sum / (TCC_HIT_sum + TCC_MISS_sum),100,0.9793250818558912,
MI300A,l1_to_l2,3,all,mvt,l1_to_l2_read_requests,TCP→TCC reads,TCP_TCC_READ_REQ_sum,100,0.7905715314589777,
MI300A,l1_to_l2,3,all,mvt,l1_to_l2_write_requests,TCP→TCC writes,TCP_TCC_WRITE_REQ_sum,100,,constant counter
MI300A,l1_to_l2,3,all,mvt,l1_to_l2_total_requests,TCP→TCC total,derived: TCP_TCC_READ_REQ_sum + TCP_TCC_WRITE_REQ_sum,100,0.7905715314589777,
MI300A,l1_to_l2,3,all,mvt,l2_tag_requests,TCC tag requests,TCC_REQ_sum,100,0.7902647293326245,
MI300A,l1_to_l2,3,all,mvt,second_level_read_requests,TCC reads,TCC_READ_sum,100,0.7880556718593587,
MI300A,l1_to_l2,3,all,mvt,l2_hits,TCC hits,TCC_HIT_sum,100,0.790397152396417,
MI300A,l1_to_l2,3,all,mvt,l2_misses,TCC misses,TCC_MISS_sum,100,0.4391151812400054,
MI300A,l1_to_l2,3,all,mvt,l2_hit_rate_percent,TCC hit rate,derived: 100 × TCC_HIT_sum / (TCC_HIT_sum + TCC_MISS_sum),100,0.7906740369843468,
MI300A,l1_to_l2,3,all,embedding_bag,l1_to_l2_read_requests,TCP→TCC reads,TCP_TCC_READ_REQ_sum,100,0.950342830549869,
MI300A,l1_to_l2,3,all,embedding_bag,l1_to_l2_write_requests,TCP→TCC writes,TCP_TCC_WRITE_REQ_sum,100,,constant counter
MI300A,l1_to_l2,3,all,embedding_bag,l1_to_l2_total_requests,TCP→TCC total,derived: TCP_TCC_READ_REQ_sum + TCP_TCC_WRITE_REQ_sum,100,0.950342830549869,
MI300A,l1_to_l2,3,all,embedding_bag,l2_tag_requests,TCC tag requests,TCC_REQ_sum,100,0.9268987313963563,
MI300A,l1_to_l2,3,all,embedding_bag,second_level_read_requests,TCC reads,TCC_READ_sum,100,0.9320144873843704,
MI300A,l1_to_l2,3,all,embedding_bag,l2_hits,TCC hits,TCC_HIT_sum,100,0.9327987466940428,
MI300A,l1_to_l2,3,all,embedding_bag,l2_misses,TCC misses,TCC_MISS_sum,100,0.9191980011719959,
MI300A,l1_to_l2,3,all,embedding_bag,l2_hit_rate_percent,TCC hit rate,derived: 100 × TCC_HIT_sum / (TCC_HIT_sum + TCC_MISS_sum),100,0.9275321825612649,
MI300A,l1_to_l2,3,all,softmax_bias,l1_to_l2_read_requests,TCP→TCC reads,TCP_TCC_READ_REQ_sum,100,0.8489363866635766,
MI300A,l1_to_l2,3,all,softmax_bias,l1_to_l2_write_requests,TCP→TCC writes,TCP_TCC_WRITE_REQ_sum,100,,constant counter
MI300A,l1_to_l2,3,all,softmax_bias,l1_to_l2_total_requests,TCP→TCC total,derived: TCP_TCC_READ_REQ_sum + TCP_TCC_WRITE_REQ_sum,100,0.8489363866635766,
MI300A,l1_to_l2,3,all,softmax_bias,l2_tag_requests,TCC tag requests,TCC_REQ_sum,100,0.8460294632185206,
MI300A,l1_to_l2,3,all,softmax_bias,second_level_read_requests,TCC reads,TCC_READ_sum,100,0.8428485971664011,
MI300A,l1_to_l2,3,all,softmax_bias,l2_hits,TCC hits,TCC_HIT_sum,100,0.8740113077689626,
MI300A,l1_to_l2,3,all,softmax_bias,l2_misses,TCC misses,TCC_MISS_sum,100,0.8419347754072722,
MI300A,l1_to_l2,3,all,softmax_bias,l2_hit_rate_percent,TCC hit rate,derived: 100 × TCC_HIT_sum / (TCC_HIT_sum + TCC_MISS_sum),100,0.14999634265530434,
MI300A,l1_to_l2,3,all,stencil5,l1_to_l2_read_requests,TCP→TCC reads,TCP_TCC_READ_REQ_sum,100,0.9997743966571115,
MI300A,l1_to_l2,3,all,stencil5,l1_to_l2_write_requests,TCP→TCC writes,TCP_TCC_WRITE_REQ_sum,100,,constant counter
MI300A,l1_to_l2,3,all,stencil5,l1_to_l2_total_requests,TCP→TCC total,derived: TCP_TCC_READ_REQ_sum + TCP_TCC_WRITE_REQ_sum,100,0.9997743966571115,
MI300A,l1_to_l2,3,all,stencil5,l2_tag_requests,TCC tag requests,TCC_REQ_sum,100,0.9921989835345123,
MI300A,l1_to_l2,3,all,stencil5,second_level_read_requests,TCC reads,TCC_READ_sum,100,0.9938685212358304,
MI300A,l1_to_l2,3,all,stencil5,l2_hits,TCC hits,TCC_HIT_sum,100,0.9942001491716825,
MI300A,l1_to_l2,3,all,stencil5,l2_misses,TCC misses,TCC_MISS_sum,100,0.06380850065917941,
MI300A,l1_to_l2,3,all,stencil5,l2_hit_rate_percent,TCC hit rate,derived: 100 × TCC_HIT_sum / (TCC_HIT_sum + TCC_MISS_sum),100,0.9915396923865579,
MI300A,l1_to_l2,3,issue,gemv,l1_to_l2_read_requests,TCP→TCC reads,TCP_TCC_READ_REQ_sum,100,0.9860757437414527,
MI300A,l1_to_l2,3,issue,gemv,l1_to_l2_write_requests,TCP→TCC writes,TCP_TCC_WRITE_REQ_sum,100,,constant counter
MI300A,l1_to_l2,3,issue,gemv,l1_to_l2_total_requests,TCP→TCC total,derived: TCP_TCC_READ_REQ_sum + TCP_TCC_WRITE_REQ_sum,100,0.9860757437414527,
MI300A,l1_to_l2,3,issue,gemv,l2_tag_requests,TCC tag requests,TCC_REQ_sum,100,0.9740947226360817,
MI300A,l1_to_l2,3,issue,gemv,second_level_read_requests,TCC reads,TCC_READ_sum,100,0.9737300054149307,
MI300A,l1_to_l2,3,issue,gemv,l2_hits,TCC hits,TCC_HIT_sum,100,0.9749756915251796,
MI300A,l1_to_l2,3,issue,gemv,l2_misses,TCC misses,TCC_MISS_sum,100,0.3482742679563308,
MI300A,l1_to_l2,3,issue,gemv,l2_hit_rate_percent,TCC hit rate,derived: 100 × TCC_HIT_sum / (TCC_HIT_sum + TCC_MISS_sum),100,0.9745514372875139,
MI300A,l1_to_l2,3,issue,gesummv,l1_to_l2_read_requests,TCP→TCC reads,TCP_TCC_READ_REQ_sum,100,0.9651507497390862,
MI300A,l1_to_l2,3,issue,gesummv,l1_to_l2_write_requests,TCP→TCC writes,TCP_TCC_WRITE_REQ_sum,100,,constant counter
MI300A,l1_to_l2,3,issue,gesummv,l1_to_l2_total_requests,TCP→TCC total,derived: TCP_TCC_READ_REQ_sum + TCP_TCC_WRITE_REQ_sum,100,0.9651507497390862,
MI300A,l1_to_l2,3,issue,gesummv,l2_tag_requests,TCC tag requests,TCC_REQ_sum,100,0.963310054981941,
MI300A,l1_to_l2,3,issue,gesummv,second_level_read_requests,TCC reads,TCC_READ_sum,100,0.9633273981182752,
MI300A,l1_to_l2,3,issue,gesummv,l2_hits,TCC hits,TCC_HIT_sum,100,0.9633447421913642,
MI300A,l1_to_l2,3,issue,gesummv,l2_misses,TCC misses,TCC_MISS_sum,100,0.58187833942417,
MI300A,l1_to_l2,3,issue,gesummv,l2_hit_rate_percent,TCC hit rate,derived: 100 × TCC_HIT_sum / (TCC_HIT_sum + TCC_MISS_sum),100,0.9598960244194967,
MI300A,l1_to_l2,3,issue,mvt,l1_to_l2_read_requests,TCP→TCC reads,TCP_TCC_READ_REQ_sum,100,0.8362689935481818,
MI300A,l1_to_l2,3,issue,mvt,l1_to_l2_write_requests,TCP→TCC writes,TCP_TCC_WRITE_REQ_sum,100,,constant counter
MI300A,l1_to_l2,3,issue,mvt,l1_to_l2_total_requests,TCP→TCC total,derived: TCP_TCC_READ_REQ_sum + TCP_TCC_WRITE_REQ_sum,100,0.8362689935481818,
MI300A,l1_to_l2,3,issue,mvt,l2_tag_requests,TCC tag requests,TCC_REQ_sum,100,0.8283112047329987,
MI300A,l1_to_l2,3,issue,mvt,second_level_read_requests,TCC reads,TCC_READ_sum,100,0.828208275083842,
MI300A,l1_to_l2,3,issue,mvt,l2_hits,TCC hits,TCC_HIT_sum,100,0.8303727562078913,
MI300A,l1_to_l2,3,issue,mvt,l2_misses,TCC misses,TCC_MISS_sum,100,0.42012795282370724,
MI300A,l1_to_l2,3,issue,mvt,l2_hit_rate_percent,TCC hit rate,derived: 100 × TCC_HIT_sum / (TCC_HIT_sum + TCC_MISS_sum),100,0.8306965848686573,
MI300A,l1_to_l2,3,issue,embedding_bag,l1_to_l2_read_requests,TCP→TCC reads,TCP_TCC_READ_REQ_sum,100,0.9525975565109378,
MI300A,l1_to_l2,3,issue,embedding_bag,l1_to_l2_write_requests,TCP→TCC writes,TCP_TCC_WRITE_REQ_sum,100,,constant counter
MI300A,l1_to_l2,3,issue,embedding_bag,l1_to_l2_total_requests,TCP→TCC total,derived: TCP_TCC_READ_REQ_sum + TCP_TCC_WRITE_REQ_sum,100,0.9525975565109378,
MI300A,l1_to_l2,3,issue,embedding_bag,l2_tag_requests,TCC tag requests,TCC_REQ_sum,100,0.9362863486118713,
MI300A,l1_to_l2,3,issue,embedding_bag,second_level_read_requests,TCC reads,TCC_READ_sum,100,0.9417715657964084,
MI300A,l1_to_l2,3,issue,embedding_bag,l2_hits,TCC hits,TCC_HIT_sum,100,0.9357888716652155,
MI300A,l1_to_l2,3,issue,embedding_bag,l2_misses,TCC misses,TCC_MISS_sum,100,0.9293089615147958,
MI300A,l1_to_l2,3,issue,embedding_bag,l2_hit_rate_percent,TCC hit rate,derived: 100 × TCC_HIT_sum / (TCC_HIT_sum + TCC_MISS_sum),100,0.9296930664399189,
MI300A,l1_to_l2,3,issue,softmax_bias,l1_to_l2_read_requests,TCP→TCC reads,TCP_TCC_READ_REQ_sum,100,0.8601949556111881,
MI300A,l1_to_l2,3,issue,softmax_bias,l1_to_l2_write_requests,TCP→TCC writes,TCP_TCC_WRITE_REQ_sum,100,,constant counter
MI300A,l1_to_l2,3,issue,softmax_bias,l1_to_l2_total_requests,TCP→TCC total,derived: TCP_TCC_READ_REQ_sum + TCP_TCC_WRITE_REQ_sum,100,0.8601949556111881,
MI300A,l1_to_l2,3,issue,softmax_bias,l2_tag_requests,TCC tag requests,TCC_REQ_sum,100,0.8413209497964963,
MI300A,l1_to_l2,3,issue,softmax_bias,second_level_read_requests,TCC reads,TCC_READ_sum,100,0.8508656742321195,
MI300A,l1_to_l2,3,issue,softmax_bias,l2_hits,TCC hits,TCC_HIT_sum,100,0.8738281067891103,
MI300A,l1_to_l2,3,issue,softmax_bias,l2_misses,TCC misses,TCC_MISS_sum,100,0.8387030321835574,
MI300A,l1_to_l2,3,issue,softmax_bias,l2_hit_rate_percent,TCC hit rate,derived: 100 × TCC_HIT_sum / (TCC_HIT_sum + TCC_MISS_sum),100,0.15654135302649871,
MI300A,l1_to_l2,3,issue,stencil5,l1_to_l2_read_requests,TCP→TCC reads,TCP_TCC_READ_REQ_sum,100,0.9999153937772544,
MI300A,l1_to_l2,3,issue,stencil5,l1_to_l2_write_requests,TCP→TCC writes,TCP_TCC_WRITE_REQ_sum,100,,constant counter
MI300A,l1_to_l2,3,issue,stencil5,l1_to_l2_total_requests,TCP→TCC total,derived: TCP_TCC_READ_REQ_sum + TCP_TCC_WRITE_REQ_sum,100,0.9999153937772544,
MI300A,l1_to_l2,3,issue,stencil5,l2_tag_requests,TCC tag requests,TCC_REQ_sum,100,0.9795525427490631,
MI300A,l1_to_l2,3,issue,stencil5,second_level_read_requests,TCC reads,TCC_READ_sum,100,0.9886654947264362,
MI300A,l1_to_l2,3,issue,stencil5,l2_hits,TCC hits,TCC_HIT_sum,100,0.9874735814000024,
MI300A,l1_to_l2,3,issue,stencil5,l2_misses,TCC misses,TCC_MISS_sum,100,-0.008319703157458811,
MI300A,l1_to_l2,3,issue,stencil5,l2_hit_rate_percent,TCC hit rate,derived: 100 × TCC_HIT_sum / (TCC_HIT_sum + TCC_MISS_sum),100,0.9790250715469351,
MI300A,l1_to_l2,3,temporal,gemv,l1_to_l2_read_requests,TCP→TCC reads,TCP_TCC_READ_REQ_sum,100,0.9909595481534482,
MI300A,l1_to_l2,3,temporal,gemv,l1_to_l2_write_requests,TCP→TCC writes,TCP_TCC_WRITE_REQ_sum,100,,constant counter
MI300A,l1_to_l2,3,temporal,gemv,l1_to_l2_total_requests,TCP→TCC total,derived: TCP_TCC_READ_REQ_sum + TCP_TCC_WRITE_REQ_sum,100,0.9909595481534482,
MI300A,l1_to_l2,3,temporal,gemv,l2_tag_requests,TCC tag requests,TCC_REQ_sum,100,0.9856560678177447,
MI300A,l1_to_l2,3,temporal,gemv,second_level_read_requests,TCC reads,TCC_READ_sum,100,0.9854066016667474,
MI300A,l1_to_l2,3,temporal,gemv,l2_hits,TCC hits,TCC_HIT_sum,100,0.9868463607290479,
MI300A,l1_to_l2,3,temporal,gemv,l2_misses,TCC misses,TCC_MISS_sum,100,0.30376096375291767,
MI300A,l1_to_l2,3,temporal,gemv,l2_hit_rate_percent,TCC hit rate,derived: 100 × TCC_HIT_sum / (TCC_HIT_sum + TCC_MISS_sum),100,0.9866546925040924,
MI300A,l1_to_l2,3,temporal,gesummv,l1_to_l2_read_requests,TCP→TCC reads,TCP_TCC_READ_REQ_sum,100,0.9564352969891121,
MI300A,l1_to_l2,3,temporal,gesummv,l1_to_l2_write_requests,TCP→TCC writes,TCP_TCC_WRITE_REQ_sum,100,,constant counter
MI300A,l1_to_l2,3,temporal,gesummv,l1_to_l2_total_requests,TCP→TCC total,derived: TCP_TCC_READ_REQ_sum + TCP_TCC_WRITE_REQ_sum,100,0.9564352969891121,
MI300A,l1_to_l2,3,temporal,gesummv,l2_tag_requests,TCC tag requests,TCC_REQ_sum,100,0.9555194198982266,
MI300A,l1_to_l2,3,temporal,gesummv,second_level_read_requests,TCC reads,TCC_READ_sum,100,0.9554897314993943,
MI300A,l1_to_l2,3,temporal,gesummv,l2_hits,TCC hits,TCC_HIT_sum,100,0.9555595599425891,
MI300A,l1_to_l2,3,temporal,gesummv,l2_misses,TCC misses,TCC_MISS_sum,100,0.32821759523679106,
MI300A,l1_to_l2,3,temporal,gesummv,l2_hit_rate_percent,TCC hit rate,derived: 100 × TCC_HIT_sum / (TCC_HIT_sum + TCC_MISS_sum),100,0.9493407958004293,
MI300A,l1_to_l2,3,temporal,mvt,l1_to_l2_read_requests,TCP→TCC reads,TCP_TCC_READ_REQ_sum,100,0.7965215706268268,
MI300A,l1_to_l2,3,temporal,mvt,l1_to_l2_write_requests,TCP→TCC writes,TCP_TCC_WRITE_REQ_sum,100,,constant counter
MI300A,l1_to_l2,3,temporal,mvt,l1_to_l2_total_requests,TCP→TCC total,derived: TCP_TCC_READ_REQ_sum + TCP_TCC_WRITE_REQ_sum,100,0.7965215706268268,
MI300A,l1_to_l2,3,temporal,mvt,l2_tag_requests,TCC tag requests,TCC_REQ_sum,100,0.7905916337540964,
MI300A,l1_to_l2,3,temporal,mvt,second_level_read_requests,TCC reads,TCC_READ_sum,100,0.7893201931917513,
MI300A,l1_to_l2,3,temporal,mvt,l2_hits,TCC hits,TCC_HIT_sum,100,0.7917425036934044,
MI300A,l1_to_l2,3,temporal,mvt,l2_misses,TCC misses,TCC_MISS_sum,100,0.39850117596265633,
MI300A,l1_to_l2,3,temporal,mvt,l2_hit_rate_percent,TCC hit rate,derived: 100 × TCC_HIT_sum / (TCC_HIT_sum + TCC_MISS_sum),100,0.7921146185359487,
MI300A,l1_to_l2,3,temporal,embedding_bag,l1_to_l2_read_requests,TCP→TCC reads,TCP_TCC_READ_REQ_sum,100,0.9411741799317848,
MI300A,l1_to_l2,3,temporal,embedding_bag,l1_to_l2_write_requests,TCP→TCC writes,TCP_TCC_WRITE_REQ_sum,100,,constant counter
MI300A,l1_to_l2,3,temporal,embedding_bag,l1_to_l2_total_requests,TCP→TCC total,derived: TCP_TCC_READ_REQ_sum + TCP_TCC_WRITE_REQ_sum,100,0.9411741799317848,
MI300A,l1_to_l2,3,temporal,embedding_bag,l2_tag_requests,TCC tag requests,TCC_REQ_sum,100,0.9209280486232322,
MI300A,l1_to_l2,3,temporal,embedding_bag,second_level_read_requests,TCC reads,TCC_READ_sum,100,0.9339166336423139,
MI300A,l1_to_l2,3,temporal,embedding_bag,l2_hits,TCC hits,TCC_HIT_sum,100,0.9242729779114355,
MI300A,l1_to_l2,3,temporal,embedding_bag,l2_misses,TCC misses,TCC_MISS_sum,100,0.9125490465395798,
MI300A,l1_to_l2,3,temporal,embedding_bag,l2_hit_rate_percent,TCC hit rate,derived: 100 × TCC_HIT_sum / (TCC_HIT_sum + TCC_MISS_sum),100,0.9196097992399279,
MI300A,l1_to_l2,3,temporal,softmax_bias,l1_to_l2_read_requests,TCP→TCC reads,TCP_TCC_READ_REQ_sum,100,0.8432973582989405,
MI300A,l1_to_l2,3,temporal,softmax_bias,l1_to_l2_write_requests,TCP→TCC writes,TCP_TCC_WRITE_REQ_sum,100,,constant counter
MI300A,l1_to_l2,3,temporal,softmax_bias,l1_to_l2_total_requests,TCP→TCC total,derived: TCP_TCC_READ_REQ_sum + TCP_TCC_WRITE_REQ_sum,100,0.8432973582989405,
MI300A,l1_to_l2,3,temporal,softmax_bias,l2_tag_requests,TCC tag requests,TCC_REQ_sum,100,0.8314645442915041,
MI300A,l1_to_l2,3,temporal,softmax_bias,second_level_read_requests,TCC reads,TCC_READ_sum,100,0.8232875225970187,
MI300A,l1_to_l2,3,temporal,softmax_bias,l2_hits,TCC hits,TCC_HIT_sum,100,0.8721574824946479,
MI300A,l1_to_l2,3,temporal,softmax_bias,l2_misses,TCC misses,TCC_MISS_sum,100,0.822317472693387,
MI300A,l1_to_l2,3,temporal,softmax_bias,l2_hit_rate_percent,TCC hit rate,derived: 100 × TCC_HIT_sum / (TCC_HIT_sum + TCC_MISS_sum),100,0.25135232500811006,
MI300A,l1_to_l2,3,temporal,stencil5,l1_to_l2_read_requests,TCP→TCC reads,TCP_TCC_READ_REQ_sum,100,0.9996017321638866,
MI300A,l1_to_l2,3,temporal,stencil5,l1_to_l2_write_requests,TCP→TCC writes,TCP_TCC_WRITE_REQ_sum,100,,constant counter
MI300A,l1_to_l2,3,temporal,stencil5,l1_to_l2_total_requests,TCP→TCC total,derived: TCP_TCC_READ_REQ_sum + TCP_TCC_WRITE_REQ_sum,100,0.9996017321638866,
MI300A,l1_to_l2,3,temporal,stencil5,l2_tag_requests,TCC tag requests,TCC_REQ_sum,100,0.9932627495053589,
MI300A,l1_to_l2,3,temporal,stencil5,second_level_read_requests,TCC reads,TCC_READ_sum,100,0.994176314378889,
MI300A,l1_to_l2,3,temporal,stencil5,l2_hits,TCC hits,TCC_HIT_sum,100,0.9941214085436553,
MI300A,l1_to_l2,3,temporal,stencil5,l2_misses,TCC misses,TCC_MISS_sum,100,0.007075628079818109,
MI300A,l1_to_l2,3,temporal,stencil5,l2_hit_rate_percent,TCC hit rate,derived: 100 × TCC_HIT_sum / (TCC_HIT_sum + TCC_MISS_sum),100,0.992583661624807,
MI300A,speedup,1,all,gemv,l1_to_l2_read_requests,TCP→TCC reads,TCP_TCC_READ_REQ_sum,100,-0.9589197155333303,
MI300A,speedup,1,all,gemv,l1_to_l2_write_requests,TCP→TCC writes,TCP_TCC_WRITE_REQ_sum,100,,constant counter
MI300A,speedup,1,all,gemv,l1_to_l2_total_requests,TCP→TCC total,derived: TCP_TCC_READ_REQ_sum + TCP_TCC_WRITE_REQ_sum,100,-0.9589197155333303,
MI300A,speedup,1,all,gemv,l2_tag_requests,TCC tag requests,TCC_REQ_sum,100,-0.9545555497800817,
MI300A,speedup,1,all,gemv,second_level_read_requests,TCC reads,TCC_READ_sum,100,-0.9531810732387598,
MI300A,speedup,1,all,gemv,l2_hits,TCC hits,TCC_HIT_sum,100,-0.9530359270150429,
MI300A,speedup,1,all,gemv,l2_misses,TCC misses,TCC_MISS_sum,100,0.04615840020087426,
MI300A,speedup,1,all,gemv,l2_hit_rate_percent,TCC hit rate,derived: 100 × TCC_HIT_sum / (TCC_HIT_sum + TCC_MISS_sum),100,-0.952726240708655,
MI300A,speedup,1,all,gesummv,l1_to_l2_read_requests,TCP→TCC reads,TCP_TCC_READ_REQ_sum,100,-0.6812128440050826,
MI300A,speedup,1,all,gesummv,l1_to_l2_write_requests,TCP→TCC writes,TCP_TCC_WRITE_REQ_sum,100,,constant counter
MI300A,speedup,1,all,gesummv,l1_to_l2_total_requests,TCP→TCC total,derived: TCP_TCC_READ_REQ_sum + TCP_TCC_WRITE_REQ_sum,100,-0.6812128440050826,
MI300A,speedup,1,all,gesummv,l2_tag_requests,TCC tag requests,TCC_REQ_sum,100,-0.6822086887906285,
MI300A,speedup,1,all,gesummv,second_level_read_requests,TCC reads,TCC_READ_sum,100,-0.6862062117078934,
MI300A,speedup,1,all,gesummv,l2_hits,TCC hits,TCC_HIT_sum,100,-0.682515444839747,
MI300A,speedup,1,all,gesummv,l2_misses,TCC misses,TCC_MISS_sum,100,-0.2747452145917782,
MI300A,speedup,1,all,gesummv,l2_hit_rate_percent,TCC hit rate,derived: 100 × TCC_HIT_sum / (TCC_HIT_sum + TCC_MISS_sum),100,-0.6844517516638254,
MI300A,speedup,1,all,mvt,l1_to_l2_read_requests,TCP→TCC reads,TCP_TCC_READ_REQ_sum,100,0.8415052892771699,
MI300A,speedup,1,all,mvt,l1_to_l2_write_requests,TCP→TCC writes,TCP_TCC_WRITE_REQ_sum,100,,constant counter
MI300A,speedup,1,all,mvt,l1_to_l2_total_requests,TCP→TCC total,derived: TCP_TCC_READ_REQ_sum + TCP_TCC_WRITE_REQ_sum,100,0.8415052892771699,
MI300A,speedup,1,all,mvt,l2_tag_requests,TCC tag requests,TCC_REQ_sum,100,0.8090722703427499,
MI300A,speedup,1,all,mvt,second_level_read_requests,TCC reads,TCC_READ_sum,100,0.7788094328752261,
MI300A,speedup,1,all,mvt,l2_hits,TCC hits,TCC_HIT_sum,100,0.8161124707688308,
MI300A,speedup,1,all,mvt,l2_misses,TCC misses,TCC_MISS_sum,100,-0.3314966037127232,
MI300A,speedup,1,all,mvt,l2_hit_rate_percent,TCC hit rate,derived: 100 × TCC_HIT_sum / (TCC_HIT_sum + TCC_MISS_sum),100,0.8148519274234525,
MI300A,speedup,1,all,embedding_bag,l1_to_l2_read_requests,TCP→TCC reads,TCP_TCC_READ_REQ_sum,100,,constant J_area
MI300A,speedup,1,all,embedding_bag,l1_to_l2_write_requests,TCP→TCC writes,TCP_TCC_WRITE_REQ_sum,100,,constant J_area
MI300A,speedup,1,all,embedding_bag,l1_to_l2_total_requests,TCP→TCC total,derived: TCP_TCC_READ_REQ_sum + TCP_TCC_WRITE_REQ_sum,100,,constant J_area
MI300A,speedup,1,all,embedding_bag,l2_tag_requests,TCC tag requests,TCC_REQ_sum,100,,constant J_area
MI300A,speedup,1,all,embedding_bag,second_level_read_requests,TCC reads,TCC_READ_sum,100,,constant J_area
MI300A,speedup,1,all,embedding_bag,l2_hits,TCC hits,TCC_HIT_sum,100,,constant J_area
MI300A,speedup,1,all,embedding_bag,l2_misses,TCC misses,TCC_MISS_sum,100,,constant J_area
MI300A,speedup,1,all,embedding_bag,l2_hit_rate_percent,TCC hit rate,derived: 100 × TCC_HIT_sum / (TCC_HIT_sum + TCC_MISS_sum),100,,constant J_area
MI300A,speedup,1,all,softmax_bias,l1_to_l2_read_requests,TCP→TCC reads,TCP_TCC_READ_REQ_sum,100,,constant J_area
MI300A,speedup,1,all,softmax_bias,l1_to_l2_write_requests,TCP→TCC writes,TCP_TCC_WRITE_REQ_sum,100,,constant J_area
MI300A,speedup,1,all,softmax_bias,l1_to_l2_total_requests,TCP→TCC total,derived: TCP_TCC_READ_REQ_sum + TCP_TCC_WRITE_REQ_sum,100,,constant J_area
MI300A,speedup,1,all,softmax_bias,l2_tag_requests,TCC tag requests,TCC_REQ_sum,100,,constant J_area
MI300A,speedup,1,all,softmax_bias,second_level_read_requests,TCC reads,TCC_READ_sum,100,,constant J_area
MI300A,speedup,1,all,softmax_bias,l2_hits,TCC hits,TCC_HIT_sum,100,,constant J_area
MI300A,speedup,1,all,softmax_bias,l2_misses,TCC misses,TCC_MISS_sum,100,,constant J_area
MI300A,speedup,1,all,softmax_bias,l2_hit_rate_percent,TCC hit rate,derived: 100 × TCC_HIT_sum / (TCC_HIT_sum + TCC_MISS_sum),100,,constant J_area
MI300A,speedup,1,all,stencil5,l1_to_l2_read_requests,TCP→TCC reads,TCP_TCC_READ_REQ_sum,100,,constant J_area
MI300A,speedup,1,all,stencil5,l1_to_l2_write_requests,TCP→TCC writes,TCP_TCC_WRITE_REQ_sum,100,,constant J_area
MI300A,speedup,1,all,stencil5,l1_to_l2_total_requests,TCP→TCC total,derived: TCP_TCC_READ_REQ_sum + TCP_TCC_WRITE_REQ_sum,100,,constant J_area
MI300A,speedup,1,all,stencil5,l2_tag_requests,TCC tag requests,TCC_REQ_sum,100,,constant J_area
MI300A,speedup,1,all,stencil5,second_level_read_requests,TCC reads,TCC_READ_sum,100,,constant J_area
MI300A,speedup,1,all,stencil5,l2_hits,TCC hits,TCC_HIT_sum,100,,constant J_area
MI300A,speedup,1,all,stencil5,l2_misses,TCC misses,TCC_MISS_sum,100,,constant J_area
MI300A,speedup,1,all,stencil5,l2_hit_rate_percent,TCC hit rate,derived: 100 × TCC_HIT_sum / (TCC_HIT_sum + TCC_MISS_sum),100,,constant J_area
MI300A,speedup,1,issue,gemv,l1_to_l2_read_requests,TCP→TCC reads,TCP_TCC_READ_REQ_sum,100,-0.9475913895816523,
MI300A,speedup,1,issue,gemv,l1_to_l2_write_requests,TCP→TCC writes,TCP_TCC_WRITE_REQ_sum,100,,constant counter
MI300A,speedup,1,issue,gemv,l1_to_l2_total_requests,TCP→TCC total,derived: TCP_TCC_READ_REQ_sum + TCP_TCC_WRITE_REQ_sum,100,-0.9475913895816523,
MI300A,speedup,1,issue,gemv,l2_tag_requests,TCC tag requests,TCC_REQ_sum,100,-0.9518386625999341,
MI300A,speedup,1,issue,gemv,second_level_read_requests,TCC reads,TCC_READ_sum,100,-0.9436354113076287,
MI300A,speedup,1,issue,gemv,l2_hits,TCC hits,TCC_HIT_sum,100,-0.9457089626183504,
MI300A,speedup,1,issue,gemv,l2_misses,TCC misses,TCC_MISS_sum,100,-0.027203841379431153,
MI300A,speedup,1,issue,gemv,l2_hit_rate_percent,TCC hit rate,derived: 100 × TCC_HIT_sum / (TCC_HIT_sum + TCC_MISS_sum),100,-0.9444147011715236,
MI300A,speedup,1,issue,gesummv,l1_to_l2_read_requests,TCP→TCC reads,TCP_TCC_READ_REQ_sum,100,-0.6221597698946432,
MI300A,speedup,1,issue,gesummv,l1_to_l2_write_requests,TCP→TCC writes,TCP_TCC_WRITE_REQ_sum,100,,constant counter
MI300A,speedup,1,issue,gesummv,l1_to_l2_total_requests,TCP→TCC total,derived: TCP_TCC_READ_REQ_sum + TCP_TCC_WRITE_REQ_sum,100,-0.6221597698946432,
MI300A,speedup,1,issue,gesummv,l2_tag_requests,TCC tag requests,TCC_REQ_sum,100,-0.6241322702678312,
MI300A,speedup,1,issue,gesummv,second_level_read_requests,TCC reads,TCC_READ_sum,100,-0.6262769823981263,
MI300A,speedup,1,issue,gesummv,l2_hits,TCC hits,TCC_HIT_sum,100,-0.6246648943749981,
MI300A,speedup,1,issue,gesummv,l2_misses,TCC misses,TCC_MISS_sum,100,-0.511947918310616,
MI300A,speedup,1,issue,gesummv,l2_hit_rate_percent,TCC hit rate,derived: 100 × TCC_HIT_sum / (TCC_HIT_sum + TCC_MISS_sum),100,-0.6234370353625799,
MI300A,speedup,1,issue,mvt,l1_to_l2_read_requests,TCP→TCC reads,TCP_TCC_READ_REQ_sum,100,0.8495394385762516,
MI300A,speedup,1,issue,mvt,l1_to_l2_write_requests,TCP→TCC writes,TCP_TCC_WRITE_REQ_sum,100,,constant counter
MI300A,speedup,1,issue,mvt,l1_to_l2_total_requests,TCP→TCC total,derived: TCP_TCC_READ_REQ_sum + TCP_TCC_WRITE_REQ_sum,100,0.8495394385762516,
MI300A,speedup,1,issue,mvt,l2_tag_requests,TCC tag requests,TCC_REQ_sum,100,0.8381044428918587,
MI300A,speedup,1,issue,mvt,second_level_read_requests,TCC reads,TCC_READ_sum,100,0.8120216112867269,
MI300A,speedup,1,issue,mvt,l2_hits,TCC hits,TCC_HIT_sum,100,0.8528418743001297,
MI300A,speedup,1,issue,mvt,l2_misses,TCC misses,TCC_MISS_sum,100,-0.24265346879221106,
MI300A,speedup,1,issue,mvt,l2_hit_rate_percent,TCC hit rate,derived: 100 × TCC_HIT_sum / (TCC_HIT_sum + TCC_MISS_sum),100,0.851879878474433,
MI300A,speedup,1,issue,embedding_bag,l1_to_l2_read_requests,TCP→TCC reads,TCP_TCC_READ_REQ_sum,100,,constant J_area
MI300A,speedup,1,issue,embedding_bag,l1_to_l2_write_requests,TCP→TCC writes,TCP_TCC_WRITE_REQ_sum,100,,constant J_area
MI300A,speedup,1,issue,embedding_bag,l1_to_l2_total_requests,TCP→TCC total,derived: TCP_TCC_READ_REQ_sum + TCP_TCC_WRITE_REQ_sum,100,,constant J_area
MI300A,speedup,1,issue,embedding_bag,l2_tag_requests,TCC tag requests,TCC_REQ_sum,100,,constant J_area
MI300A,speedup,1,issue,embedding_bag,second_level_read_requests,TCC reads,TCC_READ_sum,100,,constant J_area
MI300A,speedup,1,issue,embedding_bag,l2_hits,TCC hits,TCC_HIT_sum,100,,constant J_area
MI300A,speedup,1,issue,embedding_bag,l2_misses,TCC misses,TCC_MISS_sum,100,,constant J_area
MI300A,speedup,1,issue,embedding_bag,l2_hit_rate_percent,TCC hit rate,derived: 100 × TCC_HIT_sum / (TCC_HIT_sum + TCC_MISS_sum),100,,constant J_area
MI300A,speedup,1,issue,softmax_bias,l1_to_l2_read_requests,TCP→TCC reads,TCP_TCC_READ_REQ_sum,100,,constant J_area
MI300A,speedup,1,issue,softmax_bias,l1_to_l2_write_requests,TCP→TCC writes,TCP_TCC_WRITE_REQ_sum,100,,constant J_area
MI300A,speedup,1,issue,softmax_bias,l1_to_l2_total_requests,TCP→TCC total,derived: TCP_TCC_READ_REQ_sum + TCP_TCC_WRITE_REQ_sum,100,,constant J_area
MI300A,speedup,1,issue,softmax_bias,l2_tag_requests,TCC tag requests,TCC_REQ_sum,100,,constant J_area
MI300A,speedup,1,issue,softmax_bias,second_level_read_requests,TCC reads,TCC_READ_sum,100,,constant J_area
MI300A,speedup,1,issue,softmax_bias,l2_hits,TCC hits,TCC_HIT_sum,100,,constant J_area
MI300A,speedup,1,issue,softmax_bias,l2_misses,TCC misses,TCC_MISS_sum,100,,constant J_area
MI300A,speedup,1,issue,softmax_bias,l2_hit_rate_percent,TCC hit rate,derived: 100 × TCC_HIT_sum / (TCC_HIT_sum + TCC_MISS_sum),100,,constant J_area
MI300A,speedup,1,issue,stencil5,l1_to_l2_read_requests,TCP→TCC reads,TCP_TCC_READ_REQ_sum,100,,constant J_area
MI300A,speedup,1,issue,stencil5,l1_to_l2_write_requests,TCP→TCC writes,TCP_TCC_WRITE_REQ_sum,100,,constant J_area
MI300A,speedup,1,issue,stencil5,l1_to_l2_total_requests,TCP→TCC total,derived: TCP_TCC_READ_REQ_sum + TCP_TCC_WRITE_REQ_sum,100,,constant J_area
MI300A,speedup,1,issue,stencil5,l2_tag_requests,TCC tag requests,TCC_REQ_sum,100,,constant J_area
MI300A,speedup,1,issue,stencil5,second_level_read_requests,TCC reads,TCC_READ_sum,100,,constant J_area
MI300A,speedup,1,issue,stencil5,l2_hits,TCC hits,TCC_HIT_sum,100,,constant J_area
MI300A,speedup,1,issue,stencil5,l2_misses,TCC misses,TCC_MISS_sum,100,,constant J_area
MI300A,speedup,1,issue,stencil5,l2_hit_rate_percent,TCC hit rate,derived: 100 × TCC_HIT_sum / (TCC_HIT_sum + TCC_MISS_sum),100,,constant J_area
MI300A,speedup,1,temporal,gemv,l1_to_l2_read_requests,TCP→TCC reads,TCP_TCC_READ_REQ_sum,100,-0.9650982166734594,
MI300A,speedup,1,temporal,gemv,l1_to_l2_write_requests,TCP→TCC writes,TCP_TCC_WRITE_REQ_sum,100,,constant counter
MI300A,speedup,1,temporal,gemv,l1_to_l2_total_requests,TCP→TCC total,derived: TCP_TCC_READ_REQ_sum + TCP_TCC_WRITE_REQ_sum,100,-0.9650982166734594,
MI300A,speedup,1,temporal,gemv,l2_tag_requests,TCC tag requests,TCC_REQ_sum,100,-0.9623501456375746,
MI300A,speedup,1,temporal,gemv,second_level_read_requests,TCC reads,TCC_READ_sum,100,-0.9669959036591004,
MI300A,speedup,1,temporal,gemv,l2_hits,TCC hits,TCC_HIT_sum,100,-0.9605043463820847,
MI300A,speedup,1,temporal,gemv,l2_misses,TCC misses,TCC_MISS_sum,100,-0.02882942843771995,
MI300A,speedup,1,temporal,gemv,l2_hit_rate_percent,TCC hit rate,derived: 100 × TCC_HIT_sum / (TCC_HIT_sum + TCC_MISS_sum),100,-0.9592237296200248,
MI300A,speedup,1,temporal,gesummv,l1_to_l2_read_requests,TCP→TCC reads,TCP_TCC_READ_REQ_sum,100,-0.7555179390225403,
MI300A,speedup,1,temporal,gesummv,l1_to_l2_write_requests,TCP→TCC writes,TCP_TCC_WRITE_REQ_sum,100,,constant counter
MI300A,speedup,1,temporal,gesummv,l1_to_l2_total_requests,TCP→TCC total,derived: TCP_TCC_READ_REQ_sum + TCP_TCC_WRITE_REQ_sum,100,-0.7555179390225403,
MI300A,speedup,1,temporal,gesummv,l2_tag_requests,TCC tag requests,TCC_REQ_sum,100,-0.7581704346840618,
MI300A,speedup,1,temporal,gesummv,second_level_read_requests,TCC reads,TCC_READ_sum,100,-0.7589553139263432,
MI300A,speedup,1,temporal,gesummv,l2_hits,TCC hits,TCC_HIT_sum,100,-0.7573014237241298,
MI300A,speedup,1,temporal,gesummv,l2_misses,TCC misses,TCC_MISS_sum,100,-0.18579694904834443,
MI300A,speedup,1,temporal,gesummv,l2_hit_rate_percent,TCC hit rate,derived: 100 × TCC_HIT_sum / (TCC_HIT_sum + TCC_MISS_sum),100,-0.7572300716370604,
MI300A,speedup,1,temporal,mvt,l1_to_l2_read_requests,TCP→TCC reads,TCP_TCC_READ_REQ_sum,100,0.8210687985385884,
MI300A,speedup,1,temporal,mvt,l1_to_l2_write_requests,TCP→TCC writes,TCP_TCC_WRITE_REQ_sum,100,,constant counter
MI300A,speedup,1,temporal,mvt,l1_to_l2_total_requests,TCP→TCC total,derived: TCP_TCC_READ_REQ_sum + TCP_TCC_WRITE_REQ_sum,100,0.8210687985385884,
MI300A,speedup,1,temporal,mvt,l2_tag_requests,TCC tag requests,TCC_REQ_sum,100,0.7814484154434462,
MI300A,speedup,1,temporal,mvt,second_level_read_requests,TCC reads,TCC_READ_sum,100,0.8137454154359052,
MI300A,speedup,1,temporal,mvt,l2_hits,TCC hits,TCC_HIT_sum,100,0.8107499307152366,
MI300A,speedup,1,temporal,mvt,l2_misses,TCC misses,TCC_MISS_sum,100,-0.42310886722657004,
MI300A,speedup,1,temporal,mvt,l2_hit_rate_percent,TCC hit rate,derived: 100 × TCC_HIT_sum / (TCC_HIT_sum + TCC_MISS_sum),100,0.8097526471255215,
MI300A,speedup,1,temporal,embedding_bag,l1_to_l2_read_requests,TCP→TCC reads,TCP_TCC_READ_REQ_sum,100,,constant J_area
MI300A,speedup,1,temporal,embedding_bag,l1_to_l2_write_requests,TCP→TCC writes,TCP_TCC_WRITE_REQ_sum,100,,constant J_area
MI300A,speedup,1,temporal,embedding_bag,l1_to_l2_total_requests,TCP→TCC total,derived: TCP_TCC_READ_REQ_sum + TCP_TCC_WRITE_REQ_sum,100,,constant J_area
MI300A,speedup,1,temporal,embedding_bag,l2_tag_requests,TCC tag requests,TCC_REQ_sum,100,,constant J_area
MI300A,speedup,1,temporal,embedding_bag,second_level_read_requests,TCC reads,TCC_READ_sum,100,,constant J_area
MI300A,speedup,1,temporal,embedding_bag,l2_hits,TCC hits,TCC_HIT_sum,100,,constant J_area
MI300A,speedup,1,temporal,embedding_bag,l2_misses,TCC misses,TCC_MISS_sum,100,,constant J_area
MI300A,speedup,1,temporal,embedding_bag,l2_hit_rate_percent,TCC hit rate,derived: 100 × TCC_HIT_sum / (TCC_HIT_sum + TCC_MISS_sum),100,,constant J_area
MI300A,speedup,1,temporal,softmax_bias,l1_to_l2_read_requests,TCP→TCC reads,TCP_TCC_READ_REQ_sum,100,,constant J_area
MI300A,speedup,1,temporal,softmax_bias,l1_to_l2_write_requests,TCP→TCC writes,TCP_TCC_WRITE_REQ_sum,100,,constant J_area
MI300A,speedup,1,temporal,softmax_bias,l1_to_l2_total_requests,TCP→TCC total,derived: TCP_TCC_READ_REQ_sum + TCP_TCC_WRITE_REQ_sum,100,,constant J_area
MI300A,speedup,1,temporal,softmax_bias,l2_tag_requests,TCC tag requests,TCC_REQ_sum,100,,constant J_area
MI300A,speedup,1,temporal,softmax_bias,second_level_read_requests,TCC reads,TCC_READ_sum,100,,constant J_area
MI300A,speedup,1,temporal,softmax_bias,l2_hits,TCC hits,TCC_HIT_sum,100,,constant J_area
MI300A,speedup,1,temporal,softmax_bias,l2_misses,TCC misses,TCC_MISS_sum,100,,constant J_area
MI300A,speedup,1,temporal,softmax_bias,l2_hit_rate_percent,TCC hit rate,derived: 100 × TCC_HIT_sum / (TCC_HIT_sum + TCC_MISS_sum),100,,constant J_area
MI300A,speedup,1,temporal,stencil5,l1_to_l2_read_requests,TCP→TCC reads,TCP_TCC_READ_REQ_sum,100,,constant J_area
MI300A,speedup,1,temporal,stencil5,l1_to_l2_write_requests,TCP→TCC writes,TCP_TCC_WRITE_REQ_sum,100,,constant J_area
MI300A,speedup,1,temporal,stencil5,l1_to_l2_total_requests,TCP→TCC total,derived: TCP_TCC_READ_REQ_sum + TCP_TCC_WRITE_REQ_sum,100,,constant J_area
MI300A,speedup,1,temporal,stencil5,l2_tag_requests,TCC tag requests,TCC_REQ_sum,100,,constant J_area
MI300A,speedup,1,temporal,stencil5,second_level_read_requests,TCC reads,TCC_READ_sum,100,,constant J_area
MI300A,speedup,1,temporal,stencil5,l2_hits,TCC hits,TCC_HIT_sum,100,,constant J_area
MI300A,speedup,1,temporal,stencil5,l2_misses,TCC misses,TCC_MISS_sum,100,,constant J_area
MI300A,speedup,1,temporal,stencil5,l2_hit_rate_percent,TCC hit rate,derived: 100 × TCC_HIT_sum / (TCC_HIT_sum + TCC_MISS_sum),100,,constant J_area
MI300A,speedup,2,all,gemv,l1_to_l2_read_requests,TCP→TCC reads,TCP_TCC_READ_REQ_sum,100,-0.9099991663378075,
MI300A,speedup,2,all,gemv,l1_to_l2_write_requests,TCP→TCC writes,TCP_TCC_WRITE_REQ_sum,100,,constant counter
MI300A,speedup,2,all,gemv,l1_to_l2_total_requests,TCP→TCC total,derived: TCP_TCC_READ_REQ_sum + TCP_TCC_WRITE_REQ_sum,100,-0.9099991663378075,
MI300A,speedup,2,all,gemv,l2_tag_requests,TCC tag requests,TCC_REQ_sum,100,-0.9286921074784902,
MI300A,speedup,2,all,gemv,second_level_read_requests,TCC reads,TCC_READ_sum,100,-0.9212043491656949,
MI300A,speedup,2,all,gemv,l2_hits,TCC hits,TCC_HIT_sum,100,-0.9226496568686062,
MI300A,speedup,2,all,gemv,l2_misses,TCC misses,TCC_MISS_sum,100,0.33717182032166304,
MI300A,speedup,2,all,gemv,l2_hit_rate_percent,TCC hit rate,derived: 100 × TCC_HIT_sum / (TCC_HIT_sum + TCC_MISS_sum),100,-0.9199912469072612,
MI300A,speedup,2,all,gesummv,l1_to_l2_read_requests,TCP→TCC reads,TCP_TCC_READ_REQ_sum,100,-0.7023437156872321,
MI300A,speedup,2,all,gesummv,l1_to_l2_write_requests,TCP→TCC writes,TCP_TCC_WRITE_REQ_sum,100,,constant counter
MI300A,speedup,2,all,gesummv,l1_to_l2_total_requests,TCP→TCC total,derived: TCP_TCC_READ_REQ_sum + TCP_TCC_WRITE_REQ_sum,100,-0.7023437156872321,
MI300A,speedup,2,all,gesummv,l2_tag_requests,TCC tag requests,TCC_REQ_sum,100,-0.7085025533792968,
MI300A,speedup,2,all,gesummv,second_level_read_requests,TCC reads,TCC_READ_sum,100,-0.7029642134560884,
MI300A,speedup,2,all,gesummv,l2_hits,TCC hits,TCC_HIT_sum,100,-0.708057984374206,
MI300A,speedup,2,all,gesummv,l2_misses,TCC misses,TCC_MISS_sum,100,-0.1672474654595262,
MI300A,speedup,2,all,gesummv,l2_hit_rate_percent,TCC hit rate,derived: 100 × TCC_HIT_sum / (TCC_HIT_sum + TCC_MISS_sum),100,-0.7032218982850679,
MI300A,speedup,2,all,mvt,l1_to_l2_read_requests,TCP→TCC reads,TCP_TCC_READ_REQ_sum,100,0.8169835379495879,
MI300A,speedup,2,all,mvt,l1_to_l2_write_requests,TCP→TCC writes,TCP_TCC_WRITE_REQ_sum,100,,constant counter
MI300A,speedup,2,all,mvt,l1_to_l2_total_requests,TCP→TCC total,derived: TCP_TCC_READ_REQ_sum + TCP_TCC_WRITE_REQ_sum,100,0.8169835379495879,
MI300A,speedup,2,all,mvt,l2_tag_requests,TCC tag requests,TCC_REQ_sum,100,0.8010951138465977,
MI300A,speedup,2,all,mvt,second_level_read_requests,TCC reads,TCC_READ_sum,100,0.8083640870601734,
MI300A,speedup,2,all,mvt,l2_hits,TCC hits,TCC_HIT_sum,100,0.7988837812684736,
MI300A,speedup,2,all,mvt,l2_misses,TCC misses,TCC_MISS_sum,100,-0.11830787319735893,
MI300A,speedup,2,all,mvt,l2_hit_rate_percent,TCC hit rate,derived: 100 × TCC_HIT_sum / (TCC_HIT_sum + TCC_MISS_sum),100,0.7983208694866991,
MI300A,speedup,2,all,embedding_bag,l1_to_l2_read_requests,TCP→TCC reads,TCP_TCC_READ_REQ_sum,100,,constant J_area
MI300A,speedup,2,all,embedding_bag,l1_to_l2_write_requests,TCP→TCC writes,TCP_TCC_WRITE_REQ_sum,100,,constant J_area
MI300A,speedup,2,all,embedding_bag,l1_to_l2_total_requests,TCP→TCC total,derived: TCP_TCC_READ_REQ_sum + TCP_TCC_WRITE_REQ_sum,100,,constant J_area
MI300A,speedup,2,all,embedding_bag,l2_tag_requests,TCC tag requests,TCC_REQ_sum,100,,constant J_area
MI300A,speedup,2,all,embedding_bag,second_level_read_requests,TCC reads,TCC_READ_sum,100,,constant J_area
MI300A,speedup,2,all,embedding_bag,l2_hits,TCC hits,TCC_HIT_sum,100,,constant J_area
MI300A,speedup,2,all,embedding_bag,l2_misses,TCC misses,TCC_MISS_sum,100,,constant J_area
MI300A,speedup,2,all,embedding_bag,l2_hit_rate_percent,TCC hit rate,derived: 100 × TCC_HIT_sum / (TCC_HIT_sum + TCC_MISS_sum),100,,constant J_area
MI300A,speedup,2,all,softmax_bias,l1_to_l2_read_requests,TCP→TCC reads,TCP_TCC_READ_REQ_sum,100,,constant J_area
MI300A,speedup,2,all,softmax_bias,l1_to_l2_write_requests,TCP→TCC writes,TCP_TCC_WRITE_REQ_sum,100,,constant J_area
MI300A,speedup,2,all,softmax_bias,l1_to_l2_total_requests,TCP→TCC total,derived: TCP_TCC_READ_REQ_sum + TCP_TCC_WRITE_REQ_sum,100,,constant J_area
MI300A,speedup,2,all,softmax_bias,l2_tag_requests,TCC tag requests,TCC_REQ_sum,100,,constant J_area
MI300A,speedup,2,all,softmax_bias,second_level_read_requests,TCC reads,TCC_READ_sum,100,,constant J_area
MI300A,speedup,2,all,softmax_bias,l2_hits,TCC hits,TCC_HIT_sum,100,,constant J_area
MI300A,speedup,2,all,softmax_bias,l2_misses,TCC misses,TCC_MISS_sum,100,,constant J_area
MI300A,speedup,2,all,softmax_bias,l2_hit_rate_percent,TCC hit rate,derived: 100 × TCC_HIT_sum / (TCC_HIT_sum + TCC_MISS_sum),100,,constant J_area
MI300A,speedup,2,all,stencil5,l1_to_l2_read_requests,TCP→TCC reads,TCP_TCC_READ_REQ_sum,100,,constant J_area
MI300A,speedup,2,all,stencil5,l1_to_l2_write_requests,TCP→TCC writes,TCP_TCC_WRITE_REQ_sum,100,,constant J_area
MI300A,speedup,2,all,stencil5,l1_to_l2_total_requests,TCP→TCC total,derived: TCP_TCC_READ_REQ_sum + TCP_TCC_WRITE_REQ_sum,100,,constant J_area
MI300A,speedup,2,all,stencil5,l2_tag_requests,TCC tag requests,TCC_REQ_sum,100,,constant J_area
MI300A,speedup,2,all,stencil5,second_level_read_requests,TCC reads,TCC_READ_sum,100,,constant J_area
MI300A,speedup,2,all,stencil5,l2_hits,TCC hits,TCC_HIT_sum,100,,constant J_area
MI300A,speedup,2,all,stencil5,l2_misses,TCC misses,TCC_MISS_sum,100,,constant J_area
MI300A,speedup,2,all,stencil5,l2_hit_rate_percent,TCC hit rate,derived: 100 × TCC_HIT_sum / (TCC_HIT_sum + TCC_MISS_sum),100,,constant J_area
MI300A,speedup,2,issue,gemv,l1_to_l2_read_requests,TCP→TCC reads,TCP_TCC_READ_REQ_sum,100,-0.9246816915728316,
MI300A,speedup,2,issue,gemv,l1_to_l2_write_requests,TCP→TCC writes,TCP_TCC_WRITE_REQ_sum,100,,constant counter
MI300A,speedup,2,issue,gemv,l1_to_l2_total_requests,TCP→TCC total,derived: TCP_TCC_READ_REQ_sum + TCP_TCC_WRITE_REQ_sum,100,-0.9246816915728316,
MI300A,speedup,2,issue,gemv,l2_tag_requests,TCC tag requests,TCC_REQ_sum,100,-0.9249320756097059,
MI300A,speedup,2,issue,gemv,second_level_read_requests,TCC reads,TCC_READ_sum,100,-0.9165723039191959,
MI300A,speedup,2,issue,gemv,l2_hits,TCC hits,TCC_HIT_sum,100,-0.9132347765995027,
MI300A,speedup,2,issue,gemv,l2_misses,TCC misses,TCC_MISS_sum,100,0.10673541646960231,
MI300A,speedup,2,issue,gemv,l2_hit_rate_percent,TCC hit rate,derived: 100 × TCC_HIT_sum / (TCC_HIT_sum + TCC_MISS_sum),100,-0.9105258337308447,
MI300A,speedup,2,issue,gesummv,l1_to_l2_read_requests,TCP→TCC reads,TCP_TCC_READ_REQ_sum,100,-0.7352409733240511,
MI300A,speedup,2,issue,gesummv,l1_to_l2_write_requests,TCP→TCC writes,TCP_TCC_WRITE_REQ_sum,100,,constant counter
MI300A,speedup,2,issue,gesummv,l1_to_l2_total_requests,TCP→TCC total,derived: TCP_TCC_READ_REQ_sum + TCP_TCC_WRITE_REQ_sum,100,-0.7352409733240511,
MI300A,speedup,2,issue,gesummv,l2_tag_requests,TCC tag requests,TCC_REQ_sum,100,-0.7413623301799258,
MI300A,speedup,2,issue,gesummv,second_level_read_requests,TCC reads,TCC_READ_sum,100,-0.7320444950214534,
MI300A,speedup,2,issue,gesummv,l2_hits,TCC hits,TCC_HIT_sum,100,-0.7410285293561514,
MI300A,speedup,2,issue,gesummv,l2_misses,TCC misses,TCC_MISS_sum,100,-0.15179237510510202,
MI300A,speedup,2,issue,gesummv,l2_hit_rate_percent,TCC hit rate,derived: 100 × TCC_HIT_sum / (TCC_HIT_sum + TCC_MISS_sum),100,-0.7410794259380958,
MI300A,speedup,2,issue,mvt,l1_to_l2_read_requests,TCP→TCC reads,TCP_TCC_READ_REQ_sum,100,0.8194818894518574,
MI300A,speedup,2,issue,mvt,l1_to_l2_write_requests,TCP→TCC writes,TCP_TCC_WRITE_REQ_sum,100,,constant counter
MI300A,speedup,2,issue,mvt,l1_to_l2_total_requests,TCP→TCC total,derived: TCP_TCC_READ_REQ_sum + TCP_TCC_WRITE_REQ_sum,100,0.8194818894518574,
MI300A,speedup,2,issue,mvt,l2_tag_requests,TCC tag requests,TCC_REQ_sum,100,0.8359920821012057,
MI300A,speedup,2,issue,mvt,second_level_read_requests,TCC reads,TCC_READ_sum,100,0.810847472805293,
MI300A,speedup,2,issue,mvt,l2_hits,TCC hits,TCC_HIT_sum,100,0.8273168416017231,
MI300A,speedup,2,issue,mvt,l2_misses,TCC misses,TCC_MISS_sum,100,-0.23358037167756238,
MI300A,speedup,2,issue,mvt,l2_hit_rate_percent,TCC hit rate,derived: 100 × TCC_HIT_sum / (TCC_HIT_sum + TCC_MISS_sum),100,0.8241724403349509,
MI300A,speedup,2,issue,embedding_bag,l1_to_l2_read_requests,TCP→TCC reads,TCP_TCC_READ_REQ_sum,100,,constant J_area
MI300A,speedup,2,issue,embedding_bag,l1_to_l2_write_requests,TCP→TCC writes,TCP_TCC_WRITE_REQ_sum,100,,constant J_area
MI300A,speedup,2,issue,embedding_bag,l1_to_l2_total_requests,TCP→TCC total,derived: TCP_TCC_READ_REQ_sum + TCP_TCC_WRITE_REQ_sum,100,,constant J_area
MI300A,speedup,2,issue,embedding_bag,l2_tag_requests,TCC tag requests,TCC_REQ_sum,100,,constant J_area
MI300A,speedup,2,issue,embedding_bag,second_level_read_requests,TCC reads,TCC_READ_sum,100,,constant J_area
MI300A,speedup,2,issue,embedding_bag,l2_hits,TCC hits,TCC_HIT_sum,100,,constant J_area
MI300A,speedup,2,issue,embedding_bag,l2_misses,TCC misses,TCC_MISS_sum,100,,constant J_area
MI300A,speedup,2,issue,embedding_bag,l2_hit_rate_percent,TCC hit rate,derived: 100 × TCC_HIT_sum / (TCC_HIT_sum + TCC_MISS_sum),100,,constant J_area
MI300A,speedup,2,issue,softmax_bias,l1_to_l2_read_requests,TCP→TCC reads,TCP_TCC_READ_REQ_sum,100,,constant J_area
MI300A,speedup,2,issue,softmax_bias,l1_to_l2_write_requests,TCP→TCC writes,TCP_TCC_WRITE_REQ_sum,100,,constant J_area
MI300A,speedup,2,issue,softmax_bias,l1_to_l2_total_requests,TCP→TCC total,derived: TCP_TCC_READ_REQ_sum + TCP_TCC_WRITE_REQ_sum,100,,constant J_area
MI300A,speedup,2,issue,softmax_bias,l2_tag_requests,TCC tag requests,TCC_REQ_sum,100,,constant J_area
MI300A,speedup,2,issue,softmax_bias,second_level_read_requests,TCC reads,TCC_READ_sum,100,,constant J_area
MI300A,speedup,2,issue,softmax_bias,l2_hits,TCC hits,TCC_HIT_sum,100,,constant J_area
MI300A,speedup,2,issue,softmax_bias,l2_misses,TCC misses,TCC_MISS_sum,100,,constant J_area
MI300A,speedup,2,issue,softmax_bias,l2_hit_rate_percent,TCC hit rate,derived: 100 × TCC_HIT_sum / (TCC_HIT_sum + TCC_MISS_sum),100,,constant J_area
MI300A,speedup,2,issue,stencil5,l1_to_l2_read_requests,TCP→TCC reads,TCP_TCC_READ_REQ_sum,100,,constant J_area
MI300A,speedup,2,issue,stencil5,l1_to_l2_write_requests,TCP→TCC writes,TCP_TCC_WRITE_REQ_sum,100,,constant J_area
MI300A,speedup,2,issue,stencil5,l1_to_l2_total_requests,TCP→TCC total,derived: TCP_TCC_READ_REQ_sum + TCP_TCC_WRITE_REQ_sum,100,,constant J_area
MI300A,speedup,2,issue,stencil5,l2_tag_requests,TCC tag requests,TCC_REQ_sum,100,,constant J_area
MI300A,speedup,2,issue,stencil5,second_level_read_requests,TCC reads,TCC_READ_sum,100,,constant J_area
MI300A,speedup,2,issue,stencil5,l2_hits,TCC hits,TCC_HIT_sum,100,,constant J_area
MI300A,speedup,2,issue,stencil5,l2_misses,TCC misses,TCC_MISS_sum,100,,constant J_area
MI300A,speedup,2,issue,stencil5,l2_hit_rate_percent,TCC hit rate,derived: 100 × TCC_HIT_sum / (TCC_HIT_sum + TCC_MISS_sum),100,,constant J_area
MI300A,speedup,2,temporal,gemv,l1_to_l2_read_requests,TCP→TCC reads,TCP_TCC_READ_REQ_sum,100,-0.9250672842284647,
MI300A,speedup,2,temporal,gemv,l1_to_l2_write_requests,TCP→TCC writes,TCP_TCC_WRITE_REQ_sum,100,,constant counter
MI300A,speedup,2,temporal,gemv,l1_to_l2_total_requests,TCP→TCC total,derived: TCP_TCC_READ_REQ_sum + TCP_TCC_WRITE_REQ_sum,100,-0.9250672842284647,
MI300A,speedup,2,temporal,gemv,l2_tag_requests,TCC tag requests,TCC_REQ_sum,100,-0.9286909848297669,
MI300A,speedup,2,temporal,gemv,second_level_read_requests,TCC reads,TCC_READ_sum,100,-0.9174015680794331,
MI300A,speedup,2,temporal,gemv,l2_hits,TCC hits,TCC_HIT_sum,100,-0.9305489284151013,
MI300A,speedup,2,temporal,gemv,l2_misses,TCC misses,TCC_MISS_sum,100,0.3601120290182343,
MI300A,speedup,2,temporal,gemv,l2_hit_rate_percent,TCC hit rate,derived: 100 × TCC_HIT_sum / (TCC_HIT_sum + TCC_MISS_sum),100,-0.9305053624804132,
MI300A,speedup,2,temporal,gesummv,l1_to_l2_read_requests,TCP→TCC reads,TCP_TCC_READ_REQ_sum,100,-0.7328664047418049,
MI300A,speedup,2,temporal,gesummv,l1_to_l2_write_requests,TCP→TCC writes,TCP_TCC_WRITE_REQ_sum,100,,constant counter
MI300A,speedup,2,temporal,gesummv,l1_to_l2_total_requests,TCP→TCC total,derived: TCP_TCC_READ_REQ_sum + TCP_TCC_WRITE_REQ_sum,100,-0.7328664047418049,
MI300A,speedup,2,temporal,gesummv,l2_tag_requests,TCC tag requests,TCC_REQ_sum,100,-0.7469314671687102,
MI300A,speedup,2,temporal,gesummv,second_level_read_requests,TCC reads,TCC_READ_sum,100,-0.7301080167700901,
MI300A,speedup,2,temporal,gesummv,l2_hits,TCC hits,TCC_HIT_sum,100,-0.7452175467631531,
MI300A,speedup,2,temporal,gesummv,l2_misses,TCC misses,TCC_MISS_sum,100,-0.28789164206190887,
MI300A,speedup,2,temporal,gesummv,l2_hit_rate_percent,TCC hit rate,derived: 100 × TCC_HIT_sum / (TCC_HIT_sum + TCC_MISS_sum),100,-0.74549657270131,
MI300A,speedup,2,temporal,mvt,l1_to_l2_read_requests,TCP→TCC reads,TCP_TCC_READ_REQ_sum,100,0.8065919855324045,
MI300A,speedup,2,temporal,mvt,l1_to_l2_write_requests,TCP→TCC writes,TCP_TCC_WRITE_REQ_sum,100,,constant counter
MI300A,speedup,2,temporal,mvt,l1_to_l2_total_requests,TCP→TCC total,derived: TCP_TCC_READ_REQ_sum + TCP_TCC_WRITE_REQ_sum,100,0.8065919855324045,
MI300A,speedup,2,temporal,mvt,l2_tag_requests,TCC tag requests,TCC_REQ_sum,100,0.8274975863106743,
MI300A,speedup,2,temporal,mvt,second_level_read_requests,TCC reads,TCC_READ_sum,100,0.7937001926034668,
MI300A,speedup,2,temporal,mvt,l2_hits,TCC hits,TCC_HIT_sum,100,0.8317565534084806,
MI300A,speedup,2,temporal,mvt,l2_misses,TCC misses,TCC_MISS_sum,100,-0.15904753669554061,
MI300A,speedup,2,temporal,mvt,l2_hit_rate_percent,TCC hit rate,derived: 100 × TCC_HIT_sum / (TCC_HIT_sum + TCC_MISS_sum),100,0.8277059762909209,
MI300A,speedup,2,temporal,embedding_bag,l1_to_l2_read_requests,TCP→TCC reads,TCP_TCC_READ_REQ_sum,100,,constant J_area
MI300A,speedup,2,temporal,embedding_bag,l1_to_l2_write_requests,TCP→TCC writes,TCP_TCC_WRITE_REQ_sum,100,,constant J_area
MI300A,speedup,2,temporal,embedding_bag,l1_to_l2_total_requests,TCP→TCC total,derived: TCP_TCC_READ_REQ_sum + TCP_TCC_WRITE_REQ_sum,100,,constant J_area
MI300A,speedup,2,temporal,embedding_bag,l2_tag_requests,TCC tag requests,TCC_REQ_sum,100,,constant J_area
MI300A,speedup,2,temporal,embedding_bag,second_level_read_requests,TCC reads,TCC_READ_sum,100,,constant J_area
MI300A,speedup,2,temporal,embedding_bag,l2_hits,TCC hits,TCC_HIT_sum,100,,constant J_area
MI300A,speedup,2,temporal,embedding_bag,l2_misses,TCC misses,TCC_MISS_sum,100,,constant J_area
MI300A,speedup,2,temporal,embedding_bag,l2_hit_rate_percent,TCC hit rate,derived: 100 × TCC_HIT_sum / (TCC_HIT_sum + TCC_MISS_sum),100,,constant J_area
MI300A,speedup,2,temporal,softmax_bias,l1_to_l2_read_requests,TCP→TCC reads,TCP_TCC_READ_REQ_sum,100,,constant J_area
MI300A,speedup,2,temporal,softmax_bias,l1_to_l2_write_requests,TCP→TCC writes,TCP_TCC_WRITE_REQ_sum,100,,constant J_area
MI300A,speedup,2,temporal,softmax_bias,l1_to_l2_total_requests,TCP→TCC total,derived: TCP_TCC_READ_REQ_sum + TCP_TCC_WRITE_REQ_sum,100,,constant J_area
MI300A,speedup,2,temporal,softmax_bias,l2_tag_requests,TCC tag requests,TCC_REQ_sum,100,,constant J_area
MI300A,speedup,2,temporal,softmax_bias,second_level_read_requests,TCC reads,TCC_READ_sum,100,,constant J_area
MI300A,speedup,2,temporal,softmax_bias,l2_hits,TCC hits,TCC_HIT_sum,100,,constant J_area
MI300A,speedup,2,temporal,softmax_bias,l2_misses,TCC misses,TCC_MISS_sum,100,,constant J_area
MI300A,speedup,2,temporal,softmax_bias,l2_hit_rate_percent,TCC hit rate,derived: 100 × TCC_HIT_sum / (TCC_HIT_sum + TCC_MISS_sum),100,,constant J_area
MI300A,speedup,2,temporal,stencil5,l1_to_l2_read_requests,TCP→TCC reads,TCP_TCC_READ_REQ_sum,100,,constant J_area
MI300A,speedup,2,temporal,stencil5,l1_to_l2_write_requests,TCP→TCC writes,TCP_TCC_WRITE_REQ_sum,100,,constant J_area
MI300A,speedup,2,temporal,stencil5,l1_to_l2_total_requests,TCP→TCC total,derived: TCP_TCC_READ_REQ_sum + TCP_TCC_WRITE_REQ_sum,100,,constant J_area
MI300A,speedup,2,temporal,stencil5,l2_tag_requests,TCC tag requests,TCC_REQ_sum,100,,constant J_area
MI300A,speedup,2,temporal,stencil5,second_level_read_requests,TCC reads,TCC_READ_sum,100,,constant J_area
MI300A,speedup,2,temporal,stencil5,l2_hits,TCC hits,TCC_HIT_sum,100,,constant J_area
MI300A,speedup,2,temporal,stencil5,l2_misses,TCC misses,TCC_MISS_sum,100,,constant J_area
MI300A,speedup,2,temporal,stencil5,l2_hit_rate_percent,TCC hit rate,derived: 100 × TCC_HIT_sum / (TCC_HIT_sum + TCC_MISS_sum),100,,constant J_area
MI300A,speedup,3,all,gemv,l1_to_l2_read_requests,TCP→TCC reads,TCP_TCC_READ_REQ_sum,100,-0.27798252901462683,
MI300A,speedup,3,all,gemv,l1_to_l2_write_requests,TCP→TCC writes,TCP_TCC_WRITE_REQ_sum,100,,constant counter
MI300A,speedup,3,all,gemv,l1_to_l2_total_requests,TCP→TCC total,derived: TCP_TCC_READ_REQ_sum + TCP_TCC_WRITE_REQ_sum,100,-0.27798252901462683,
MI300A,speedup,3,all,gemv,l2_tag_requests,TCC tag requests,TCC_REQ_sum,100,-0.26864132676873964,
MI300A,speedup,3,all,gemv,second_level_read_requests,TCC reads,TCC_READ_sum,100,-0.2597325342673752,
MI300A,speedup,3,all,gemv,l2_hits,TCC hits,TCC_HIT_sum,100,-0.26236830374473574,
MI300A,speedup,3,all,gemv,l2_misses,TCC misses,TCC_MISS_sum,100,-0.07243278740608664,
MI300A,speedup,3,all,gemv,l2_hit_rate_percent,TCC hit rate,derived: 100 × TCC_HIT_sum / (TCC_HIT_sum + TCC_MISS_sum),100,-0.26287351832921213,
MI300A,speedup,3,all,gesummv,l1_to_l2_read_requests,TCP→TCC reads,TCP_TCC_READ_REQ_sum,100,-0.4199462885045149,
MI300A,speedup,3,all,gesummv,l1_to_l2_write_requests,TCP→TCC writes,TCP_TCC_WRITE_REQ_sum,100,,constant counter
MI300A,speedup,3,all,gesummv,l1_to_l2_total_requests,TCP→TCC total,derived: TCP_TCC_READ_REQ_sum + TCP_TCC_WRITE_REQ_sum,100,-0.4199462885045149,
MI300A,speedup,3,all,gesummv,l2_tag_requests,TCC tag requests,TCC_REQ_sum,100,-0.40068107371030187,
MI300A,speedup,3,all,gesummv,second_level_read_requests,TCC reads,TCC_READ_sum,100,-0.39781064630031837,
MI300A,speedup,3,all,gesummv,l2_hits,TCC hits,TCC_HIT_sum,100,-0.4047653386137661,
MI300A,speedup,3,all,gesummv,l2_misses,TCC misses,TCC_MISS_sum,100,-0.05635964240173152,
MI300A,speedup,3,all,gesummv,l2_hit_rate_percent,TCC hit rate,derived: 100 × TCC_HIT_sum / (TCC_HIT_sum + TCC_MISS_sum),100,-0.4683298500895704,
MI300A,speedup,3,all,mvt,l1_to_l2_read_requests,TCP→TCC reads,TCP_TCC_READ_REQ_sum,100,0.6469386778536411,
MI300A,speedup,3,all,mvt,l1_to_l2_write_requests,TCP→TCC writes,TCP_TCC_WRITE_REQ_sum,100,,constant counter
MI300A,speedup,3,all,mvt,l1_to_l2_total_requests,TCP→TCC total,derived: TCP_TCC_READ_REQ_sum + TCP_TCC_WRITE_REQ_sum,100,0.6469386778536411,
MI300A,speedup,3,all,mvt,l2_tag_requests,TCC tag requests,TCC_REQ_sum,100,0.6436407176746948,
MI300A,speedup,3,all,mvt,second_level_read_requests,TCC reads,TCC_READ_sum,100,0.6421282428167752,
MI300A,speedup,3,all,mvt,l2_hits,TCC hits,TCC_HIT_sum,100,0.6444612505935662,
MI300A,speedup,3,all,mvt,l2_misses,TCC misses,TCC_MISS_sum,100,0.33773109687071196,
MI300A,speedup,3,all,mvt,l2_hit_rate_percent,TCC hit rate,derived: 100 × TCC_HIT_sum / (TCC_HIT_sum + TCC_MISS_sum),100,0.645826764331688,
MI300A,speedup,3,all,embedding_bag,l1_to_l2_read_requests,TCP→TCC reads,TCP_TCC_READ_REQ_sum,100,,constant J_area
MI300A,speedup,3,all,embedding_bag,l1_to_l2_write_requests,TCP→TCC writes,TCP_TCC_WRITE_REQ_sum,100,,constant J_area
MI300A,speedup,3,all,embedding_bag,l1_to_l2_total_requests,TCP→TCC total,derived: TCP_TCC_READ_REQ_sum + TCP_TCC_WRITE_REQ_sum,100,,constant J_area
MI300A,speedup,3,all,embedding_bag,l2_tag_requests,TCC tag requests,TCC_REQ_sum,100,,constant J_area
MI300A,speedup,3,all,embedding_bag,second_level_read_requests,TCC reads,TCC_READ_sum,100,,constant J_area
MI300A,speedup,3,all,embedding_bag,l2_hits,TCC hits,TCC_HIT_sum,100,,constant J_area
MI300A,speedup,3,all,embedding_bag,l2_misses,TCC misses,TCC_MISS_sum,100,,constant J_area
MI300A,speedup,3,all,embedding_bag,l2_hit_rate_percent,TCC hit rate,derived: 100 × TCC_HIT_sum / (TCC_HIT_sum + TCC_MISS_sum),100,,constant J_area
MI300A,speedup,3,all,softmax_bias,l1_to_l2_read_requests,TCP→TCC reads,TCP_TCC_READ_REQ_sum,100,,constant J_area
MI300A,speedup,3,all,softmax_bias,l1_to_l2_write_requests,TCP→TCC writes,TCP_TCC_WRITE_REQ_sum,100,,constant J_area
MI300A,speedup,3,all,softmax_bias,l1_to_l2_total_requests,TCP→TCC total,derived: TCP_TCC_READ_REQ_sum + TCP_TCC_WRITE_REQ_sum,100,,constant J_area
MI300A,speedup,3,all,softmax_bias,l2_tag_requests,TCC tag requests,TCC_REQ_sum,100,,constant J_area
MI300A,speedup,3,all,softmax_bias,second_level_read_requests,TCC reads,TCC_READ_sum,100,,constant J_area
MI300A,speedup,3,all,softmax_bias,l2_hits,TCC hits,TCC_HIT_sum,100,,constant J_area
MI300A,speedup,3,all,softmax_bias,l2_misses,TCC misses,TCC_MISS_sum,100,,constant J_area
MI300A,speedup,3,all,softmax_bias,l2_hit_rate_percent,TCC hit rate,derived: 100 × TCC_HIT_sum / (TCC_HIT_sum + TCC_MISS_sum),100,,constant J_area
MI300A,speedup,3,all,stencil5,l1_to_l2_read_requests,TCP→TCC reads,TCP_TCC_READ_REQ_sum,100,,constant J_area
MI300A,speedup,3,all,stencil5,l1_to_l2_write_requests,TCP→TCC writes,TCP_TCC_WRITE_REQ_sum,100,,constant J_area
MI300A,speedup,3,all,stencil5,l1_to_l2_total_requests,TCP→TCC total,derived: TCP_TCC_READ_REQ_sum + TCP_TCC_WRITE_REQ_sum,100,,constant J_area
MI300A,speedup,3,all,stencil5,l2_tag_requests,TCC tag requests,TCC_REQ_sum,100,,constant J_area
MI300A,speedup,3,all,stencil5,second_level_read_requests,TCC reads,TCC_READ_sum,100,,constant J_area
MI300A,speedup,3,all,stencil5,l2_hits,TCC hits,TCC_HIT_sum,100,,constant J_area
MI300A,speedup,3,all,stencil5,l2_misses,TCC misses,TCC_MISS_sum,100,,constant J_area
MI300A,speedup,3,all,stencil5,l2_hit_rate_percent,TCC hit rate,derived: 100 × TCC_HIT_sum / (TCC_HIT_sum + TCC_MISS_sum),100,,constant J_area
MI300A,speedup,3,issue,gemv,l1_to_l2_read_requests,TCP→TCC reads,TCP_TCC_READ_REQ_sum,100,-0.2332878662349787,
MI300A,speedup,3,issue,gemv,l1_to_l2_write_requests,TCP→TCC writes,TCP_TCC_WRITE_REQ_sum,100,,constant counter
MI300A,speedup,3,issue,gemv,l1_to_l2_total_requests,TCP→TCC total,derived: TCP_TCC_READ_REQ_sum + TCP_TCC_WRITE_REQ_sum,100,-0.2332878662349787,
MI300A,speedup,3,issue,gemv,l2_tag_requests,TCC tag requests,TCC_REQ_sum,100,-0.21591536601073108,
MI300A,speedup,3,issue,gemv,second_level_read_requests,TCC reads,TCC_READ_sum,100,-0.18820582864522017,
MI300A,speedup,3,issue,gemv,l2_hits,TCC hits,TCC_HIT_sum,100,-0.20302500944782928,
MI300A,speedup,3,issue,gemv,l2_misses,TCC misses,TCC_MISS_sum,100,-0.006579439204730479,
MI300A,speedup,3,issue,gemv,l2_hit_rate_percent,TCC hit rate,derived: 100 × TCC_HIT_sum / (TCC_HIT_sum + TCC_MISS_sum),100,-0.2014723266730151,
MI300A,speedup,3,issue,gesummv,l1_to_l2_read_requests,TCP→TCC reads,TCP_TCC_READ_REQ_sum,100,-0.25168645157945263,
MI300A,speedup,3,issue,gesummv,l1_to_l2_write_requests,TCP→TCC writes,TCP_TCC_WRITE_REQ_sum,100,,constant counter
MI300A,speedup,3,issue,gesummv,l1_to_l2_total_requests,TCP→TCC total,derived: TCP_TCC_READ_REQ_sum + TCP_TCC_WRITE_REQ_sum,100,-0.25168645157945263,
MI300A,speedup,3,issue,gesummv,l2_tag_requests,TCC tag requests,TCC_REQ_sum,100,-0.20985937545644232,
MI300A,speedup,3,issue,gesummv,second_level_read_requests,TCC reads,TCC_READ_sum,100,-0.21864962856266845,
MI300A,speedup,3,issue,gesummv,l2_hits,TCC hits,TCC_HIT_sum,100,-0.21474839495689133,
MI300A,speedup,3,issue,gesummv,l2_misses,TCC misses,TCC_MISS_sum,100,-0.00961544938234378,
MI300A,speedup,3,issue,gesummv,l2_hit_rate_percent,TCC hit rate,derived: 100 × TCC_HIT_sum / (TCC_HIT_sum + TCC_MISS_sum),100,-0.2371288132398525,
MI300A,speedup,3,issue,mvt,l1_to_l2_read_requests,TCP→TCC reads,TCP_TCC_READ_REQ_sum,100,0.6772026480008603,
MI300A,speedup,3,issue,mvt,l1_to_l2_write_requests,TCP→TCC writes,TCP_TCC_WRITE_REQ_sum,100,,constant counter
MI300A,speedup,3,issue,mvt,l1_to_l2_total_requests,TCP→TCC total,derived: TCP_TCC_READ_REQ_sum + TCP_TCC_WRITE_REQ_sum,100,0.6772026480008603,
MI300A,speedup,3,issue,mvt,l2_tag_requests,TCC tag requests,TCC_REQ_sum,100,0.6804903729195387,
MI300A,speedup,3,issue,mvt,second_level_read_requests,TCC reads,TCC_READ_sum,100,0.6853396964593049,
MI300A,speedup,3,issue,mvt,l2_hits,TCC hits,TCC_HIT_sum,100,0.6785955307715082,
MI300A,speedup,3,issue,mvt,l2_misses,TCC misses,TCC_MISS_sum,100,0.45730216808011515,
MI300A,speedup,3,issue,mvt,l2_hit_rate_percent,TCC hit rate,derived: 100 × TCC_HIT_sum / (TCC_HIT_sum + TCC_MISS_sum),100,0.6784743079528145,
MI300A,speedup,3,issue,embedding_bag,l1_to_l2_read_requests,TCP→TCC reads,TCP_TCC_READ_REQ_sum,100,,constant J_area
MI300A,speedup,3,issue,embedding_bag,l1_to_l2_write_requests,TCP→TCC writes,TCP_TCC_WRITE_REQ_sum,100,,constant J_area
MI300A,speedup,3,issue,embedding_bag,l1_to_l2_total_requests,TCP→TCC total,derived: TCP_TCC_READ_REQ_sum + TCP_TCC_WRITE_REQ_sum,100,,constant J_area
MI300A,speedup,3,issue,embedding_bag,l2_tag_requests,TCC tag requests,TCC_REQ_sum,100,,constant J_area
MI300A,speedup,3,issue,embedding_bag,second_level_read_requests,TCC reads,TCC_READ_sum,100,,constant J_area
MI300A,speedup,3,issue,embedding_bag,l2_hits,TCC hits,TCC_HIT_sum,100,,constant J_area
MI300A,speedup,3,issue,embedding_bag,l2_misses,TCC misses,TCC_MISS_sum,100,,constant J_area
MI300A,speedup,3,issue,embedding_bag,l2_hit_rate_percent,TCC hit rate,derived: 100 × TCC_HIT_sum / (TCC_HIT_sum + TCC_MISS_sum),100,,constant J_area
MI300A,speedup,3,issue,softmax_bias,l1_to_l2_read_requests,TCP→TCC reads,TCP_TCC_READ_REQ_sum,100,,constant J_area
MI300A,speedup,3,issue,softmax_bias,l1_to_l2_write_requests,TCP→TCC writes,TCP_TCC_WRITE_REQ_sum,100,,constant J_area
MI300A,speedup,3,issue,softmax_bias,l1_to_l2_total_requests,TCP→TCC total,derived: TCP_TCC_READ_REQ_sum + TCP_TCC_WRITE_REQ_sum,100,,constant J_area
MI300A,speedup,3,issue,softmax_bias,l2_tag_requests,TCC tag requests,TCC_REQ_sum,100,,constant J_area
MI300A,speedup,3,issue,softmax_bias,second_level_read_requests,TCC reads,TCC_READ_sum,100,,constant J_area
MI300A,speedup,3,issue,softmax_bias,l2_hits,TCC hits,TCC_HIT_sum,100,,constant J_area
MI300A,speedup,3,issue,softmax_bias,l2_misses,TCC misses,TCC_MISS_sum,100,,constant J_area
MI300A,speedup,3,issue,softmax_bias,l2_hit_rate_percent,TCC hit rate,derived: 100 × TCC_HIT_sum / (TCC_HIT_sum + TCC_MISS_sum),100,,constant J_area
MI300A,speedup,3,issue,stencil5,l1_to_l2_read_requests,TCP→TCC reads,TCP_TCC_READ_REQ_sum,100,,constant J_area
MI300A,speedup,3,issue,stencil5,l1_to_l2_write_requests,TCP→TCC writes,TCP_TCC_WRITE_REQ_sum,100,,constant J_area
MI300A,speedup,3,issue,stencil5,l1_to_l2_total_requests,TCP→TCC total,derived: TCP_TCC_READ_REQ_sum + TCP_TCC_WRITE_REQ_sum,100,,constant J_area
MI300A,speedup,3,issue,stencil5,l2_tag_requests,TCC tag requests,TCC_REQ_sum,100,,constant J_area
MI300A,speedup,3,issue,stencil5,second_level_read_requests,TCC reads,TCC_READ_sum,100,,constant J_area
MI300A,speedup,3,issue,stencil5,l2_hits,TCC hits,TCC_HIT_sum,100,,constant J_area
MI300A,speedup,3,issue,stencil5,l2_misses,TCC misses,TCC_MISS_sum,100,,constant J_area
MI300A,speedup,3,issue,stencil5,l2_hit_rate_percent,TCC hit rate,derived: 100 × TCC_HIT_sum / (TCC_HIT_sum + TCC_MISS_sum),100,,constant J_area
MI300A,speedup,3,temporal,gemv,l1_to_l2_read_requests,TCP→TCC reads,TCP_TCC_READ_REQ_sum,100,-0.18297727227523938,
MI300A,speedup,3,temporal,gemv,l1_to_l2_write_requests,TCP→TCC writes,TCP_TCC_WRITE_REQ_sum,100,,constant counter
MI300A,speedup,3,temporal,gemv,l1_to_l2_total_requests,TCP→TCC total,derived: TCP_TCC_READ_REQ_sum + TCP_TCC_WRITE_REQ_sum,100,-0.18297727227523938,
MI300A,speedup,3,temporal,gemv,l2_tag_requests,TCC tag requests,TCC_REQ_sum,100,-0.1792329645620036,
MI300A,speedup,3,temporal,gemv,second_level_read_requests,TCC reads,TCC_READ_sum,100,-0.17942285380892758,
MI300A,speedup,3,temporal,gemv,l2_hits,TCC hits,TCC_HIT_sum,100,-0.18322998590045936,
MI300A,speedup,3,temporal,gemv,l2_misses,TCC misses,TCC_MISS_sum,100,-0.03790356441902995,
MI300A,speedup,3,temporal,gemv,l2_hit_rate_percent,TCC hit rate,derived: 100 × TCC_HIT_sum / (TCC_HIT_sum + TCC_MISS_sum),100,-0.1834798275995692,
MI300A,speedup,3,temporal,gesummv,l1_to_l2_read_requests,TCP→TCC reads,TCP_TCC_READ_REQ_sum,100,-0.3956399946897331,
MI300A,speedup,3,temporal,gesummv,l1_to_l2_write_requests,TCP→TCC writes,TCP_TCC_WRITE_REQ_sum,100,,constant counter
MI300A,speedup,3,temporal,gesummv,l1_to_l2_total_requests,TCP→TCC total,derived: TCP_TCC_READ_REQ_sum + TCP_TCC_WRITE_REQ_sum,100,-0.3956399946897331,
MI300A,speedup,3,temporal,gesummv,l2_tag_requests,TCC tag requests,TCC_REQ_sum,100,-0.38655249279817244,
MI300A,speedup,3,temporal,gesummv,second_level_read_requests,TCC reads,TCC_READ_sum,100,-0.3953754115755941,
MI300A,speedup,3,temporal,gesummv,l2_hits,TCC hits,TCC_HIT_sum,100,-0.39267561530633766,
MI300A,speedup,3,temporal,gesummv,l2_misses,TCC misses,TCC_MISS_sum,100,-0.10432079776415117,
MI300A,speedup,3,temporal,gesummv,l2_hit_rate_percent,TCC hit rate,derived: 100 × TCC_HIT_sum / (TCC_HIT_sum + TCC_MISS_sum),100,-0.4327249810608881,
MI300A,speedup,3,temporal,mvt,l1_to_l2_read_requests,TCP→TCC reads,TCP_TCC_READ_REQ_sum,100,0.6594262201641585,
MI300A,speedup,3,temporal,mvt,l1_to_l2_write_requests,TCP→TCC writes,TCP_TCC_WRITE_REQ_sum,100,,constant counter
MI300A,speedup,3,temporal,mvt,l1_to_l2_total_requests,TCP→TCC total,derived: TCP_TCC_READ_REQ_sum + TCP_TCC_WRITE_REQ_sum,100,0.6594262201641585,
MI300A,speedup,3,temporal,mvt,l2_tag_requests,TCC tag requests,TCC_REQ_sum,100,0.6599478611229012,
MI300A,speedup,3,temporal,mvt,second_level_read_requests,TCC reads,TCC_READ_sum,100,0.674525382318038,
MI300A,speedup,3,temporal,mvt,l2_hits,TCC hits,TCC_HIT_sum,100,0.6625771114130138,
MI300A,speedup,3,temporal,mvt,l2_misses,TCC misses,TCC_MISS_sum,100,0.43659722538760726,
MI300A,speedup,3,temporal,mvt,l2_hit_rate_percent,TCC hit rate,derived: 100 × TCC_HIT_sum / (TCC_HIT_sum + TCC_MISS_sum),100,0.6626721609605591,
MI300A,speedup,3,temporal,embedding_bag,l1_to_l2_read_requests,TCP→TCC reads,TCP_TCC_READ_REQ_sum,100,,constant J_area
MI300A,speedup,3,temporal,embedding_bag,l1_to_l2_write_requests,TCP→TCC writes,TCP_TCC_WRITE_REQ_sum,100,,constant J_area
MI300A,speedup,3,temporal,embedding_bag,l1_to_l2_total_requests,TCP→TCC total,derived: TCP_TCC_READ_REQ_sum + TCP_TCC_WRITE_REQ_sum,100,,constant J_area
MI300A,speedup,3,temporal,embedding_bag,l2_tag_requests,TCC tag requests,TCC_REQ_sum,100,,constant J_area
MI300A,speedup,3,temporal,embedding_bag,second_level_read_requests,TCC reads,TCC_READ_sum,100,,constant J_area
MI300A,speedup,3,temporal,embedding_bag,l2_hits,TCC hits,TCC_HIT_sum,100,,constant J_area
MI300A,speedup,3,temporal,embedding_bag,l2_misses,TCC misses,TCC_MISS_sum,100,,constant J_area
MI300A,speedup,3,temporal,embedding_bag,l2_hit_rate_percent,TCC hit rate,derived: 100 × TCC_HIT_sum / (TCC_HIT_sum + TCC_MISS_sum),100,,constant J_area
MI300A,speedup,3,temporal,softmax_bias,l1_to_l2_read_requests,TCP→TCC reads,TCP_TCC_READ_REQ_sum,100,,constant J_area
MI300A,speedup,3,temporal,softmax_bias,l1_to_l2_write_requests,TCP→TCC writes,TCP_TCC_WRITE_REQ_sum,100,,constant J_area
MI300A,speedup,3,temporal,softmax_bias,l1_to_l2_total_requests,TCP→TCC total,derived: TCP_TCC_READ_REQ_sum + TCP_TCC_WRITE_REQ_sum,100,,constant J_area
MI300A,speedup,3,temporal,softmax_bias,l2_tag_requests,TCC tag requests,TCC_REQ_sum,100,,constant J_area
MI300A,speedup,3,temporal,softmax_bias,second_level_read_requests,TCC reads,TCC_READ_sum,100,,constant J_area
MI300A,speedup,3,temporal,softmax_bias,l2_hits,TCC hits,TCC_HIT_sum,100,,constant J_area
MI300A,speedup,3,temporal,softmax_bias,l2_misses,TCC misses,TCC_MISS_sum,100,,constant J_area
MI300A,speedup,3,temporal,softmax_bias,l2_hit_rate_percent,TCC hit rate,derived: 100 × TCC_HIT_sum / (TCC_HIT_sum + TCC_MISS_sum),100,,constant J_area
MI300A,speedup,3,temporal,stencil5,l1_to_l2_read_requests,TCP→TCC reads,TCP_TCC_READ_REQ_sum,100,,constant J_area
MI300A,speedup,3,temporal,stencil5,l1_to_l2_write_requests,TCP→TCC writes,TCP_TCC_WRITE_REQ_sum,100,,constant J_area
MI300A,speedup,3,temporal,stencil5,l1_to_l2_total_requests,TCP→TCC total,derived: TCP_TCC_READ_REQ_sum + TCP_TCC_WRITE_REQ_sum,100,,constant J_area
MI300A,speedup,3,temporal,stencil5,l2_tag_requests,TCC tag requests,TCC_REQ_sum,100,,constant J_area
MI300A,speedup,3,temporal,stencil5,second_level_read_requests,TCC reads,TCC_READ_sum,100,,constant J_area
MI300A,speedup,3,temporal,stencil5,l2_hits,TCC hits,TCC_HIT_sum,100,,constant J_area
MI300A,speedup,3,temporal,stencil5,l2_misses,TCC misses,TCC_MISS_sum,100,,constant J_area
MI300A,speedup,3,temporal,stencil5,l2_hit_rate_percent,TCC hit rate,derived: 100 × TCC_HIT_sum / (TCC_HIT_sum + TCC_MISS_sum),100,,constant J_area
