experiment,platform,case,stratification,counter,counter_role,predictor,predictor_scope,predictor_byte_scale,relationship,observations,spearman_rho
1,tuolumne,softmax_bias,all,first_level_read_events,diagnostic,J_area,,,aggregate,2,1.0
1,tuolumne,softmax_bias,all,first_level_read_events,diagnostic,peak_normalized_excess,,,diagnostic,2,1.0
1,tuolumne,softmax_bias,all,first_level_read_events,diagnostic,Q:issue.g8.stream.load.32B,issue.g8.stream.load,32,counter_component,2,1.0
1,tuolumne,softmax_bias,all,first_level_read_events,diagnostic,excess:issue.g8.stream.load.32B,,,diagnostic,2,1.0
1,tuolumne,softmax_bias,all,first_level_read_events,diagnostic,Q:issue.g8.stream.load.64B,issue.g8.stream.load,64,counter_scope_bytescale,2,1.0
1,tuolumne,softmax_bias,all,first_level_read_events,diagnostic,excess:issue.g8.stream.load.64B,,,diagnostic,2,1.0
1,tuolumne,softmax_bias,all,first_level_read_events,diagnostic,Q:issue.g8.stream.load.128B,issue.g8.stream.load,128,counter_scope_bytescale,2,1.0
1,tuolumne,softmax_bias,all,first_level_read_events,diagnostic,excess:issue.g8.stream.load.128B,,,diagnostic,2,1.0
1,tuolumne,softmax_bias,all,first_level_read_events,diagnostic,Q:issue.g8.stream.load.256B,issue.g8.stream.load,256,counter_scope_bytescale,2,1.0
1,tuolumne,softmax_bias,all,first_level_read_events,diagnostic,excess:issue.g8.stream.load.256B,,,diagnostic,2,1.0
1,tuolumne,softmax_bias,all,first_level_read_events,diagnostic,Q:issue.g16.stream.load.32B,issue.g16.stream.load,32,diagnostic,2,1.0
1,tuolumne,softmax_bias,all,first_level_read_events,diagnostic,excess:issue.g16.stream.load.32B,,,diagnostic,2,1.0
1,tuolumne,softmax_bias,all,first_level_read_events,diagnostic,Q:issue.g16.stream.load.64B,issue.g16.stream.load,64,diagnostic,2,1.0
1,tuolumne,softmax_bias,all,first_level_read_events,diagnostic,excess:issue.g16.stream.load.64B,,,diagnostic,2,1.0
1,tuolumne,softmax_bias,all,first_level_read_events,diagnostic,Q:issue.g16.stream.load.128B,issue.g16.stream.load,128,diagnostic,2,1.0
1,tuolumne,softmax_bias,all,first_level_read_events,diagnostic,excess:issue.g16.stream.load.128B,,,diagnostic,2,1.0
1,tuolumne,softmax_bias,all,first_level_read_events,diagnostic,Q:issue.g16.stream.load.256B,issue.g16.stream.load,256,diagnostic,2,1.0
1,tuolumne,softmax_bias,all,first_level_read_events,diagnostic,excess:issue.g16.stream.load.256B,,,diagnostic,2,1.0
1,tuolumne,softmax_bias,all,first_level_read_events,diagnostic,Q:issue.g32.stream.load.32B,issue.g32.stream.load,32,diagnostic,2,1.0
1,tuolumne,softmax_bias,all,first_level_read_events,diagnostic,excess:issue.g32.stream.load.32B,,,diagnostic,2,1.0
1,tuolumne,softmax_bias,all,first_level_read_events,diagnostic,Q:issue.g32.stream.load.64B,issue.g32.stream.load,64,diagnostic,2,1.0
1,tuolumne,softmax_bias,all,first_level_read_events,diagnostic,excess:issue.g32.stream.load.64B,,,diagnostic,2,1.0
1,tuolumne,softmax_bias,all,first_level_read_events,diagnostic,Q:issue.g32.stream.load.128B,issue.g32.stream.load,128,diagnostic,2,1.0
1,tuolumne,softmax_bias,all,first_level_read_events,diagnostic,excess:issue.g32.stream.load.128B,,,diagnostic,2,1.0
1,tuolumne,softmax_bias,all,first_level_read_events,diagnostic,Q:issue.g32.stream.load.256B,issue.g32.stream.load,256,diagnostic,2,1.0
1,tuolumne,softmax_bias,all,first_level_read_events,diagnostic,excess:issue.g32.stream.load.256B,,,diagnostic,2,1.0
1,tuolumne,softmax_bias,all,first_level_read_events,diagnostic,Q:issue.g64.stream.load.32B,issue.g64.stream.load,32,diagnostic,2,1.0
1,tuolumne,softmax_bias,all,first_level_read_events,diagnostic,excess:issue.g64.stream.load.32B,,,diagnostic,2,1.0
1,tuolumne,softmax_bias,all,first_level_read_events,diagnostic,Q:issue.g64.stream.load.64B,issue.g64.stream.load,64,diagnostic,2,1.0
1,tuolumne,softmax_bias,all,first_level_read_events,diagnostic,excess:issue.g64.stream.load.64B,,,diagnostic,2,1.0
1,tuolumne,softmax_bias,all,first_level_read_events,diagnostic,Q:issue.g64.stream.load.128B,issue.g64.stream.load,128,diagnostic,2,1.0
1,tuolumne,softmax_bias,all,first_level_read_events,diagnostic,excess:issue.g64.stream.load.128B,,,diagnostic,2,1.0
1,tuolumne,softmax_bias,all,first_level_read_events,diagnostic,Q:issue.g64.stream.load.256B,issue.g64.stream.load,256,diagnostic,2,1.0
1,tuolumne,softmax_bias,all,first_level_read_events,diagnostic,excess:issue.g64.stream.load.256B,,,diagnostic,2,1.0
1,tuolumne,softmax_bias,all,first_level_read_events,diagnostic,Q:lane_window.t4.stream.load.32B,lane_window.t4.stream.load,32,diagnostic,2,
1,tuolumne,softmax_bias,all,first_level_read_events,diagnostic,excess:lane_window.t4.stream.load.32B,,,diagnostic,2,
1,tuolumne,softmax_bias,all,first_level_read_events,diagnostic,Q:lane_window.t4.stream.load.64B,lane_window.t4.stream.load,64,diagnostic,2,
1,tuolumne,softmax_bias,all,first_level_read_events,diagnostic,excess:lane_window.t4.stream.load.64B,,,diagnostic,2,
1,tuolumne,softmax_bias,all,first_level_read_events,diagnostic,Q:lane_window.t4.stream.load.128B,lane_window.t4.stream.load,128,diagnostic,2,
1,tuolumne,softmax_bias,all,first_level_read_events,diagnostic,excess:lane_window.t4.stream.load.128B,,,diagnostic,2,
1,tuolumne,softmax_bias,all,first_level_read_events,diagnostic,Q:lane_window.t4.stream.load.256B,lane_window.t4.stream.load,256,diagnostic,2,
1,tuolumne,softmax_bias,all,first_level_read_events,diagnostic,excess:lane_window.t4.stream.load.256B,,,diagnostic,2,
1,tuolumne,softmax_bias,all,first_level_read_events,diagnostic,Q:lane_window.t4.array.load.32B,lane_window.t4.array.load,32,diagnostic,2,
1,tuolumne,softmax_bias,all,first_level_read_events,diagnostic,excess:lane_window.t4.array.load.32B,,,diagnostic,2,
1,tuolumne,softmax_bias,all,first_level_read_events,diagnostic,Q:lane_window.t4.array.load.64B,lane_window.t4.array.load,64,diagnostic,2,
1,tuolumne,softmax_bias,all,first_level_read_events,diagnostic,excess:lane_window.t4.array.load.64B,,,diagnostic,2,
1,tuolumne,softmax_bias,all,first_level_read_events,diagnostic,Q:lane_window.t4.array.load.128B,lane_window.t4.array.load,128,diagnostic,2,
1,tuolumne,softmax_bias,all,first_level_read_events,diagnostic,excess:lane_window.t4.array.load.128B,,,diagnostic,2,
1,tuolumne,softmax_bias,all,first_level_read_events,diagnostic,Q:lane_window.t4.array.load.256B,lane_window.t4.array.load,256,diagnostic,2,
1,tuolumne,softmax_bias,all,first_level_read_events,diagnostic,excess:lane_window.t4.array.load.256B,,,diagnostic,2,
1,tuolumne,softmax_bias,all,first_level_read_events,diagnostic,Q:lane_window.t16.stream.load.32B,lane_window.t16.stream.load,32,diagnostic,2,
1,tuolumne,softmax_bias,all,first_level_read_events,diagnostic,excess:lane_window.t16.stream.load.32B,,,diagnostic,2,
1,tuolumne,softmax_bias,all,first_level_read_events,diagnostic,Q:lane_window.t16.stream.load.64B,lane_window.t16.stream.load,64,diagnostic,2,
1,tuolumne,softmax_bias,all,first_level_read_events,diagnostic,excess:lane_window.t16.stream.load.64B,,,diagnostic,2,
1,tuolumne,softmax_bias,all,first_level_read_events,diagnostic,Q:lane_window.t16.stream.load.128B,lane_window.t16.stream.load,128,diagnostic,2,
1,tuolumne,softmax_bias,all,first_level_read_events,diagnostic,excess:lane_window.t16.stream.load.128B,,,diagnostic,2,
1,tuolumne,softmax_bias,all,first_level_read_events,diagnostic,Q:lane_window.t16.stream.load.256B,lane_window.t16.stream.load,256,diagnostic,2,
1,tuolumne,softmax_bias,all,first_level_read_events,diagnostic,excess:lane_window.t16.stream.load.256B,,,diagnostic,2,
1,tuolumne,softmax_bias,all,first_level_read_events,diagnostic,Q:lane_window.t16.array.load.32B,lane_window.t16.array.load,32,diagnostic,2,
1,tuolumne,softmax_bias,all,first_level_read_events,diagnostic,excess:lane_window.t16.array.load.32B,,,diagnostic,2,
1,tuolumne,softmax_bias,all,first_level_read_events,diagnostic,Q:lane_window.t16.array.load.64B,lane_window.t16.array.load,64,diagnostic,2,
1,tuolumne,softmax_bias,all,first_level_read_events,diagnostic,excess:lane_window.t16.array.load.64B,,,diagnostic,2,
1,tuolumne,softmax_bias,all,first_level_read_events,diagnostic,Q:lane_window.t16.array.load.128B,lane_window.t16.array.load,128,diagnostic,2,
1,tuolumne,softmax_bias,all,first_level_read_events,diagnostic,excess:lane_window.t16.array.load.128B,,,diagnostic,2,
1,tuolumne,softmax_bias,all,first_level_read_events,diagnostic,Q:lane_window.t16.array.load.256B,lane_window.t16.array.load,256,diagnostic,2,
1,tuolumne,softmax_bias,all,first_level_read_events,diagnostic,excess:lane_window.t16.array.load.256B,,,diagnostic,2,
1,tuolumne,softmax_bias,all,first_level_read_events,diagnostic,Q:simd_window.t4.stream.load.32B,simd_window.t4.stream.load,32,diagnostic,2,1.0
1,tuolumne,softmax_bias,all,first_level_read_events,diagnostic,excess:simd_window.t4.stream.load.32B,,,diagnostic,2,1.0
1,tuolumne,softmax_bias,all,first_level_read_events,diagnostic,Q:simd_window.t4.stream.load.64B,simd_window.t4.stream.load,64,diagnostic,2,1.0
1,tuolumne,softmax_bias,all,first_level_read_events,diagnostic,excess:simd_window.t4.stream.load.64B,,,diagnostic,2,1.0
1,tuolumne,softmax_bias,all,first_level_read_events,diagnostic,Q:simd_window.t4.stream.load.128B,simd_window.t4.stream.load,128,diagnostic,2,1.0
1,tuolumne,softmax_bias,all,first_level_read_events,diagnostic,excess:simd_window.t4.stream.load.128B,,,diagnostic,2,1.0
1,tuolumne,softmax_bias,all,first_level_read_events,diagnostic,Q:simd_window.t4.stream.load.256B,simd_window.t4.stream.load,256,diagnostic,2,1.0
1,tuolumne,softmax_bias,all,first_level_read_events,diagnostic,excess:simd_window.t4.stream.load.256B,,,diagnostic,2,1.0
1,tuolumne,softmax_bias,all,first_level_read_events,diagnostic,Q:simd_window.t4.array.load.32B,simd_window.t4.array.load,32,diagnostic,2,1.0
1,tuolumne,softmax_bias,all,first_level_read_events,diagnostic,excess:simd_window.t4.array.load.32B,,,diagnostic,2,1.0
1,tuolumne,softmax_bias,all,first_level_read_events,diagnostic,Q:simd_window.t4.array.load.64B,simd_window.t4.array.load,64,diagnostic,2,1.0
1,tuolumne,softmax_bias,all,first_level_read_events,diagnostic,excess:simd_window.t4.array.load.64B,,,diagnostic,2,1.0
1,tuolumne,softmax_bias,all,first_level_read_events,diagnostic,Q:simd_window.t4.array.load.128B,simd_window.t4.array.load,128,diagnostic,2,1.0
1,tuolumne,softmax_bias,all,first_level_read_events,diagnostic,excess:simd_window.t4.array.load.128B,,,diagnostic,2,1.0
1,tuolumne,softmax_bias,all,first_level_read_events,diagnostic,Q:simd_window.t4.array.load.256B,simd_window.t4.array.load,256,diagnostic,2,1.0
1,tuolumne,softmax_bias,all,first_level_read_events,diagnostic,excess:simd_window.t4.array.load.256B,,,diagnostic,2,1.0
1,tuolumne,softmax_bias,all,first_level_read_events,diagnostic,Q:simd_window.t16.stream.load.32B,simd_window.t16.stream.load,32,diagnostic,2,1.0
1,tuolumne,softmax_bias,all,first_level_read_events,diagnostic,excess:simd_window.t16.stream.load.32B,,,diagnostic,2,1.0
1,tuolumne,softmax_bias,all,first_level_read_events,diagnostic,Q:simd_window.t16.stream.load.64B,simd_window.t16.stream.load,64,diagnostic,2,1.0
1,tuolumne,softmax_bias,all,first_level_read_events,diagnostic,excess:simd_window.t16.stream.load.64B,,,diagnostic,2,1.0
1,tuolumne,softmax_bias,all,first_level_read_events,diagnostic,Q:simd_window.t16.stream.load.128B,simd_window.t16.stream.load,128,diagnostic,2,1.0
1,tuolumne,softmax_bias,all,first_level_read_events,diagnostic,excess:simd_window.t16.stream.load.128B,,,diagnostic,2,1.0
1,tuolumne,softmax_bias,all,first_level_read_events,diagnostic,Q:simd_window.t16.stream.load.256B,simd_window.t16.stream.load,256,diagnostic,2,1.0
1,tuolumne,softmax_bias,all,first_level_read_events,diagnostic,excess:simd_window.t16.stream.load.256B,,,diagnostic,2,1.0
1,tuolumne,softmax_bias,all,first_level_read_events,diagnostic,Q:simd_window.t16.array.load.32B,simd_window.t16.array.load,32,diagnostic,2,1.0
1,tuolumne,softmax_bias,all,first_level_read_events,diagnostic,excess:simd_window.t16.array.load.32B,,,diagnostic,2,1.0
1,tuolumne,softmax_bias,all,first_level_read_events,diagnostic,Q:simd_window.t16.array.load.64B,simd_window.t16.array.load,64,diagnostic,2,1.0
1,tuolumne,softmax_bias,all,first_level_read_events,diagnostic,excess:simd_window.t16.array.load.64B,,,diagnostic,2,1.0
1,tuolumne,softmax_bias,all,first_level_read_events,diagnostic,Q:simd_window.t16.array.load.128B,simd_window.t16.array.load,128,diagnostic,2,1.0
1,tuolumne,softmax_bias,all,first_level_read_events,diagnostic,excess:simd_window.t16.array.load.128B,,,diagnostic,2,1.0
1,tuolumne,softmax_bias,all,first_level_read_events,diagnostic,Q:simd_window.t16.array.load.256B,simd_window.t16.array.load,256,diagnostic,2,1.0
1,tuolumne,softmax_bias,all,first_level_read_events,diagnostic,excess:simd_window.t16.array.load.256B,,,diagnostic,2,1.0
1,tuolumne,softmax_bias,all,first_level_read_events,diagnostic,Q:workgroup_window.t4.stream.load.32B,workgroup_window.t4.stream.load,32,diagnostic,2,1.0
1,tuolumne,softmax_bias,all,first_level_read_events,diagnostic,excess:workgroup_window.t4.stream.load.32B,,,diagnostic,2,1.0
1,tuolumne,softmax_bias,all,first_level_read_events,diagnostic,Q:workgroup_window.t4.stream.load.64B,workgroup_window.t4.stream.load,64,diagnostic,2,1.0
1,tuolumne,softmax_bias,all,first_level_read_events,diagnostic,excess:workgroup_window.t4.stream.load.64B,,,diagnostic,2,1.0
1,tuolumne,softmax_bias,all,first_level_read_events,diagnostic,Q:workgroup_window.t4.stream.load.128B,workgroup_window.t4.stream.load,128,diagnostic,2,1.0
1,tuolumne,softmax_bias,all,first_level_read_events,diagnostic,excess:workgroup_window.t4.stream.load.128B,,,diagnostic,2,1.0
1,tuolumne,softmax_bias,all,first_level_read_events,diagnostic,Q:workgroup_window.t4.stream.load.256B,workgroup_window.t4.stream.load,256,diagnostic,2,1.0
1,tuolumne,softmax_bias,all,first_level_read_events,diagnostic,excess:workgroup_window.t4.stream.load.256B,,,diagnostic,2,1.0
1,tuolumne,softmax_bias,all,first_level_read_events,diagnostic,Q:workgroup_window.t4.array.load.32B,workgroup_window.t4.array.load,32,diagnostic,2,1.0
1,tuolumne,softmax_bias,all,first_level_read_events,diagnostic,excess:workgroup_window.t4.array.load.32B,,,diagnostic,2,1.0
1,tuolumne,softmax_bias,all,first_level_read_events,diagnostic,Q:workgroup_window.t4.array.load.64B,workgroup_window.t4.array.load,64,diagnostic,2,1.0
1,tuolumne,softmax_bias,all,first_level_read_events,diagnostic,excess:workgroup_window.t4.array.load.64B,,,diagnostic,2,1.0
1,tuolumne,softmax_bias,all,first_level_read_events,diagnostic,Q:workgroup_window.t4.array.load.128B,workgroup_window.t4.array.load,128,diagnostic,2,1.0
1,tuolumne,softmax_bias,all,first_level_read_events,diagnostic,excess:workgroup_window.t4.array.load.128B,,,diagnostic,2,1.0
1,tuolumne,softmax_bias,all,first_level_read_events,diagnostic,Q:workgroup_window.t4.array.load.256B,workgroup_window.t4.array.load,256,diagnostic,2,1.0
1,tuolumne,softmax_bias,all,first_level_read_events,diagnostic,excess:workgroup_window.t4.array.load.256B,,,diagnostic,2,1.0
1,tuolumne,softmax_bias,all,first_level_read_events,diagnostic,Q:workgroup_window.t16.stream.load.32B,workgroup_window.t16.stream.load,32,diagnostic,2,1.0
1,tuolumne,softmax_bias,all,first_level_read_events,diagnostic,excess:workgroup_window.t16.stream.load.32B,,,diagnostic,2,1.0
1,tuolumne,softmax_bias,all,first_level_read_events,diagnostic,Q:workgroup_window.t16.stream.load.64B,workgroup_window.t16.stream.load,64,diagnostic,2,1.0
1,tuolumne,softmax_bias,all,first_level_read_events,diagnostic,excess:workgroup_window.t16.stream.load.64B,,,diagnostic,2,1.0
1,tuolumne,softmax_bias,all,first_level_read_events,diagnostic,Q:workgroup_window.t16.stream.load.128B,workgroup_window.t16.stream.load,128,diagnostic,2,1.0
1,tuolumne,softmax_bias,all,first_level_read_events,diagnostic,excess:workgroup_window.t16.stream.load.128B,,,diagnostic,2,1.0
1,tuolumne,softmax_bias,all,first_level_read_events,diagnostic,Q:workgroup_window.t16.stream.load.256B,workgroup_window.t16.stream.load,256,diagnostic,2,1.0
1,tuolumne,softmax_bias,all,first_level_read_events,diagnostic,excess:workgroup_window.t16.stream.load.256B,,,diagnostic,2,1.0
1,tuolumne,softmax_bias,all,first_level_read_events,diagnostic,Q:workgroup_window.t16.array.load.32B,workgroup_window.t16.array.load,32,diagnostic,2,1.0
1,tuolumne,softmax_bias,all,first_level_read_events,diagnostic,excess:workgroup_window.t16.array.load.32B,,,diagnostic,2,1.0
1,tuolumne,softmax_bias,all,first_level_read_events,diagnostic,Q:workgroup_window.t16.array.load.64B,workgroup_window.t16.array.load,64,diagnostic,2,1.0
1,tuolumne,softmax_bias,all,first_level_read_events,diagnostic,excess:workgroup_window.t16.array.load.64B,,,diagnostic,2,1.0
1,tuolumne,softmax_bias,all,first_level_read_events,diagnostic,Q:workgroup_window.t16.array.load.128B,workgroup_window.t16.array.load,128,diagnostic,2,1.0
1,tuolumne,softmax_bias,all,first_level_read_events,diagnostic,excess:workgroup_window.t16.array.load.128B,,,diagnostic,2,1.0
1,tuolumne,softmax_bias,all,first_level_read_events,diagnostic,Q:workgroup_window.t16.array.load.256B,workgroup_window.t16.array.load,256,diagnostic,2,1.0
1,tuolumne,softmax_bias,all,first_level_read_events,diagnostic,excess:workgroup_window.t16.array.load.256B,,,diagnostic,2,1.0
1,tuolumne,softmax_bias,all,first_level_read_events,diagnostic,Q:workgroup_step.stream.load.32B,workgroup_step.stream.load,32,diagnostic,2,1.0
1,tuolumne,softmax_bias,all,first_level_read_events,diagnostic,excess:workgroup_step.stream.load.32B,,,diagnostic,2,1.0
1,tuolumne,softmax_bias,all,first_level_read_events,diagnostic,Q:workgroup_step.stream.load.64B,workgroup_step.stream.load,64,diagnostic,2,1.0
1,tuolumne,softmax_bias,all,first_level_read_events,diagnostic,excess:workgroup_step.stream.load.64B,,,diagnostic,2,1.0
1,tuolumne,softmax_bias,all,first_level_read_events,diagnostic,Q:workgroup_step.stream.load.128B,workgroup_step.stream.load,128,diagnostic,2,1.0
1,tuolumne,softmax_bias,all,first_level_read_events,diagnostic,excess:workgroup_step.stream.load.128B,,,diagnostic,2,1.0
1,tuolumne,softmax_bias,all,first_level_read_events,diagnostic,Q:workgroup_step.stream.load.256B,workgroup_step.stream.load,256,diagnostic,2,1.0
1,tuolumne,softmax_bias,all,first_level_read_events,diagnostic,excess:workgroup_step.stream.load.256B,,,diagnostic,2,1.0
1,tuolumne,softmax_bias,all,first_level_read_events,diagnostic,Q:workgroup_step.array.load.32B,workgroup_step.array.load,32,diagnostic,2,1.0
1,tuolumne,softmax_bias,all,first_level_read_events,diagnostic,excess:workgroup_step.array.load.32B,,,diagnostic,2,1.0
1,tuolumne,softmax_bias,all,first_level_read_events,diagnostic,Q:workgroup_step.array.load.64B,workgroup_step.array.load,64,diagnostic,2,1.0
1,tuolumne,softmax_bias,all,first_level_read_events,diagnostic,excess:workgroup_step.array.load.64B,,,diagnostic,2,1.0
1,tuolumne,softmax_bias,all,first_level_read_events,diagnostic,Q:workgroup_step.array.load.128B,workgroup_step.array.load,128,diagnostic,2,1.0
1,tuolumne,softmax_bias,all,first_level_read_events,diagnostic,excess:workgroup_step.array.load.128B,,,diagnostic,2,1.0
1,tuolumne,softmax_bias,all,first_level_read_events,diagnostic,Q:workgroup_step.array.load.256B,workgroup_step.array.load,256,diagnostic,2,1.0
1,tuolumne,softmax_bias,all,first_level_read_events,diagnostic,excess:workgroup_step.array.load.256B,,,diagnostic,2,1.0
1,tuolumne,softmax_bias,all,first_level_read_events,diagnostic,Q:phase.lane.stream.load.32B,phase.lane.stream.load,32,diagnostic,2,
1,tuolumne,softmax_bias,all,first_level_read_events,diagnostic,excess:phase.lane.stream.load.32B,,,diagnostic,2,
1,tuolumne,softmax_bias,all,first_level_read_events,diagnostic,Q:phase.lane.stream.load.64B,phase.lane.stream.load,64,diagnostic,2,
1,tuolumne,softmax_bias,all,first_level_read_events,diagnostic,excess:phase.lane.stream.load.64B,,,diagnostic,2,
1,tuolumne,softmax_bias,all,first_level_read_events,diagnostic,Q:phase.lane.stream.load.128B,phase.lane.stream.load,128,diagnostic,2,
1,tuolumne,softmax_bias,all,first_level_read_events,diagnostic,excess:phase.lane.stream.load.128B,,,diagnostic,2,
1,tuolumne,softmax_bias,all,first_level_read_events,diagnostic,Q:phase.lane.stream.load.256B,phase.lane.stream.load,256,diagnostic,2,
1,tuolumne,softmax_bias,all,first_level_read_events,diagnostic,excess:phase.lane.stream.load.256B,,,diagnostic,2,
1,tuolumne,softmax_bias,all,first_level_read_events,diagnostic,Q:phase.lane.array.load.32B,phase.lane.array.load,32,diagnostic,2,
1,tuolumne,softmax_bias,all,first_level_read_events,diagnostic,excess:phase.lane.array.load.32B,,,diagnostic,2,
1,tuolumne,softmax_bias,all,first_level_read_events,diagnostic,Q:phase.lane.array.load.64B,phase.lane.array.load,64,diagnostic,2,
1,tuolumne,softmax_bias,all,first_level_read_events,diagnostic,excess:phase.lane.array.load.64B,,,diagnostic,2,
1,tuolumne,softmax_bias,all,first_level_read_events,diagnostic,Q:phase.lane.array.load.128B,phase.lane.array.load,128,diagnostic,2,
1,tuolumne,softmax_bias,all,first_level_read_events,diagnostic,excess:phase.lane.array.load.128B,,,diagnostic,2,
1,tuolumne,softmax_bias,all,first_level_read_events,diagnostic,Q:phase.lane.array.load.256B,phase.lane.array.load,256,diagnostic,2,
1,tuolumne,softmax_bias,all,first_level_read_events,diagnostic,excess:phase.lane.array.load.256B,,,diagnostic,2,
1,tuolumne,softmax_bias,all,first_level_read_events,diagnostic,Q:phase.simd.stream.load.32B,phase.simd.stream.load,32,diagnostic,2,1.0
1,tuolumne,softmax_bias,all,first_level_read_events,diagnostic,excess:phase.simd.stream.load.32B,,,diagnostic,2,1.0
1,tuolumne,softmax_bias,all,first_level_read_events,diagnostic,Q:phase.simd.stream.load.64B,phase.simd.stream.load,64,diagnostic,2,1.0
1,tuolumne,softmax_bias,all,first_level_read_events,diagnostic,excess:phase.simd.stream.load.64B,,,diagnostic,2,1.0
1,tuolumne,softmax_bias,all,first_level_read_events,diagnostic,Q:phase.simd.stream.load.128B,phase.simd.stream.load,128,diagnostic,2,1.0
1,tuolumne,softmax_bias,all,first_level_read_events,diagnostic,excess:phase.simd.stream.load.128B,,,diagnostic,2,1.0
1,tuolumne,softmax_bias,all,first_level_read_events,diagnostic,Q:phase.simd.stream.load.256B,phase.simd.stream.load,256,diagnostic,2,1.0
1,tuolumne,softmax_bias,all,first_level_read_events,diagnostic,excess:phase.simd.stream.load.256B,,,diagnostic,2,1.0
1,tuolumne,softmax_bias,all,first_level_read_events,diagnostic,Q:phase.simd.array.load.32B,phase.simd.array.load,32,diagnostic,2,1.0
1,tuolumne,softmax_bias,all,first_level_read_events,diagnostic,excess:phase.simd.array.load.32B,,,diagnostic,2,1.0
1,tuolumne,softmax_bias,all,first_level_read_events,diagnostic,Q:phase.simd.array.load.64B,phase.simd.array.load,64,diagnostic,2,1.0
1,tuolumne,softmax_bias,all,first_level_read_events,diagnostic,excess:phase.simd.array.load.64B,,,diagnostic,2,1.0
1,tuolumne,softmax_bias,all,first_level_read_events,diagnostic,Q:phase.simd.array.load.128B,phase.simd.array.load,128,diagnostic,2,1.0
1,tuolumne,softmax_bias,all,first_level_read_events,diagnostic,excess:phase.simd.array.load.128B,,,diagnostic,2,1.0
1,tuolumne,softmax_bias,all,first_level_read_events,diagnostic,Q:phase.simd.array.load.256B,phase.simd.array.load,256,diagnostic,2,1.0
1,tuolumne,softmax_bias,all,first_level_read_events,diagnostic,excess:phase.simd.array.load.256B,,,diagnostic,2,1.0
1,tuolumne,softmax_bias,all,first_level_read_events,diagnostic,Q:phase.workgroup.stream.load.32B,phase.workgroup.stream.load,32,diagnostic,2,1.0
1,tuolumne,softmax_bias,all,first_level_read_events,diagnostic,excess:phase.workgroup.stream.load.32B,,,diagnostic,2,1.0
1,tuolumne,softmax_bias,all,first_level_read_events,diagnostic,Q:phase.workgroup.stream.load.64B,phase.workgroup.stream.load,64,diagnostic,2,1.0
1,tuolumne,softmax_bias,all,first_level_read_events,diagnostic,excess:phase.workgroup.stream.load.64B,,,diagnostic,2,1.0
1,tuolumne,softmax_bias,all,first_level_read_events,diagnostic,Q:phase.workgroup.stream.load.128B,phase.workgroup.stream.load,128,diagnostic,2,1.0
1,tuolumne,softmax_bias,all,first_level_read_events,diagnostic,excess:phase.workgroup.stream.load.128B,,,diagnostic,2,1.0
1,tuolumne,softmax_bias,all,first_level_read_events,diagnostic,Q:phase.workgroup.stream.load.256B,phase.workgroup.stream.load,256,diagnostic,2,1.0
1,tuolumne,softmax_bias,all,first_level_read_events,diagnostic,excess:phase.workgroup.stream.load.256B,,,diagnostic,2,1.0
1,tuolumne,softmax_bias,all,first_level_read_events,diagnostic,Q:phase.workgroup.array.load.32B,phase.workgroup.array.load,32,diagnostic,2,1.0
1,tuolumne,softmax_bias,all,first_level_read_events,diagnostic,excess:phase.workgroup.array.load.32B,,,diagnostic,2,1.0
1,tuolumne,softmax_bias,all,first_level_read_events,diagnostic,Q:phase.workgroup.array.load.64B,phase.workgroup.array.load,64,diagnostic,2,1.0
1,tuolumne,softmax_bias,all,first_level_read_events,diagnostic,excess:phase.workgroup.array.load.64B,,,diagnostic,2,1.0
1,tuolumne,softmax_bias,all,first_level_read_events,diagnostic,Q:phase.workgroup.array.load.128B,phase.workgroup.array.load,128,diagnostic,2,1.0
1,tuolumne,softmax_bias,all,first_level_read_events,diagnostic,excess:phase.workgroup.array.load.128B,,,diagnostic,2,1.0
1,tuolumne,softmax_bias,all,first_level_read_events,diagnostic,Q:phase.workgroup.array.load.256B,phase.workgroup.array.load,256,diagnostic,2,1.0
1,tuolumne,softmax_bias,all,first_level_read_events,diagnostic,excess:phase.workgroup.array.load.256B,,,diagnostic,2,1.0
1,tuolumne,softmax_bias,all,hbm_read_bytes,diagnostic,J_area,,,aggregate,2,1.0
1,tuolumne,softmax_bias,all,hbm_read_bytes,diagnostic,peak_normalized_excess,,,diagnostic,2,1.0
1,tuolumne,softmax_bias,all,hbm_read_bytes,diagnostic,Q:issue.g8.stream.load.32B,issue.g8.stream.load,32,diagnostic,2,1.0
1,tuolumne,softmax_bias,all,hbm_read_bytes,diagnostic,excess:issue.g8.stream.load.32B,,,diagnostic,2,1.0
1,tuolumne,softmax_bias,all,hbm_read_bytes,diagnostic,Q:issue.g8.stream.load.64B,issue.g8.stream.load,64,diagnostic,2,1.0
1,tuolumne,softmax_bias,all,hbm_read_bytes,diagnostic,excess:issue.g8.stream.load.64B,,,diagnostic,2,1.0
1,tuolumne,softmax_bias,all,hbm_read_bytes,diagnostic,Q:issue.g8.stream.load.128B,issue.g8.stream.load,128,diagnostic,2,1.0
1,tuolumne,softmax_bias,all,hbm_read_bytes,diagnostic,excess:issue.g8.stream.load.128B,,,diagnostic,2,1.0
1,tuolumne,softmax_bias,all,hbm_read_bytes,diagnostic,Q:issue.g8.stream.load.256B,issue.g8.stream.load,256,diagnostic,2,1.0
1,tuolumne,softmax_bias,all,hbm_read_bytes,diagnostic,excess:issue.g8.stream.load.256B,,,diagnostic,2,1.0
1,tuolumne,softmax_bias,all,hbm_read_bytes,diagnostic,Q:issue.g16.stream.load.32B,issue.g16.stream.load,32,diagnostic,2,1.0
1,tuolumne,softmax_bias,all,hbm_read_bytes,diagnostic,excess:issue.g16.stream.load.32B,,,diagnostic,2,1.0
1,tuolumne,softmax_bias,all,hbm_read_bytes,diagnostic,Q:issue.g16.stream.load.64B,issue.g16.stream.load,64,diagnostic,2,1.0
1,tuolumne,softmax_bias,all,hbm_read_bytes,diagnostic,excess:issue.g16.stream.load.64B,,,diagnostic,2,1.0
1,tuolumne,softmax_bias,all,hbm_read_bytes,diagnostic,Q:issue.g16.stream.load.128B,issue.g16.stream.load,128,diagnostic,2,1.0
1,tuolumne,softmax_bias,all,hbm_read_bytes,diagnostic,excess:issue.g16.stream.load.128B,,,diagnostic,2,1.0
1,tuolumne,softmax_bias,all,hbm_read_bytes,diagnostic,Q:issue.g16.stream.load.256B,issue.g16.stream.load,256,diagnostic,2,1.0
1,tuolumne,softmax_bias,all,hbm_read_bytes,diagnostic,excess:issue.g16.stream.load.256B,,,diagnostic,2,1.0
1,tuolumne,softmax_bias,all,hbm_read_bytes,diagnostic,Q:issue.g32.stream.load.32B,issue.g32.stream.load,32,diagnostic,2,1.0
1,tuolumne,softmax_bias,all,hbm_read_bytes,diagnostic,excess:issue.g32.stream.load.32B,,,diagnostic,2,1.0
1,tuolumne,softmax_bias,all,hbm_read_bytes,diagnostic,Q:issue.g32.stream.load.64B,issue.g32.stream.load,64,diagnostic,2,1.0
1,tuolumne,softmax_bias,all,hbm_read_bytes,diagnostic,excess:issue.g32.stream.load.64B,,,diagnostic,2,1.0
1,tuolumne,softmax_bias,all,hbm_read_bytes,diagnostic,Q:issue.g32.stream.load.128B,issue.g32.stream.load,128,diagnostic,2,1.0
1,tuolumne,softmax_bias,all,hbm_read_bytes,diagnostic,excess:issue.g32.stream.load.128B,,,diagnostic,2,1.0
1,tuolumne,softmax_bias,all,hbm_read_bytes,diagnostic,Q:issue.g32.stream.load.256B,issue.g32.stream.load,256,diagnostic,2,1.0
1,tuolumne,softmax_bias,all,hbm_read_bytes,diagnostic,excess:issue.g32.stream.load.256B,,,diagnostic,2,1.0
1,tuolumne,softmax_bias,all,hbm_read_bytes,diagnostic,Q:issue.g64.stream.load.32B,issue.g64.stream.load,32,diagnostic,2,1.0
1,tuolumne,softmax_bias,all,hbm_read_bytes,diagnostic,excess:issue.g64.stream.load.32B,,,diagnostic,2,1.0
1,tuolumne,softmax_bias,all,hbm_read_bytes,diagnostic,Q:issue.g64.stream.load.64B,issue.g64.stream.load,64,diagnostic,2,1.0
1,tuolumne,softmax_bias,all,hbm_read_bytes,diagnostic,excess:issue.g64.stream.load.64B,,,diagnostic,2,1.0
1,tuolumne,softmax_bias,all,hbm_read_bytes,diagnostic,Q:issue.g64.stream.load.128B,issue.g64.stream.load,128,diagnostic,2,1.0
1,tuolumne,softmax_bias,all,hbm_read_bytes,diagnostic,excess:issue.g64.stream.load.128B,,,diagnostic,2,1.0
1,tuolumne,softmax_bias,all,hbm_read_bytes,diagnostic,Q:issue.g64.stream.load.256B,issue.g64.stream.load,256,diagnostic,2,1.0
1,tuolumne,softmax_bias,all,hbm_read_bytes,diagnostic,excess:issue.g64.stream.load.256B,,,diagnostic,2,1.0
1,tuolumne,softmax_bias,all,hbm_read_bytes,diagnostic,Q:lane_window.t4.stream.load.32B,lane_window.t4.stream.load,32,diagnostic,2,
1,tuolumne,softmax_bias,all,hbm_read_bytes,diagnostic,excess:lane_window.t4.stream.load.32B,,,diagnostic,2,
1,tuolumne,softmax_bias,all,hbm_read_bytes,diagnostic,Q:lane_window.t4.stream.load.64B,lane_window.t4.stream.load,64,diagnostic,2,
1,tuolumne,softmax_bias,all,hbm_read_bytes,diagnostic,excess:lane_window.t4.stream.load.64B,,,diagnostic,2,
1,tuolumne,softmax_bias,all,hbm_read_bytes,diagnostic,Q:lane_window.t4.stream.load.128B,lane_window.t4.stream.load,128,diagnostic,2,
1,tuolumne,softmax_bias,all,hbm_read_bytes,diagnostic,excess:lane_window.t4.stream.load.128B,,,diagnostic,2,
1,tuolumne,softmax_bias,all,hbm_read_bytes,diagnostic,Q:lane_window.t4.stream.load.256B,lane_window.t4.stream.load,256,diagnostic,2,
1,tuolumne,softmax_bias,all,hbm_read_bytes,diagnostic,excess:lane_window.t4.stream.load.256B,,,diagnostic,2,
1,tuolumne,softmax_bias,all,hbm_read_bytes,diagnostic,Q:lane_window.t4.array.load.32B,lane_window.t4.array.load,32,diagnostic,2,
1,tuolumne,softmax_bias,all,hbm_read_bytes,diagnostic,excess:lane_window.t4.array.load.32B,,,diagnostic,2,
1,tuolumne,softmax_bias,all,hbm_read_bytes,diagnostic,Q:lane_window.t4.array.load.64B,lane_window.t4.array.load,64,diagnostic,2,
1,tuolumne,softmax_bias,all,hbm_read_bytes,diagnostic,excess:lane_window.t4.array.load.64B,,,diagnostic,2,
1,tuolumne,softmax_bias,all,hbm_read_bytes,diagnostic,Q:lane_window.t4.array.load.128B,lane_window.t4.array.load,128,diagnostic,2,
1,tuolumne,softmax_bias,all,hbm_read_bytes,diagnostic,excess:lane_window.t4.array.load.128B,,,diagnostic,2,
1,tuolumne,softmax_bias,all,hbm_read_bytes,diagnostic,Q:lane_window.t4.array.load.256B,lane_window.t4.array.load,256,diagnostic,2,
1,tuolumne,softmax_bias,all,hbm_read_bytes,diagnostic,excess:lane_window.t4.array.load.256B,,,diagnostic,2,
1,tuolumne,softmax_bias,all,hbm_read_bytes,diagnostic,Q:lane_window.t16.stream.load.32B,lane_window.t16.stream.load,32,diagnostic,2,
1,tuolumne,softmax_bias,all,hbm_read_bytes,diagnostic,excess:lane_window.t16.stream.load.32B,,,diagnostic,2,
1,tuolumne,softmax_bias,all,hbm_read_bytes,diagnostic,Q:lane_window.t16.stream.load.64B,lane_window.t16.stream.load,64,diagnostic,2,
1,tuolumne,softmax_bias,all,hbm_read_bytes,diagnostic,excess:lane_window.t16.stream.load.64B,,,diagnostic,2,
1,tuolumne,softmax_bias,all,hbm_read_bytes,diagnostic,Q:lane_window.t16.stream.load.128B,lane_window.t16.stream.load,128,diagnostic,2,
1,tuolumne,softmax_bias,all,hbm_read_bytes,diagnostic,excess:lane_window.t16.stream.load.128B,,,diagnostic,2,
1,tuolumne,softmax_bias,all,hbm_read_bytes,diagnostic,Q:lane_window.t16.stream.load.256B,lane_window.t16.stream.load,256,diagnostic,2,
1,tuolumne,softmax_bias,all,hbm_read_bytes,diagnostic,excess:lane_window.t16.stream.load.256B,,,diagnostic,2,
1,tuolumne,softmax_bias,all,hbm_read_bytes,diagnostic,Q:lane_window.t16.array.load.32B,lane_window.t16.array.load,32,diagnostic,2,
1,tuolumne,softmax_bias,all,hbm_read_bytes,diagnostic,excess:lane_window.t16.array.load.32B,,,diagnostic,2,
1,tuolumne,softmax_bias,all,hbm_read_bytes,diagnostic,Q:lane_window.t16.array.load.64B,lane_window.t16.array.load,64,diagnostic,2,
1,tuolumne,softmax_bias,all,hbm_read_bytes,diagnostic,excess:lane_window.t16.array.load.64B,,,diagnostic,2,
1,tuolumne,softmax_bias,all,hbm_read_bytes,diagnostic,Q:lane_window.t16.array.load.128B,lane_window.t16.array.load,128,diagnostic,2,
1,tuolumne,softmax_bias,all,hbm_read_bytes,diagnostic,excess:lane_window.t16.array.load.128B,,,diagnostic,2,
1,tuolumne,softmax_bias,all,hbm_read_bytes,diagnostic,Q:lane_window.t16.array.load.256B,lane_window.t16.array.load,256,diagnostic,2,
1,tuolumne,softmax_bias,all,hbm_read_bytes,diagnostic,excess:lane_window.t16.array.load.256B,,,diagnostic,2,
1,tuolumne,softmax_bias,all,hbm_read_bytes,diagnostic,Q:simd_window.t4.stream.load.32B,simd_window.t4.stream.load,32,diagnostic,2,1.0
1,tuolumne,softmax_bias,all,hbm_read_bytes,diagnostic,excess:simd_window.t4.stream.load.32B,,,diagnostic,2,1.0
1,tuolumne,softmax_bias,all,hbm_read_bytes,diagnostic,Q:simd_window.t4.stream.load.64B,simd_window.t4.stream.load,64,diagnostic,2,1.0
1,tuolumne,softmax_bias,all,hbm_read_bytes,diagnostic,excess:simd_window.t4.stream.load.64B,,,diagnostic,2,1.0
1,tuolumne,softmax_bias,all,hbm_read_bytes,diagnostic,Q:simd_window.t4.stream.load.128B,simd_window.t4.stream.load,128,diagnostic,2,1.0
1,tuolumne,softmax_bias,all,hbm_read_bytes,diagnostic,excess:simd_window.t4.stream.load.128B,,,diagnostic,2,1.0
1,tuolumne,softmax_bias,all,hbm_read_bytes,diagnostic,Q:simd_window.t4.stream.load.256B,simd_window.t4.stream.load,256,diagnostic,2,1.0
1,tuolumne,softmax_bias,all,hbm_read_bytes,diagnostic,excess:simd_window.t4.stream.load.256B,,,diagnostic,2,1.0
1,tuolumne,softmax_bias,all,hbm_read_bytes,diagnostic,Q:simd_window.t4.array.load.32B,simd_window.t4.array.load,32,diagnostic,2,1.0
1,tuolumne,softmax_bias,all,hbm_read_bytes,diagnostic,excess:simd_window.t4.array.load.32B,,,diagnostic,2,1.0
1,tuolumne,softmax_bias,all,hbm_read_bytes,diagnostic,Q:simd_window.t4.array.load.64B,simd_window.t4.array.load,64,diagnostic,2,1.0
1,tuolumne,softmax_bias,all,hbm_read_bytes,diagnostic,excess:simd_window.t4.array.load.64B,,,diagnostic,2,1.0
1,tuolumne,softmax_bias,all,hbm_read_bytes,diagnostic,Q:simd_window.t4.array.load.128B,simd_window.t4.array.load,128,diagnostic,2,1.0
1,tuolumne,softmax_bias,all,hbm_read_bytes,diagnostic,excess:simd_window.t4.array.load.128B,,,diagnostic,2,1.0
1,tuolumne,softmax_bias,all,hbm_read_bytes,diagnostic,Q:simd_window.t4.array.load.256B,simd_window.t4.array.load,256,diagnostic,2,1.0
1,tuolumne,softmax_bias,all,hbm_read_bytes,diagnostic,excess:simd_window.t4.array.load.256B,,,diagnostic,2,1.0
1,tuolumne,softmax_bias,all,hbm_read_bytes,diagnostic,Q:simd_window.t16.stream.load.32B,simd_window.t16.stream.load,32,diagnostic,2,1.0
1,tuolumne,softmax_bias,all,hbm_read_bytes,diagnostic,excess:simd_window.t16.stream.load.32B,,,diagnostic,2,1.0
1,tuolumne,softmax_bias,all,hbm_read_bytes,diagnostic,Q:simd_window.t16.stream.load.64B,simd_window.t16.stream.load,64,diagnostic,2,1.0
1,tuolumne,softmax_bias,all,hbm_read_bytes,diagnostic,excess:simd_window.t16.stream.load.64B,,,diagnostic,2,1.0
1,tuolumne,softmax_bias,all,hbm_read_bytes,diagnostic,Q:simd_window.t16.stream.load.128B,simd_window.t16.stream.load,128,diagnostic,2,1.0
1,tuolumne,softmax_bias,all,hbm_read_bytes,diagnostic,excess:simd_window.t16.stream.load.128B,,,diagnostic,2,1.0
1,tuolumne,softmax_bias,all,hbm_read_bytes,diagnostic,Q:simd_window.t16.stream.load.256B,simd_window.t16.stream.load,256,diagnostic,2,1.0
1,tuolumne,softmax_bias,all,hbm_read_bytes,diagnostic,excess:simd_window.t16.stream.load.256B,,,diagnostic,2,1.0
1,tuolumne,softmax_bias,all,hbm_read_bytes,diagnostic,Q:simd_window.t16.array.load.32B,simd_window.t16.array.load,32,counter_component,2,1.0
1,tuolumne,softmax_bias,all,hbm_read_bytes,diagnostic,excess:simd_window.t16.array.load.32B,,,diagnostic,2,1.0
1,tuolumne,softmax_bias,all,hbm_read_bytes,diagnostic,Q:simd_window.t16.array.load.64B,simd_window.t16.array.load,64,counter_scope_bytescale,2,1.0
1,tuolumne,softmax_bias,all,hbm_read_bytes,diagnostic,excess:simd_window.t16.array.load.64B,,,diagnostic,2,1.0
1,tuolumne,softmax_bias,all,hbm_read_bytes,diagnostic,Q:simd_window.t16.array.load.128B,simd_window.t16.array.load,128,counter_scope_bytescale,2,1.0
1,tuolumne,softmax_bias,all,hbm_read_bytes,diagnostic,excess:simd_window.t16.array.load.128B,,,diagnostic,2,1.0
1,tuolumne,softmax_bias,all,hbm_read_bytes,diagnostic,Q:simd_window.t16.array.load.256B,simd_window.t16.array.load,256,counter_scope_bytescale,2,1.0
1,tuolumne,softmax_bias,all,hbm_read_bytes,diagnostic,excess:simd_window.t16.array.load.256B,,,diagnostic,2,1.0
1,tuolumne,softmax_bias,all,hbm_read_bytes,diagnostic,Q:workgroup_window.t4.stream.load.32B,workgroup_window.t4.stream.load,32,diagnostic,2,1.0
1,tuolumne,softmax_bias,all,hbm_read_bytes,diagnostic,excess:workgroup_window.t4.stream.load.32B,,,diagnostic,2,1.0
1,tuolumne,softmax_bias,all,hbm_read_bytes,diagnostic,Q:workgroup_window.t4.stream.load.64B,workgroup_window.t4.stream.load,64,diagnostic,2,1.0
1,tuolumne,softmax_bias,all,hbm_read_bytes,diagnostic,excess:workgroup_window.t4.stream.load.64B,,,diagnostic,2,1.0
1,tuolumne,softmax_bias,all,hbm_read_bytes,diagnostic,Q:workgroup_window.t4.stream.load.128B,workgroup_window.t4.stream.load,128,diagnostic,2,1.0
1,tuolumne,softmax_bias,all,hbm_read_bytes,diagnostic,excess:workgroup_window.t4.stream.load.128B,,,diagnostic,2,1.0
1,tuolumne,softmax_bias,all,hbm_read_bytes,diagnostic,Q:workgroup_window.t4.stream.load.256B,workgroup_window.t4.stream.load,256,diagnostic,2,1.0
1,tuolumne,softmax_bias,all,hbm_read_bytes,diagnostic,excess:workgroup_window.t4.stream.load.256B,,,diagnostic,2,1.0
1,tuolumne,softmax_bias,all,hbm_read_bytes,diagnostic,Q:workgroup_window.t4.array.load.32B,workgroup_window.t4.array.load,32,diagnostic,2,1.0
1,tuolumne,softmax_bias,all,hbm_read_bytes,diagnostic,excess:workgroup_window.t4.array.load.32B,,,diagnostic,2,1.0
1,tuolumne,softmax_bias,all,hbm_read_bytes,diagnostic,Q:workgroup_window.t4.array.load.64B,workgroup_window.t4.array.load,64,diagnostic,2,1.0
1,tuolumne,softmax_bias,all,hbm_read_bytes,diagnostic,excess:workgroup_window.t4.array.load.64B,,,diagnostic,2,1.0
1,tuolumne,softmax_bias,all,hbm_read_bytes,diagnostic,Q:workgroup_window.t4.array.load.128B,workgroup_window.t4.array.load,128,diagnostic,2,1.0
1,tuolumne,softmax_bias,all,hbm_read_bytes,diagnostic,excess:workgroup_window.t4.array.load.128B,,,diagnostic,2,1.0
1,tuolumne,softmax_bias,all,hbm_read_bytes,diagnostic,Q:workgroup_window.t4.array.load.256B,workgroup_window.t4.array.load,256,diagnostic,2,1.0
1,tuolumne,softmax_bias,all,hbm_read_bytes,diagnostic,excess:workgroup_window.t4.array.load.256B,,,diagnostic,2,1.0
1,tuolumne,softmax_bias,all,hbm_read_bytes,diagnostic,Q:workgroup_window.t16.stream.load.32B,workgroup_window.t16.stream.load,32,diagnostic,2,1.0
1,tuolumne,softmax_bias,all,hbm_read_bytes,diagnostic,excess:workgroup_window.t16.stream.load.32B,,,diagnostic,2,1.0
1,tuolumne,softmax_bias,all,hbm_read_bytes,diagnostic,Q:workgroup_window.t16.stream.load.64B,workgroup_window.t16.stream.load,64,diagnostic,2,1.0
1,tuolumne,softmax_bias,all,hbm_read_bytes,diagnostic,excess:workgroup_window.t16.stream.load.64B,,,diagnostic,2,1.0
1,tuolumne,softmax_bias,all,hbm_read_bytes,diagnostic,Q:workgroup_window.t16.stream.load.128B,workgroup_window.t16.stream.load,128,diagnostic,2,1.0
1,tuolumne,softmax_bias,all,hbm_read_bytes,diagnostic,excess:workgroup_window.t16.stream.load.128B,,,diagnostic,2,1.0
1,tuolumne,softmax_bias,all,hbm_read_bytes,diagnostic,Q:workgroup_window.t16.stream.load.256B,workgroup_window.t16.stream.load,256,diagnostic,2,1.0
1,tuolumne,softmax_bias,all,hbm_read_bytes,diagnostic,excess:workgroup_window.t16.stream.load.256B,,,diagnostic,2,1.0
1,tuolumne,softmax_bias,all,hbm_read_bytes,diagnostic,Q:workgroup_window.t16.array.load.32B,workgroup_window.t16.array.load,32,diagnostic,2,1.0
1,tuolumne,softmax_bias,all,hbm_read_bytes,diagnostic,excess:workgroup_window.t16.array.load.32B,,,diagnostic,2,1.0
1,tuolumne,softmax_bias,all,hbm_read_bytes,diagnostic,Q:workgroup_window.t16.array.load.64B,workgroup_window.t16.array.load,64,diagnostic,2,1.0
1,tuolumne,softmax_bias,all,hbm_read_bytes,diagnostic,excess:workgroup_window.t16.array.load.64B,,,diagnostic,2,1.0
1,tuolumne,softmax_bias,all,hbm_read_bytes,diagnostic,Q:workgroup_window.t16.array.load.128B,workgroup_window.t16.array.load,128,diagnostic,2,1.0
1,tuolumne,softmax_bias,all,hbm_read_bytes,diagnostic,excess:workgroup_window.t16.array.load.128B,,,diagnostic,2,1.0
1,tuolumne,softmax_bias,all,hbm_read_bytes,diagnostic,Q:workgroup_window.t16.array.load.256B,workgroup_window.t16.array.load,256,diagnostic,2,1.0
1,tuolumne,softmax_bias,all,hbm_read_bytes,diagnostic,excess:workgroup_window.t16.array.load.256B,,,diagnostic,2,1.0
1,tuolumne,softmax_bias,all,hbm_read_bytes,diagnostic,Q:workgroup_step.stream.load.32B,workgroup_step.stream.load,32,diagnostic,2,1.0
1,tuolumne,softmax_bias,all,hbm_read_bytes,diagnostic,excess:workgroup_step.stream.load.32B,,,diagnostic,2,1.0
1,tuolumne,softmax_bias,all,hbm_read_bytes,diagnostic,Q:workgroup_step.stream.load.64B,workgroup_step.stream.load,64,diagnostic,2,1.0
1,tuolumne,softmax_bias,all,hbm_read_bytes,diagnostic,excess:workgroup_step.stream.load.64B,,,diagnostic,2,1.0
1,tuolumne,softmax_bias,all,hbm_read_bytes,diagnostic,Q:workgroup_step.stream.load.128B,workgroup_step.stream.load,128,diagnostic,2,1.0
1,tuolumne,softmax_bias,all,hbm_read_bytes,diagnostic,excess:workgroup_step.stream.load.128B,,,diagnostic,2,1.0
1,tuolumne,softmax_bias,all,hbm_read_bytes,diagnostic,Q:workgroup_step.stream.load.256B,workgroup_step.stream.load,256,diagnostic,2,1.0
1,tuolumne,softmax_bias,all,hbm_read_bytes,diagnostic,excess:workgroup_step.stream.load.256B,,,diagnostic,2,1.0
1,tuolumne,softmax_bias,all,hbm_read_bytes,diagnostic,Q:workgroup_step.array.load.32B,workgroup_step.array.load,32,diagnostic,2,1.0
1,tuolumne,softmax_bias,all,hbm_read_bytes,diagnostic,excess:workgroup_step.array.load.32B,,,diagnostic,2,1.0
1,tuolumne,softmax_bias,all,hbm_read_bytes,diagnostic,Q:workgroup_step.array.load.64B,workgroup_step.array.load,64,diagnostic,2,1.0
1,tuolumne,softmax_bias,all,hbm_read_bytes,diagnostic,excess:workgroup_step.array.load.64B,,,diagnostic,2,1.0
1,tuolumne,softmax_bias,all,hbm_read_bytes,diagnostic,Q:workgroup_step.array.load.128B,workgroup_step.array.load,128,diagnostic,2,1.0
1,tuolumne,softmax_bias,all,hbm_read_bytes,diagnostic,excess:workgroup_step.array.load.128B,,,diagnostic,2,1.0
1,tuolumne,softmax_bias,all,hbm_read_bytes,diagnostic,Q:workgroup_step.array.load.256B,workgroup_step.array.load,256,diagnostic,2,1.0
1,tuolumne,softmax_bias,all,hbm_read_bytes,diagnostic,excess:workgroup_step.array.load.256B,,,diagnostic,2,1.0
1,tuolumne,softmax_bias,all,hbm_read_bytes,diagnostic,Q:phase.lane.stream.load.32B,phase.lane.stream.load,32,diagnostic,2,
1,tuolumne,softmax_bias,all,hbm_read_bytes,diagnostic,excess:phase.lane.stream.load.32B,,,diagnostic,2,
1,tuolumne,softmax_bias,all,hbm_read_bytes,diagnostic,Q:phase.lane.stream.load.64B,phase.lane.stream.load,64,diagnostic,2,
1,tuolumne,softmax_bias,all,hbm_read_bytes,diagnostic,excess:phase.lane.stream.load.64B,,,diagnostic,2,
1,tuolumne,softmax_bias,all,hbm_read_bytes,diagnostic,Q:phase.lane.stream.load.128B,phase.lane.stream.load,128,diagnostic,2,
1,tuolumne,softmax_bias,all,hbm_read_bytes,diagnostic,excess:phase.lane.stream.load.128B,,,diagnostic,2,
1,tuolumne,softmax_bias,all,hbm_read_bytes,diagnostic,Q:phase.lane.stream.load.256B,phase.lane.stream.load,256,diagnostic,2,
1,tuolumne,softmax_bias,all,hbm_read_bytes,diagnostic,excess:phase.lane.stream.load.256B,,,diagnostic,2,
1,tuolumne,softmax_bias,all,hbm_read_bytes,diagnostic,Q:phase.lane.array.load.32B,phase.lane.array.load,32,diagnostic,2,
1,tuolumne,softmax_bias,all,hbm_read_bytes,diagnostic,excess:phase.lane.array.load.32B,,,diagnostic,2,
1,tuolumne,softmax_bias,all,hbm_read_bytes,diagnostic,Q:phase.lane.array.load.64B,phase.lane.array.load,64,diagnostic,2,
1,tuolumne,softmax_bias,all,hbm_read_bytes,diagnostic,excess:phase.lane.array.load.64B,,,diagnostic,2,
1,tuolumne,softmax_bias,all,hbm_read_bytes,diagnostic,Q:phase.lane.array.load.128B,phase.lane.array.load,128,diagnostic,2,
1,tuolumne,softmax_bias,all,hbm_read_bytes,diagnostic,excess:phase.lane.array.load.128B,,,diagnostic,2,
1,tuolumne,softmax_bias,all,hbm_read_bytes,diagnostic,Q:phase.lane.array.load.256B,phase.lane.array.load,256,diagnostic,2,
1,tuolumne,softmax_bias,all,hbm_read_bytes,diagnostic,excess:phase.lane.array.load.256B,,,diagnostic,2,
1,tuolumne,softmax_bias,all,hbm_read_bytes,diagnostic,Q:phase.simd.stream.load.32B,phase.simd.stream.load,32,diagnostic,2,1.0
1,tuolumne,softmax_bias,all,hbm_read_bytes,diagnostic,excess:phase.simd.stream.load.32B,,,diagnostic,2,1.0
1,tuolumne,softmax_bias,all,hbm_read_bytes,diagnostic,Q:phase.simd.stream.load.64B,phase.simd.stream.load,64,diagnostic,2,1.0
1,tuolumne,softmax_bias,all,hbm_read_bytes,diagnostic,excess:phase.simd.stream.load.64B,,,diagnostic,2,1.0
1,tuolumne,softmax_bias,all,hbm_read_bytes,diagnostic,Q:phase.simd.stream.load.128B,phase.simd.stream.load,128,diagnostic,2,1.0
1,tuolumne,softmax_bias,all,hbm_read_bytes,diagnostic,excess:phase.simd.stream.load.128B,,,diagnostic,2,1.0
1,tuolumne,softmax_bias,all,hbm_read_bytes,diagnostic,Q:phase.simd.stream.load.256B,phase.simd.stream.load,256,diagnostic,2,1.0
1,tuolumne,softmax_bias,all,hbm_read_bytes,diagnostic,excess:phase.simd.stream.load.256B,,,diagnostic,2,1.0
1,tuolumne,softmax_bias,all,hbm_read_bytes,diagnostic,Q:phase.simd.array.load.32B,phase.simd.array.load,32,diagnostic,2,1.0
1,tuolumne,softmax_bias,all,hbm_read_bytes,diagnostic,excess:phase.simd.array.load.32B,,,diagnostic,2,1.0
1,tuolumne,softmax_bias,all,hbm_read_bytes,diagnostic,Q:phase.simd.array.load.64B,phase.simd.array.load,64,diagnostic,2,1.0
1,tuolumne,softmax_bias,all,hbm_read_bytes,diagnostic,excess:phase.simd.array.load.64B,,,diagnostic,2,1.0
1,tuolumne,softmax_bias,all,hbm_read_bytes,diagnostic,Q:phase.simd.array.load.128B,phase.simd.array.load,128,diagnostic,2,1.0
1,tuolumne,softmax_bias,all,hbm_read_bytes,diagnostic,excess:phase.simd.array.load.128B,,,diagnostic,2,1.0
1,tuolumne,softmax_bias,all,hbm_read_bytes,diagnostic,Q:phase.simd.array.load.256B,phase.simd.array.load,256,diagnostic,2,1.0
1,tuolumne,softmax_bias,all,hbm_read_bytes,diagnostic,excess:phase.simd.array.load.256B,,,diagnostic,2,1.0
1,tuolumne,softmax_bias,all,hbm_read_bytes,diagnostic,Q:phase.workgroup.stream.load.32B,phase.workgroup.stream.load,32,diagnostic,2,1.0
1,tuolumne,softmax_bias,all,hbm_read_bytes,diagnostic,excess:phase.workgroup.stream.load.32B,,,diagnostic,2,1.0
1,tuolumne,softmax_bias,all,hbm_read_bytes,diagnostic,Q:phase.workgroup.stream.load.64B,phase.workgroup.stream.load,64,diagnostic,2,1.0
1,tuolumne,softmax_bias,all,hbm_read_bytes,diagnostic,excess:phase.workgroup.stream.load.64B,,,diagnostic,2,1.0
1,tuolumne,softmax_bias,all,hbm_read_bytes,diagnostic,Q:phase.workgroup.stream.load.128B,phase.workgroup.stream.load,128,diagnostic,2,1.0
1,tuolumne,softmax_bias,all,hbm_read_bytes,diagnostic,excess:phase.workgroup.stream.load.128B,,,diagnostic,2,1.0
1,tuolumne,softmax_bias,all,hbm_read_bytes,diagnostic,Q:phase.workgroup.stream.load.256B,phase.workgroup.stream.load,256,diagnostic,2,1.0
1,tuolumne,softmax_bias,all,hbm_read_bytes,diagnostic,excess:phase.workgroup.stream.load.256B,,,diagnostic,2,1.0
1,tuolumne,softmax_bias,all,hbm_read_bytes,diagnostic,Q:phase.workgroup.array.load.32B,phase.workgroup.array.load,32,diagnostic,2,1.0
1,tuolumne,softmax_bias,all,hbm_read_bytes,diagnostic,excess:phase.workgroup.array.load.32B,,,diagnostic,2,1.0
1,tuolumne,softmax_bias,all,hbm_read_bytes,diagnostic,Q:phase.workgroup.array.load.64B,phase.workgroup.array.load,64,diagnostic,2,1.0
1,tuolumne,softmax_bias,all,hbm_read_bytes,diagnostic,excess:phase.workgroup.array.load.64B,,,diagnostic,2,1.0
1,tuolumne,softmax_bias,all,hbm_read_bytes,diagnostic,Q:phase.workgroup.array.load.128B,phase.workgroup.array.load,128,diagnostic,2,1.0
1,tuolumne,softmax_bias,all,hbm_read_bytes,diagnostic,excess:phase.workgroup.array.load.128B,,,diagnostic,2,1.0
1,tuolumne,softmax_bias,all,hbm_read_bytes,diagnostic,Q:phase.workgroup.array.load.256B,phase.workgroup.array.load,256,diagnostic,2,1.0
1,tuolumne,softmax_bias,all,hbm_read_bytes,diagnostic,excess:phase.workgroup.array.load.256B,,,diagnostic,2,1.0
1,tuolumne,softmax_bias,all,l1_cache_line_accesses,diagnostic,J_area,,,aggregate,2,1.0
1,tuolumne,softmax_bias,all,l1_cache_line_accesses,diagnostic,peak_normalized_excess,,,diagnostic,2,1.0
1,tuolumne,softmax_bias,all,l1_cache_line_accesses,diagnostic,Q:issue.g8.stream.load.32B,issue.g8.stream.load,32,diagnostic,2,1.0
1,tuolumne,softmax_bias,all,l1_cache_line_accesses,diagnostic,excess:issue.g8.stream.load.32B,,,diagnostic,2,1.0
1,tuolumne,softmax_bias,all,l1_cache_line_accesses,diagnostic,Q:issue.g8.stream.load.64B,issue.g8.stream.load,64,diagnostic,2,1.0
1,tuolumne,softmax_bias,all,l1_cache_line_accesses,diagnostic,excess:issue.g8.stream.load.64B,,,diagnostic,2,1.0
1,tuolumne,softmax_bias,all,l1_cache_line_accesses,diagnostic,Q:issue.g8.stream.load.128B,issue.g8.stream.load,128,diagnostic,2,1.0
1,tuolumne,softmax_bias,all,l1_cache_line_accesses,diagnostic,excess:issue.g8.stream.load.128B,,,diagnostic,2,1.0
1,tuolumne,softmax_bias,all,l1_cache_line_accesses,diagnostic,Q:issue.g8.stream.load.256B,issue.g8.stream.load,256,diagnostic,2,1.0
1,tuolumne,softmax_bias,all,l1_cache_line_accesses,diagnostic,excess:issue.g8.stream.load.256B,,,diagnostic,2,1.0
1,tuolumne,softmax_bias,all,l1_cache_line_accesses,diagnostic,Q:issue.g16.stream.load.32B,issue.g16.stream.load,32,counter_scope_bytescale,2,1.0
1,tuolumne,softmax_bias,all,l1_cache_line_accesses,diagnostic,excess:issue.g16.stream.load.32B,,,diagnostic,2,1.0
1,tuolumne,softmax_bias,all,l1_cache_line_accesses,diagnostic,Q:issue.g16.stream.load.64B,issue.g16.stream.load,64,counter_scope_bytescale,2,1.0
1,tuolumne,softmax_bias,all,l1_cache_line_accesses,diagnostic,excess:issue.g16.stream.load.64B,,,diagnostic,2,1.0
1,tuolumne,softmax_bias,all,l1_cache_line_accesses,diagnostic,Q:issue.g16.stream.load.128B,issue.g16.stream.load,128,counter_component,2,1.0
1,tuolumne,softmax_bias,all,l1_cache_line_accesses,diagnostic,excess:issue.g16.stream.load.128B,,,diagnostic,2,1.0
1,tuolumne,softmax_bias,all,l1_cache_line_accesses,diagnostic,Q:issue.g16.stream.load.256B,issue.g16.stream.load,256,counter_scope_bytescale,2,1.0
1,tuolumne,softmax_bias,all,l1_cache_line_accesses,diagnostic,excess:issue.g16.stream.load.256B,,,diagnostic,2,1.0
1,tuolumne,softmax_bias,all,l1_cache_line_accesses,diagnostic,Q:issue.g32.stream.load.32B,issue.g32.stream.load,32,diagnostic,2,1.0
1,tuolumne,softmax_bias,all,l1_cache_line_accesses,diagnostic,excess:issue.g32.stream.load.32B,,,diagnostic,2,1.0
1,tuolumne,softmax_bias,all,l1_cache_line_accesses,diagnostic,Q:issue.g32.stream.load.64B,issue.g32.stream.load,64,diagnostic,2,1.0
1,tuolumne,softmax_bias,all,l1_cache_line_accesses,diagnostic,excess:issue.g32.stream.load.64B,,,diagnostic,2,1.0
1,tuolumne,softmax_bias,all,l1_cache_line_accesses,diagnostic,Q:issue.g32.stream.load.128B,issue.g32.stream.load,128,diagnostic,2,1.0
1,tuolumne,softmax_bias,all,l1_cache_line_accesses,diagnostic,excess:issue.g32.stream.load.128B,,,diagnostic,2,1.0
1,tuolumne,softmax_bias,all,l1_cache_line_accesses,diagnostic,Q:issue.g32.stream.load.256B,issue.g32.stream.load,256,diagnostic,2,1.0
1,tuolumne,softmax_bias,all,l1_cache_line_accesses,diagnostic,excess:issue.g32.stream.load.256B,,,diagnostic,2,1.0
1,tuolumne,softmax_bias,all,l1_cache_line_accesses,diagnostic,Q:issue.g64.stream.load.32B,issue.g64.stream.load,32,diagnostic,2,1.0
1,tuolumne,softmax_bias,all,l1_cache_line_accesses,diagnostic,excess:issue.g64.stream.load.32B,,,diagnostic,2,1.0
1,tuolumne,softmax_bias,all,l1_cache_line_accesses,diagnostic,Q:issue.g64.stream.load.64B,issue.g64.stream.load,64,diagnostic,2,1.0
1,tuolumne,softmax_bias,all,l1_cache_line_accesses,diagnostic,excess:issue.g64.stream.load.64B,,,diagnostic,2,1.0
1,tuolumne,softmax_bias,all,l1_cache_line_accesses,diagnostic,Q:issue.g64.stream.load.128B,issue.g64.stream.load,128,diagnostic,2,1.0
1,tuolumne,softmax_bias,all,l1_cache_line_accesses,diagnostic,excess:issue.g64.stream.load.128B,,,diagnostic,2,1.0
1,tuolumne,softmax_bias,all,l1_cache_line_accesses,diagnostic,Q:issue.g64.stream.load.256B,issue.g64.stream.load,256,diagnostic,2,1.0
1,tuolumne,softmax_bias,all,l1_cache_line_accesses,diagnostic,excess:issue.g64.stream.load.256B,,,diagnostic,2,1.0
1,tuolumne,softmax_bias,all,l1_cache_line_accesses,diagnostic,Q:lane_window.t4.stream.load.32B,lane_window.t4.stream.load,32,diagnostic,2,
1,tuolumne,softmax_bias,all,l1_cache_line_accesses,diagnostic,excess:lane_window.t4.stream.load.32B,,,diagnostic,2,
1,tuolumne,softmax_bias,all,l1_cache_line_accesses,diagnostic,Q:lane_window.t4.stream.load.64B,lane_window.t4.stream.load,64,diagnostic,2,
1,tuolumne,softmax_bias,all,l1_cache_line_accesses,diagnostic,excess:lane_window.t4.stream.load.64B,,,diagnostic,2,
1,tuolumne,softmax_bias,all,l1_cache_line_accesses,diagnostic,Q:lane_window.t4.stream.load.128B,lane_window.t4.stream.load,128,diagnostic,2,
1,tuolumne,softmax_bias,all,l1_cache_line_accesses,diagnostic,excess:lane_window.t4.stream.load.128B,,,diagnostic,2,
1,tuolumne,softmax_bias,all,l1_cache_line_accesses,diagnostic,Q:lane_window.t4.stream.load.256B,lane_window.t4.stream.load,256,diagnostic,2,
1,tuolumne,softmax_bias,all,l1_cache_line_accesses,diagnostic,excess:lane_window.t4.stream.load.256B,,,diagnostic,2,
1,tuolumne,softmax_bias,all,l1_cache_line_accesses,diagnostic,Q:lane_window.t4.array.load.32B,lane_window.t4.array.load,32,diagnostic,2,
1,tuolumne,softmax_bias,all,l1_cache_line_accesses,diagnostic,excess:lane_window.t4.array.load.32B,,,diagnostic,2,
1,tuolumne,softmax_bias,all,l1_cache_line_accesses,diagnostic,Q:lane_window.t4.array.load.64B,lane_window.t4.array.load,64,diagnostic,2,
1,tuolumne,softmax_bias,all,l1_cache_line_accesses,diagnostic,excess:lane_window.t4.array.load.64B,,,diagnostic,2,
1,tuolumne,softmax_bias,all,l1_cache_line_accesses,diagnostic,Q:lane_window.t4.array.load.128B,lane_window.t4.array.load,128,diagnostic,2,
1,tuolumne,softmax_bias,all,l1_cache_line_accesses,diagnostic,excess:lane_window.t4.array.load.128B,,,diagnostic,2,
1,tuolumne,softmax_bias,all,l1_cache_line_accesses,diagnostic,Q:lane_window.t4.array.load.256B,lane_window.t4.array.load,256,diagnostic,2,
1,tuolumne,softmax_bias,all,l1_cache_line_accesses,diagnostic,excess:lane_window.t4.array.load.256B,,,diagnostic,2,
1,tuolumne,softmax_bias,all,l1_cache_line_accesses,diagnostic,Q:lane_window.t16.stream.load.32B,lane_window.t16.stream.load,32,diagnostic,2,
1,tuolumne,softmax_bias,all,l1_cache_line_accesses,diagnostic,excess:lane_window.t16.stream.load.32B,,,diagnostic,2,
1,tuolumne,softmax_bias,all,l1_cache_line_accesses,diagnostic,Q:lane_window.t16.stream.load.64B,lane_window.t16.stream.load,64,diagnostic,2,
1,tuolumne,softmax_bias,all,l1_cache_line_accesses,diagnostic,excess:lane_window.t16.stream.load.64B,,,diagnostic,2,
1,tuolumne,softmax_bias,all,l1_cache_line_accesses,diagnostic,Q:lane_window.t16.stream.load.128B,lane_window.t16.stream.load,128,diagnostic,2,
1,tuolumne,softmax_bias,all,l1_cache_line_accesses,diagnostic,excess:lane_window.t16.stream.load.128B,,,diagnostic,2,
1,tuolumne,softmax_bias,all,l1_cache_line_accesses,diagnostic,Q:lane_window.t16.stream.load.256B,lane_window.t16.stream.load,256,diagnostic,2,
1,tuolumne,softmax_bias,all,l1_cache_line_accesses,diagnostic,excess:lane_window.t16.stream.load.256B,,,diagnostic,2,
1,tuolumne,softmax_bias,all,l1_cache_line_accesses,diagnostic,Q:lane_window.t16.array.load.32B,lane_window.t16.array.load,32,diagnostic,2,
1,tuolumne,softmax_bias,all,l1_cache_line_accesses,diagnostic,excess:lane_window.t16.array.load.32B,,,diagnostic,2,
1,tuolumne,softmax_bias,all,l1_cache_line_accesses,diagnostic,Q:lane_window.t16.array.load.64B,lane_window.t16.array.load,64,diagnostic,2,
1,tuolumne,softmax_bias,all,l1_cache_line_accesses,diagnostic,excess:lane_window.t16.array.load.64B,,,diagnostic,2,
1,tuolumne,softmax_bias,all,l1_cache_line_accesses,diagnostic,Q:lane_window.t16.array.load.128B,lane_window.t16.array.load,128,diagnostic,2,
1,tuolumne,softmax_bias,all,l1_cache_line_accesses,diagnostic,excess:lane_window.t16.array.load.128B,,,diagnostic,2,
1,tuolumne,softmax_bias,all,l1_cache_line_accesses,diagnostic,Q:lane_window.t16.array.load.256B,lane_window.t16.array.load,256,diagnostic,2,
1,tuolumne,softmax_bias,all,l1_cache_line_accesses,diagnostic,excess:lane_window.t16.array.load.256B,,,diagnostic,2,
1,tuolumne,softmax_bias,all,l1_cache_line_accesses,diagnostic,Q:simd_window.t4.stream.load.32B,simd_window.t4.stream.load,32,diagnostic,2,1.0
1,tuolumne,softmax_bias,all,l1_cache_line_accesses,diagnostic,excess:simd_window.t4.stream.load.32B,,,diagnostic,2,1.0
1,tuolumne,softmax_bias,all,l1_cache_line_accesses,diagnostic,Q:simd_window.t4.stream.load.64B,simd_window.t4.stream.load,64,diagnostic,2,1.0
1,tuolumne,softmax_bias,all,l1_cache_line_accesses,diagnostic,excess:simd_window.t4.stream.load.64B,,,diagnostic,2,1.0
1,tuolumne,softmax_bias,all,l1_cache_line_accesses,diagnostic,Q:simd_window.t4.stream.load.128B,simd_window.t4.stream.load,128,diagnostic,2,1.0
1,tuolumne,softmax_bias,all,l1_cache_line_accesses,diagnostic,excess:simd_window.t4.stream.load.128B,,,diagnostic,2,1.0
1,tuolumne,softmax_bias,all,l1_cache_line_accesses,diagnostic,Q:simd_window.t4.stream.load.256B,simd_window.t4.stream.load,256,diagnostic,2,1.0
1,tuolumne,softmax_bias,all,l1_cache_line_accesses,diagnostic,excess:simd_window.t4.stream.load.256B,,,diagnostic,2,1.0
1,tuolumne,softmax_bias,all,l1_cache_line_accesses,diagnostic,Q:simd_window.t4.array.load.32B,simd_window.t4.array.load,32,diagnostic,2,1.0
1,tuolumne,softmax_bias,all,l1_cache_line_accesses,diagnostic,excess:simd_window.t4.array.load.32B,,,diagnostic,2,1.0
1,tuolumne,softmax_bias,all,l1_cache_line_accesses,diagnostic,Q:simd_window.t4.array.load.64B,simd_window.t4.array.load,64,diagnostic,2,1.0
1,tuolumne,softmax_bias,all,l1_cache_line_accesses,diagnostic,excess:simd_window.t4.array.load.64B,,,diagnostic,2,1.0
1,tuolumne,softmax_bias,all,l1_cache_line_accesses,diagnostic,Q:simd_window.t4.array.load.128B,simd_window.t4.array.load,128,diagnostic,2,1.0
1,tuolumne,softmax_bias,all,l1_cache_line_accesses,diagnostic,excess:simd_window.t4.array.load.128B,,,diagnostic,2,1.0
1,tuolumne,softmax_bias,all,l1_cache_line_accesses,diagnostic,Q:simd_window.t4.array.load.256B,simd_window.t4.array.load,256,diagnostic,2,1.0
1,tuolumne,softmax_bias,all,l1_cache_line_accesses,diagnostic,excess:simd_window.t4.array.load.256B,,,diagnostic,2,1.0
1,tuolumne,softmax_bias,all,l1_cache_line_accesses,diagnostic,Q:simd_window.t16.stream.load.32B,simd_window.t16.stream.load,32,diagnostic,2,1.0
1,tuolumne,softmax_bias,all,l1_cache_line_accesses,diagnostic,excess:simd_window.t16.stream.load.32B,,,diagnostic,2,1.0
1,tuolumne,softmax_bias,all,l1_cache_line_accesses,diagnostic,Q:simd_window.t16.stream.load.64B,simd_window.t16.stream.load,64,diagnostic,2,1.0
1,tuolumne,softmax_bias,all,l1_cache_line_accesses,diagnostic,excess:simd_window.t16.stream.load.64B,,,diagnostic,2,1.0
1,tuolumne,softmax_bias,all,l1_cache_line_accesses,diagnostic,Q:simd_window.t16.stream.load.128B,simd_window.t16.stream.load,128,diagnostic,2,1.0
1,tuolumne,softmax_bias,all,l1_cache_line_accesses,diagnostic,excess:simd_window.t16.stream.load.128B,,,diagnostic,2,1.0
1,tuolumne,softmax_bias,all,l1_cache_line_accesses,diagnostic,Q:simd_window.t16.stream.load.256B,simd_window.t16.stream.load,256,diagnostic,2,1.0
1,tuolumne,softmax_bias,all,l1_cache_line_accesses,diagnostic,excess:simd_window.t16.stream.load.256B,,,diagnostic,2,1.0
1,tuolumne,softmax_bias,all,l1_cache_line_accesses,diagnostic,Q:simd_window.t16.array.load.32B,simd_window.t16.array.load,32,diagnostic,2,1.0
1,tuolumne,softmax_bias,all,l1_cache_line_accesses,diagnostic,excess:simd_window.t16.array.load.32B,,,diagnostic,2,1.0
1,tuolumne,softmax_bias,all,l1_cache_line_accesses,diagnostic,Q:simd_window.t16.array.load.64B,simd_window.t16.array.load,64,diagnostic,2,1.0
1,tuolumne,softmax_bias,all,l1_cache_line_accesses,diagnostic,excess:simd_window.t16.array.load.64B,,,diagnostic,2,1.0
1,tuolumne,softmax_bias,all,l1_cache_line_accesses,diagnostic,Q:simd_window.t16.array.load.128B,simd_window.t16.array.load,128,diagnostic,2,1.0
1,tuolumne,softmax_bias,all,l1_cache_line_accesses,diagnostic,excess:simd_window.t16.array.load.128B,,,diagnostic,2,1.0
1,tuolumne,softmax_bias,all,l1_cache_line_accesses,diagnostic,Q:simd_window.t16.array.load.256B,simd_window.t16.array.load,256,diagnostic,2,1.0
1,tuolumne,softmax_bias,all,l1_cache_line_accesses,diagnostic,excess:simd_window.t16.array.load.256B,,,diagnostic,2,1.0
1,tuolumne,softmax_bias,all,l1_cache_line_accesses,diagnostic,Q:workgroup_window.t4.stream.load.32B,workgroup_window.t4.stream.load,32,diagnostic,2,1.0
1,tuolumne,softmax_bias,all,l1_cache_line_accesses,diagnostic,excess:workgroup_window.t4.stream.load.32B,,,diagnostic,2,1.0
1,tuolumne,softmax_bias,all,l1_cache_line_accesses,diagnostic,Q:workgroup_window.t4.stream.load.64B,workgroup_window.t4.stream.load,64,diagnostic,2,1.0
1,tuolumne,softmax_bias,all,l1_cache_line_accesses,diagnostic,excess:workgroup_window.t4.stream.load.64B,,,diagnostic,2,1.0
1,tuolumne,softmax_bias,all,l1_cache_line_accesses,diagnostic,Q:workgroup_window.t4.stream.load.128B,workgroup_window.t4.stream.load,128,diagnostic,2,1.0
1,tuolumne,softmax_bias,all,l1_cache_line_accesses,diagnostic,excess:workgroup_window.t4.stream.load.128B,,,diagnostic,2,1.0
1,tuolumne,softmax_bias,all,l1_cache_line_accesses,diagnostic,Q:workgroup_window.t4.stream.load.256B,workgroup_window.t4.stream.load,256,diagnostic,2,1.0
1,tuolumne,softmax_bias,all,l1_cache_line_accesses,diagnostic,excess:workgroup_window.t4.stream.load.256B,,,diagnostic,2,1.0
1,tuolumne,softmax_bias,all,l1_cache_line_accesses,diagnostic,Q:workgroup_window.t4.array.load.32B,workgroup_window.t4.array.load,32,diagnostic,2,1.0
1,tuolumne,softmax_bias,all,l1_cache_line_accesses,diagnostic,excess:workgroup_window.t4.array.load.32B,,,diagnostic,2,1.0
1,tuolumne,softmax_bias,all,l1_cache_line_accesses,diagnostic,Q:workgroup_window.t4.array.load.64B,workgroup_window.t4.array.load,64,diagnostic,2,1.0
1,tuolumne,softmax_bias,all,l1_cache_line_accesses,diagnostic,excess:workgroup_window.t4.array.load.64B,,,diagnostic,2,1.0
1,tuolumne,softmax_bias,all,l1_cache_line_accesses,diagnostic,Q:workgroup_window.t4.array.load.128B,workgroup_window.t4.array.load,128,diagnostic,2,1.0
1,tuolumne,softmax_bias,all,l1_cache_line_accesses,diagnostic,excess:workgroup_window.t4.array.load.128B,,,diagnostic,2,1.0
1,tuolumne,softmax_bias,all,l1_cache_line_accesses,diagnostic,Q:workgroup_window.t4.array.load.256B,workgroup_window.t4.array.load,256,diagnostic,2,1.0
1,tuolumne,softmax_bias,all,l1_cache_line_accesses,diagnostic,excess:workgroup_window.t4.array.load.256B,,,diagnostic,2,1.0
1,tuolumne,softmax_bias,all,l1_cache_line_accesses,diagnostic,Q:workgroup_window.t16.stream.load.32B,workgroup_window.t16.stream.load,32,diagnostic,2,1.0
1,tuolumne,softmax_bias,all,l1_cache_line_accesses,diagnostic,excess:workgroup_window.t16.stream.load.32B,,,diagnostic,2,1.0
1,tuolumne,softmax_bias,all,l1_cache_line_accesses,diagnostic,Q:workgroup_window.t16.stream.load.64B,workgroup_window.t16.stream.load,64,diagnostic,2,1.0
1,tuolumne,softmax_bias,all,l1_cache_line_accesses,diagnostic,excess:workgroup_window.t16.stream.load.64B,,,diagnostic,2,1.0
1,tuolumne,softmax_bias,all,l1_cache_line_accesses,diagnostic,Q:workgroup_window.t16.stream.load.128B,workgroup_window.t16.stream.load,128,diagnostic,2,1.0
1,tuolumne,softmax_bias,all,l1_cache_line_accesses,diagnostic,excess:workgroup_window.t16.stream.load.128B,,,diagnostic,2,1.0
1,tuolumne,softmax_bias,all,l1_cache_line_accesses,diagnostic,Q:workgroup_window.t16.stream.load.256B,workgroup_window.t16.stream.load,256,diagnostic,2,1.0
1,tuolumne,softmax_bias,all,l1_cache_line_accesses,diagnostic,excess:workgroup_window.t16.stream.load.256B,,,diagnostic,2,1.0
1,tuolumne,softmax_bias,all,l1_cache_line_accesses,diagnostic,Q:workgroup_window.t16.array.load.32B,workgroup_window.t16.array.load,32,diagnostic,2,1.0
1,tuolumne,softmax_bias,all,l1_cache_line_accesses,diagnostic,excess:workgroup_window.t16.array.load.32B,,,diagnostic,2,1.0
1,tuolumne,softmax_bias,all,l1_cache_line_accesses,diagnostic,Q:workgroup_window.t16.array.load.64B,workgroup_window.t16.array.load,64,diagnostic,2,1.0
1,tuolumne,softmax_bias,all,l1_cache_line_accesses,diagnostic,excess:workgroup_window.t16.array.load.64B,,,diagnostic,2,1.0
1,tuolumne,softmax_bias,all,l1_cache_line_accesses,diagnostic,Q:workgroup_window.t16.array.load.128B,workgroup_window.t16.array.load,128,diagnostic,2,1.0
1,tuolumne,softmax_bias,all,l1_cache_line_accesses,diagnostic,excess:workgroup_window.t16.array.load.128B,,,diagnostic,2,1.0
1,tuolumne,softmax_bias,all,l1_cache_line_accesses,diagnostic,Q:workgroup_window.t16.array.load.256B,workgroup_window.t16.array.load,256,diagnostic,2,1.0
1,tuolumne,softmax_bias,all,l1_cache_line_accesses,diagnostic,excess:workgroup_window.t16.array.load.256B,,,diagnostic,2,1.0
1,tuolumne,softmax_bias,all,l1_cache_line_accesses,diagnostic,Q:workgroup_step.stream.load.32B,workgroup_step.stream.load,32,diagnostic,2,1.0
1,tuolumne,softmax_bias,all,l1_cache_line_accesses,diagnostic,excess:workgroup_step.stream.load.32B,,,diagnostic,2,1.0
1,tuolumne,softmax_bias,all,l1_cache_line_accesses,diagnostic,Q:workgroup_step.stream.load.64B,workgroup_step.stream.load,64,diagnostic,2,1.0
1,tuolumne,softmax_bias,all,l1_cache_line_accesses,diagnostic,excess:workgroup_step.stream.load.64B,,,diagnostic,2,1.0
1,tuolumne,softmax_bias,all,l1_cache_line_accesses,diagnostic,Q:workgroup_step.stream.load.128B,workgroup_step.stream.load,128,diagnostic,2,1.0
1,tuolumne,softmax_bias,all,l1_cache_line_accesses,diagnostic,excess:workgroup_step.stream.load.128B,,,diagnostic,2,1.0
1,tuolumne,softmax_bias,all,l1_cache_line_accesses,diagnostic,Q:workgroup_step.stream.load.256B,workgroup_step.stream.load,256,diagnostic,2,1.0
1,tuolumne,softmax_bias,all,l1_cache_line_accesses,diagnostic,excess:workgroup_step.stream.load.256B,,,diagnostic,2,1.0
1,tuolumne,softmax_bias,all,l1_cache_line_accesses,diagnostic,Q:workgroup_step.array.load.32B,workgroup_step.array.load,32,diagnostic,2,1.0
1,tuolumne,softmax_bias,all,l1_cache_line_accesses,diagnostic,excess:workgroup_step.array.load.32B,,,diagnostic,2,1.0
1,tuolumne,softmax_bias,all,l1_cache_line_accesses,diagnostic,Q:workgroup_step.array.load.64B,workgroup_step.array.load,64,diagnostic,2,1.0
1,tuolumne,softmax_bias,all,l1_cache_line_accesses,diagnostic,excess:workgroup_step.array.load.64B,,,diagnostic,2,1.0
1,tuolumne,softmax_bias,all,l1_cache_line_accesses,diagnostic,Q:workgroup_step.array.load.128B,workgroup_step.array.load,128,diagnostic,2,1.0
1,tuolumne,softmax_bias,all,l1_cache_line_accesses,diagnostic,excess:workgroup_step.array.load.128B,,,diagnostic,2,1.0
1,tuolumne,softmax_bias,all,l1_cache_line_accesses,diagnostic,Q:workgroup_step.array.load.256B,workgroup_step.array.load,256,diagnostic,2,1.0
1,tuolumne,softmax_bias,all,l1_cache_line_accesses,diagnostic,excess:workgroup_step.array.load.256B,,,diagnostic,2,1.0
1,tuolumne,softmax_bias,all,l1_cache_line_accesses,diagnostic,Q:phase.lane.stream.load.32B,phase.lane.stream.load,32,diagnostic,2,
1,tuolumne,softmax_bias,all,l1_cache_line_accesses,diagnostic,excess:phase.lane.stream.load.32B,,,diagnostic,2,
1,tuolumne,softmax_bias,all,l1_cache_line_accesses,diagnostic,Q:phase.lane.stream.load.64B,phase.lane.stream.load,64,diagnostic,2,
1,tuolumne,softmax_bias,all,l1_cache_line_accesses,diagnostic,excess:phase.lane.stream.load.64B,,,diagnostic,2,
1,tuolumne,softmax_bias,all,l1_cache_line_accesses,diagnostic,Q:phase.lane.stream.load.128B,phase.lane.stream.load,128,diagnostic,2,
1,tuolumne,softmax_bias,all,l1_cache_line_accesses,diagnostic,excess:phase.lane.stream.load.128B,,,diagnostic,2,
1,tuolumne,softmax_bias,all,l1_cache_line_accesses,diagnostic,Q:phase.lane.stream.load.256B,phase.lane.stream.load,256,diagnostic,2,
1,tuolumne,softmax_bias,all,l1_cache_line_accesses,diagnostic,excess:phase.lane.stream.load.256B,,,diagnostic,2,
1,tuolumne,softmax_bias,all,l1_cache_line_accesses,diagnostic,Q:phase.lane.array.load.32B,phase.lane.array.load,32,diagnostic,2,
1,tuolumne,softmax_bias,all,l1_cache_line_accesses,diagnostic,excess:phase.lane.array.load.32B,,,diagnostic,2,
1,tuolumne,softmax_bias,all,l1_cache_line_accesses,diagnostic,Q:phase.lane.array.load.64B,phase.lane.array.load,64,diagnostic,2,
1,tuolumne,softmax_bias,all,l1_cache_line_accesses,diagnostic,excess:phase.lane.array.load.64B,,,diagnostic,2,
1,tuolumne,softmax_bias,all,l1_cache_line_accesses,diagnostic,Q:phase.lane.array.load.128B,phase.lane.array.load,128,diagnostic,2,
1,tuolumne,softmax_bias,all,l1_cache_line_accesses,diagnostic,excess:phase.lane.array.load.128B,,,diagnostic,2,
1,tuolumne,softmax_bias,all,l1_cache_line_accesses,diagnostic,Q:phase.lane.array.load.256B,phase.lane.array.load,256,diagnostic,2,
1,tuolumne,softmax_bias,all,l1_cache_line_accesses,diagnostic,excess:phase.lane.array.load.256B,,,diagnostic,2,
1,tuolumne,softmax_bias,all,l1_cache_line_accesses,diagnostic,Q:phase.simd.stream.load.32B,phase.simd.stream.load,32,diagnostic,2,1.0
1,tuolumne,softmax_bias,all,l1_cache_line_accesses,diagnostic,excess:phase.simd.stream.load.32B,,,diagnostic,2,1.0
1,tuolumne,softmax_bias,all,l1_cache_line_accesses,diagnostic,Q:phase.simd.stream.load.64B,phase.simd.stream.load,64,diagnostic,2,1.0
1,tuolumne,softmax_bias,all,l1_cache_line_accesses,diagnostic,excess:phase.simd.stream.load.64B,,,diagnostic,2,1.0
1,tuolumne,softmax_bias,all,l1_cache_line_accesses,diagnostic,Q:phase.simd.stream.load.128B,phase.simd.stream.load,128,diagnostic,2,1.0
1,tuolumne,softmax_bias,all,l1_cache_line_accesses,diagnostic,excess:phase.simd.stream.load.128B,,,diagnostic,2,1.0
1,tuolumne,softmax_bias,all,l1_cache_line_accesses,diagnostic,Q:phase.simd.stream.load.256B,phase.simd.stream.load,256,diagnostic,2,1.0
1,tuolumne,softmax_bias,all,l1_cache_line_accesses,diagnostic,excess:phase.simd.stream.load.256B,,,diagnostic,2,1.0
1,tuolumne,softmax_bias,all,l1_cache_line_accesses,diagnostic,Q:phase.simd.array.load.32B,phase.simd.array.load,32,diagnostic,2,1.0
1,tuolumne,softmax_bias,all,l1_cache_line_accesses,diagnostic,excess:phase.simd.array.load.32B,,,diagnostic,2,1.0
1,tuolumne,softmax_bias,all,l1_cache_line_accesses,diagnostic,Q:phase.simd.array.load.64B,phase.simd.array.load,64,diagnostic,2,1.0
1,tuolumne,softmax_bias,all,l1_cache_line_accesses,diagnostic,excess:phase.simd.array.load.64B,,,diagnostic,2,1.0
1,tuolumne,softmax_bias,all,l1_cache_line_accesses,diagnostic,Q:phase.simd.array.load.128B,phase.simd.array.load,128,diagnostic,2,1.0
1,tuolumne,softmax_bias,all,l1_cache_line_accesses,diagnostic,excess:phase.simd.array.load.128B,,,diagnostic,2,1.0
1,tuolumne,softmax_bias,all,l1_cache_line_accesses,diagnostic,Q:phase.simd.array.load.256B,phase.simd.array.load,256,diagnostic,2,1.0
1,tuolumne,softmax_bias,all,l1_cache_line_accesses,diagnostic,excess:phase.simd.array.load.256B,,,diagnostic,2,1.0
1,tuolumne,softmax_bias,all,l1_cache_line_accesses,diagnostic,Q:phase.workgroup.stream.load.32B,phase.workgroup.stream.load,32,diagnostic,2,1.0
1,tuolumne,softmax_bias,all,l1_cache_line_accesses,diagnostic,excess:phase.workgroup.stream.load.32B,,,diagnostic,2,1.0
1,tuolumne,softmax_bias,all,l1_cache_line_accesses,diagnostic,Q:phase.workgroup.stream.load.64B,phase.workgroup.stream.load,64,diagnostic,2,1.0
1,tuolumne,softmax_bias,all,l1_cache_line_accesses,diagnostic,excess:phase.workgroup.stream.load.64B,,,diagnostic,2,1.0
1,tuolumne,softmax_bias,all,l1_cache_line_accesses,diagnostic,Q:phase.workgroup.stream.load.128B,phase.workgroup.stream.load,128,diagnostic,2,1.0
1,tuolumne,softmax_bias,all,l1_cache_line_accesses,diagnostic,excess:phase.workgroup.stream.load.128B,,,diagnostic,2,1.0
1,tuolumne,softmax_bias,all,l1_cache_line_accesses,diagnostic,Q:phase.workgroup.stream.load.256B,phase.workgroup.stream.load,256,diagnostic,2,1.0
1,tuolumne,softmax_bias,all,l1_cache_line_accesses,diagnostic,excess:phase.workgroup.stream.load.256B,,,diagnostic,2,1.0
1,tuolumne,softmax_bias,all,l1_cache_line_accesses,diagnostic,Q:phase.workgroup.array.load.32B,phase.workgroup.array.load,32,diagnostic,2,1.0
1,tuolumne,softmax_bias,all,l1_cache_line_accesses,diagnostic,excess:phase.workgroup.array.load.32B,,,diagnostic,2,1.0
1,tuolumne,softmax_bias,all,l1_cache_line_accesses,diagnostic,Q:phase.workgroup.array.load.64B,phase.workgroup.array.load,64,diagnostic,2,1.0
1,tuolumne,softmax_bias,all,l1_cache_line_accesses,diagnostic,excess:phase.workgroup.array.load.64B,,,diagnostic,2,1.0
1,tuolumne,softmax_bias,all,l1_cache_line_accesses,diagnostic,Q:phase.workgroup.array.load.128B,phase.workgroup.array.load,128,diagnostic,2,1.0
1,tuolumne,softmax_bias,all,l1_cache_line_accesses,diagnostic,excess:phase.workgroup.array.load.128B,,,diagnostic,2,1.0
1,tuolumne,softmax_bias,all,l1_cache_line_accesses,diagnostic,Q:phase.workgroup.array.load.256B,phase.workgroup.array.load,256,diagnostic,2,1.0
1,tuolumne,softmax_bias,all,l1_cache_line_accesses,diagnostic,excess:phase.workgroup.array.load.256B,,,diagnostic,2,1.0
1,tuolumne,softmax_bias,all,l1_miss_demand_to_l2,diagnostic,J_area,,,aggregate,2,1.0
1,tuolumne,softmax_bias,all,l1_miss_demand_to_l2,diagnostic,peak_normalized_excess,,,diagnostic,2,1.0
1,tuolumne,softmax_bias,all,l1_miss_demand_to_l2,diagnostic,Q:issue.g8.stream.load.32B,issue.g8.stream.load,32,diagnostic,2,1.0
1,tuolumne,softmax_bias,all,l1_miss_demand_to_l2,diagnostic,excess:issue.g8.stream.load.32B,,,diagnostic,2,1.0
1,tuolumne,softmax_bias,all,l1_miss_demand_to_l2,diagnostic,Q:issue.g8.stream.load.64B,issue.g8.stream.load,64,diagnostic,2,1.0
1,tuolumne,softmax_bias,all,l1_miss_demand_to_l2,diagnostic,excess:issue.g8.stream.load.64B,,,diagnostic,2,1.0
1,tuolumne,softmax_bias,all,l1_miss_demand_to_l2,diagnostic,Q:issue.g8.stream.load.128B,issue.g8.stream.load,128,diagnostic,2,1.0
1,tuolumne,softmax_bias,all,l1_miss_demand_to_l2,diagnostic,excess:issue.g8.stream.load.128B,,,diagnostic,2,1.0
1,tuolumne,softmax_bias,all,l1_miss_demand_to_l2,diagnostic,Q:issue.g8.stream.load.256B,issue.g8.stream.load,256,diagnostic,2,1.0
1,tuolumne,softmax_bias,all,l1_miss_demand_to_l2,diagnostic,excess:issue.g8.stream.load.256B,,,diagnostic,2,1.0
1,tuolumne,softmax_bias,all,l1_miss_demand_to_l2,diagnostic,Q:issue.g16.stream.load.32B,issue.g16.stream.load,32,diagnostic,2,1.0
1,tuolumne,softmax_bias,all,l1_miss_demand_to_l2,diagnostic,excess:issue.g16.stream.load.32B,,,diagnostic,2,1.0
1,tuolumne,softmax_bias,all,l1_miss_demand_to_l2,diagnostic,Q:issue.g16.stream.load.64B,issue.g16.stream.load,64,diagnostic,2,1.0
1,tuolumne,softmax_bias,all,l1_miss_demand_to_l2,diagnostic,excess:issue.g16.stream.load.64B,,,diagnostic,2,1.0
1,tuolumne,softmax_bias,all,l1_miss_demand_to_l2,diagnostic,Q:issue.g16.stream.load.128B,issue.g16.stream.load,128,diagnostic,2,1.0
1,tuolumne,softmax_bias,all,l1_miss_demand_to_l2,diagnostic,excess:issue.g16.stream.load.128B,,,diagnostic,2,1.0
1,tuolumne,softmax_bias,all,l1_miss_demand_to_l2,diagnostic,Q:issue.g16.stream.load.256B,issue.g16.stream.load,256,diagnostic,2,1.0
1,tuolumne,softmax_bias,all,l1_miss_demand_to_l2,diagnostic,excess:issue.g16.stream.load.256B,,,diagnostic,2,1.0
1,tuolumne,softmax_bias,all,l1_miss_demand_to_l2,diagnostic,Q:issue.g32.stream.load.32B,issue.g32.stream.load,32,diagnostic,2,1.0
1,tuolumne,softmax_bias,all,l1_miss_demand_to_l2,diagnostic,excess:issue.g32.stream.load.32B,,,diagnostic,2,1.0
1,tuolumne,softmax_bias,all,l1_miss_demand_to_l2,diagnostic,Q:issue.g32.stream.load.64B,issue.g32.stream.load,64,diagnostic,2,1.0
1,tuolumne,softmax_bias,all,l1_miss_demand_to_l2,diagnostic,excess:issue.g32.stream.load.64B,,,diagnostic,2,1.0
1,tuolumne,softmax_bias,all,l1_miss_demand_to_l2,diagnostic,Q:issue.g32.stream.load.128B,issue.g32.stream.load,128,diagnostic,2,1.0
1,tuolumne,softmax_bias,all,l1_miss_demand_to_l2,diagnostic,excess:issue.g32.stream.load.128B,,,diagnostic,2,1.0
1,tuolumne,softmax_bias,all,l1_miss_demand_to_l2,diagnostic,Q:issue.g32.stream.load.256B,issue.g32.stream.load,256,diagnostic,2,1.0
1,tuolumne,softmax_bias,all,l1_miss_demand_to_l2,diagnostic,excess:issue.g32.stream.load.256B,,,diagnostic,2,1.0
1,tuolumne,softmax_bias,all,l1_miss_demand_to_l2,diagnostic,Q:issue.g64.stream.load.32B,issue.g64.stream.load,32,diagnostic,2,1.0
1,tuolumne,softmax_bias,all,l1_miss_demand_to_l2,diagnostic,excess:issue.g64.stream.load.32B,,,diagnostic,2,1.0
1,tuolumne,softmax_bias,all,l1_miss_demand_to_l2,diagnostic,Q:issue.g64.stream.load.64B,issue.g64.stream.load,64,diagnostic,2,1.0
1,tuolumne,softmax_bias,all,l1_miss_demand_to_l2,diagnostic,excess:issue.g64.stream.load.64B,,,diagnostic,2,1.0
1,tuolumne,softmax_bias,all,l1_miss_demand_to_l2,diagnostic,Q:issue.g64.stream.load.128B,issue.g64.stream.load,128,diagnostic,2,1.0
1,tuolumne,softmax_bias,all,l1_miss_demand_to_l2,diagnostic,excess:issue.g64.stream.load.128B,,,diagnostic,2,1.0
1,tuolumne,softmax_bias,all,l1_miss_demand_to_l2,diagnostic,Q:issue.g64.stream.load.256B,issue.g64.stream.load,256,diagnostic,2,1.0
1,tuolumne,softmax_bias,all,l1_miss_demand_to_l2,diagnostic,excess:issue.g64.stream.load.256B,,,diagnostic,2,1.0
1,tuolumne,softmax_bias,all,l1_miss_demand_to_l2,diagnostic,Q:lane_window.t4.stream.load.32B,lane_window.t4.stream.load,32,diagnostic,2,
1,tuolumne,softmax_bias,all,l1_miss_demand_to_l2,diagnostic,excess:lane_window.t4.stream.load.32B,,,diagnostic,2,
1,tuolumne,softmax_bias,all,l1_miss_demand_to_l2,diagnostic,Q:lane_window.t4.stream.load.64B,lane_window.t4.stream.load,64,diagnostic,2,
1,tuolumne,softmax_bias,all,l1_miss_demand_to_l2,diagnostic,excess:lane_window.t4.stream.load.64B,,,diagnostic,2,
1,tuolumne,softmax_bias,all,l1_miss_demand_to_l2,diagnostic,Q:lane_window.t4.stream.load.128B,lane_window.t4.stream.load,128,diagnostic,2,
1,tuolumne,softmax_bias,all,l1_miss_demand_to_l2,diagnostic,excess:lane_window.t4.stream.load.128B,,,diagnostic,2,
1,tuolumne,softmax_bias,all,l1_miss_demand_to_l2,diagnostic,Q:lane_window.t4.stream.load.256B,lane_window.t4.stream.load,256,diagnostic,2,
1,tuolumne,softmax_bias,all,l1_miss_demand_to_l2,diagnostic,excess:lane_window.t4.stream.load.256B,,,diagnostic,2,
1,tuolumne,softmax_bias,all,l1_miss_demand_to_l2,diagnostic,Q:lane_window.t4.array.load.32B,lane_window.t4.array.load,32,diagnostic,2,
1,tuolumne,softmax_bias,all,l1_miss_demand_to_l2,diagnostic,excess:lane_window.t4.array.load.32B,,,diagnostic,2,
1,tuolumne,softmax_bias,all,l1_miss_demand_to_l2,diagnostic,Q:lane_window.t4.array.load.64B,lane_window.t4.array.load,64,diagnostic,2,
1,tuolumne,softmax_bias,all,l1_miss_demand_to_l2,diagnostic,excess:lane_window.t4.array.load.64B,,,diagnostic,2,
1,tuolumne,softmax_bias,all,l1_miss_demand_to_l2,diagnostic,Q:lane_window.t4.array.load.128B,lane_window.t4.array.load,128,diagnostic,2,
1,tuolumne,softmax_bias,all,l1_miss_demand_to_l2,diagnostic,excess:lane_window.t4.array.load.128B,,,diagnostic,2,
1,tuolumne,softmax_bias,all,l1_miss_demand_to_l2,diagnostic,Q:lane_window.t4.array.load.256B,lane_window.t4.array.load,256,diagnostic,2,
1,tuolumne,softmax_bias,all,l1_miss_demand_to_l2,diagnostic,excess:lane_window.t4.array.load.256B,,,diagnostic,2,
1,tuolumne,softmax_bias,all,l1_miss_demand_to_l2,diagnostic,Q:lane_window.t16.stream.load.32B,lane_window.t16.stream.load,32,diagnostic,2,
1,tuolumne,softmax_bias,all,l1_miss_demand_to_l2,diagnostic,excess:lane_window.t16.stream.load.32B,,,diagnostic,2,
1,tuolumne,softmax_bias,all,l1_miss_demand_to_l2,diagnostic,Q:lane_window.t16.stream.load.64B,lane_window.t16.stream.load,64,diagnostic,2,
1,tuolumne,softmax_bias,all,l1_miss_demand_to_l2,diagnostic,excess:lane_window.t16.stream.load.64B,,,diagnostic,2,
1,tuolumne,softmax_bias,all,l1_miss_demand_to_l2,diagnostic,Q:lane_window.t16.stream.load.128B,lane_window.t16.stream.load,128,diagnostic,2,
1,tuolumne,softmax_bias,all,l1_miss_demand_to_l2,diagnostic,excess:lane_window.t16.stream.load.128B,,,diagnostic,2,
1,tuolumne,softmax_bias,all,l1_miss_demand_to_l2,diagnostic,Q:lane_window.t16.stream.load.256B,lane_window.t16.stream.load,256,diagnostic,2,
1,tuolumne,softmax_bias,all,l1_miss_demand_to_l2,diagnostic,excess:lane_window.t16.stream.load.256B,,,diagnostic,2,
1,tuolumne,softmax_bias,all,l1_miss_demand_to_l2,diagnostic,Q:lane_window.t16.array.load.32B,lane_window.t16.array.load,32,diagnostic,2,
1,tuolumne,softmax_bias,all,l1_miss_demand_to_l2,diagnostic,excess:lane_window.t16.array.load.32B,,,diagnostic,2,
1,tuolumne,softmax_bias,all,l1_miss_demand_to_l2,diagnostic,Q:lane_window.t16.array.load.64B,lane_window.t16.array.load,64,diagnostic,2,
1,tuolumne,softmax_bias,all,l1_miss_demand_to_l2,diagnostic,excess:lane_window.t16.array.load.64B,,,diagnostic,2,
1,tuolumne,softmax_bias,all,l1_miss_demand_to_l2,diagnostic,Q:lane_window.t16.array.load.128B,lane_window.t16.array.load,128,diagnostic,2,
1,tuolumne,softmax_bias,all,l1_miss_demand_to_l2,diagnostic,excess:lane_window.t16.array.load.128B,,,diagnostic,2,
1,tuolumne,softmax_bias,all,l1_miss_demand_to_l2,diagnostic,Q:lane_window.t16.array.load.256B,lane_window.t16.array.load,256,diagnostic,2,
1,tuolumne,softmax_bias,all,l1_miss_demand_to_l2,diagnostic,excess:lane_window.t16.array.load.256B,,,diagnostic,2,
1,tuolumne,softmax_bias,all,l1_miss_demand_to_l2,diagnostic,Q:simd_window.t4.stream.load.32B,simd_window.t4.stream.load,32,diagnostic,2,1.0
1,tuolumne,softmax_bias,all,l1_miss_demand_to_l2,diagnostic,excess:simd_window.t4.stream.load.32B,,,diagnostic,2,1.0
1,tuolumne,softmax_bias,all,l1_miss_demand_to_l2,diagnostic,Q:simd_window.t4.stream.load.64B,simd_window.t4.stream.load,64,diagnostic,2,1.0
1,tuolumne,softmax_bias,all,l1_miss_demand_to_l2,diagnostic,excess:simd_window.t4.stream.load.64B,,,diagnostic,2,1.0
1,tuolumne,softmax_bias,all,l1_miss_demand_to_l2,diagnostic,Q:simd_window.t4.stream.load.128B,simd_window.t4.stream.load,128,diagnostic,2,1.0
1,tuolumne,softmax_bias,all,l1_miss_demand_to_l2,diagnostic,excess:simd_window.t4.stream.load.128B,,,diagnostic,2,1.0
1,tuolumne,softmax_bias,all,l1_miss_demand_to_l2,diagnostic,Q:simd_window.t4.stream.load.256B,simd_window.t4.stream.load,256,diagnostic,2,1.0
1,tuolumne,softmax_bias,all,l1_miss_demand_to_l2,diagnostic,excess:simd_window.t4.stream.load.256B,,,diagnostic,2,1.0
1,tuolumne,softmax_bias,all,l1_miss_demand_to_l2,diagnostic,Q:simd_window.t4.array.load.32B,simd_window.t4.array.load,32,counter_scope_bytescale,2,1.0
1,tuolumne,softmax_bias,all,l1_miss_demand_to_l2,diagnostic,excess:simd_window.t4.array.load.32B,,,diagnostic,2,1.0
1,tuolumne,softmax_bias,all,l1_miss_demand_to_l2,diagnostic,Q:simd_window.t4.array.load.64B,simd_window.t4.array.load,64,counter_scope_bytescale,2,1.0
1,tuolumne,softmax_bias,all,l1_miss_demand_to_l2,diagnostic,excess:simd_window.t4.array.load.64B,,,diagnostic,2,1.0
1,tuolumne,softmax_bias,all,l1_miss_demand_to_l2,diagnostic,Q:simd_window.t4.array.load.128B,simd_window.t4.array.load,128,counter_component,2,1.0
1,tuolumne,softmax_bias,all,l1_miss_demand_to_l2,diagnostic,excess:simd_window.t4.array.load.128B,,,diagnostic,2,1.0
1,tuolumne,softmax_bias,all,l1_miss_demand_to_l2,diagnostic,Q:simd_window.t4.array.load.256B,simd_window.t4.array.load,256,counter_scope_bytescale,2,1.0
1,tuolumne,softmax_bias,all,l1_miss_demand_to_l2,diagnostic,excess:simd_window.t4.array.load.256B,,,diagnostic,2,1.0
1,tuolumne,softmax_bias,all,l1_miss_demand_to_l2,diagnostic,Q:simd_window.t16.stream.load.32B,simd_window.t16.stream.load,32,diagnostic,2,1.0
1,tuolumne,softmax_bias,all,l1_miss_demand_to_l2,diagnostic,excess:simd_window.t16.stream.load.32B,,,diagnostic,2,1.0
1,tuolumne,softmax_bias,all,l1_miss_demand_to_l2,diagnostic,Q:simd_window.t16.stream.load.64B,simd_window.t16.stream.load,64,diagnostic,2,1.0
1,tuolumne,softmax_bias,all,l1_miss_demand_to_l2,diagnostic,excess:simd_window.t16.stream.load.64B,,,diagnostic,2,1.0
1,tuolumne,softmax_bias,all,l1_miss_demand_to_l2,diagnostic,Q:simd_window.t16.stream.load.128B,simd_window.t16.stream.load,128,diagnostic,2,1.0
1,tuolumne,softmax_bias,all,l1_miss_demand_to_l2,diagnostic,excess:simd_window.t16.stream.load.128B,,,diagnostic,2,1.0
1,tuolumne,softmax_bias,all,l1_miss_demand_to_l2,diagnostic,Q:simd_window.t16.stream.load.256B,simd_window.t16.stream.load,256,diagnostic,2,1.0
1,tuolumne,softmax_bias,all,l1_miss_demand_to_l2,diagnostic,excess:simd_window.t16.stream.load.256B,,,diagnostic,2,1.0
1,tuolumne,softmax_bias,all,l1_miss_demand_to_l2,diagnostic,Q:simd_window.t16.array.load.32B,simd_window.t16.array.load,32,diagnostic,2,1.0
1,tuolumne,softmax_bias,all,l1_miss_demand_to_l2,diagnostic,excess:simd_window.t16.array.load.32B,,,diagnostic,2,1.0
1,tuolumne,softmax_bias,all,l1_miss_demand_to_l2,diagnostic,Q:simd_window.t16.array.load.64B,simd_window.t16.array.load,64,diagnostic,2,1.0
1,tuolumne,softmax_bias,all,l1_miss_demand_to_l2,diagnostic,excess:simd_window.t16.array.load.64B,,,diagnostic,2,1.0
1,tuolumne,softmax_bias,all,l1_miss_demand_to_l2,diagnostic,Q:simd_window.t16.array.load.128B,simd_window.t16.array.load,128,diagnostic,2,1.0
1,tuolumne,softmax_bias,all,l1_miss_demand_to_l2,diagnostic,excess:simd_window.t16.array.load.128B,,,diagnostic,2,1.0
1,tuolumne,softmax_bias,all,l1_miss_demand_to_l2,diagnostic,Q:simd_window.t16.array.load.256B,simd_window.t16.array.load,256,diagnostic,2,1.0
1,tuolumne,softmax_bias,all,l1_miss_demand_to_l2,diagnostic,excess:simd_window.t16.array.load.256B,,,diagnostic,2,1.0
1,tuolumne,softmax_bias,all,l1_miss_demand_to_l2,diagnostic,Q:workgroup_window.t4.stream.load.32B,workgroup_window.t4.stream.load,32,diagnostic,2,1.0
1,tuolumne,softmax_bias,all,l1_miss_demand_to_l2,diagnostic,excess:workgroup_window.t4.stream.load.32B,,,diagnostic,2,1.0
1,tuolumne,softmax_bias,all,l1_miss_demand_to_l2,diagnostic,Q:workgroup_window.t4.stream.load.64B,workgroup_window.t4.stream.load,64,diagnostic,2,1.0
1,tuolumne,softmax_bias,all,l1_miss_demand_to_l2,diagnostic,excess:workgroup_window.t4.stream.load.64B,,,diagnostic,2,1.0
1,tuolumne,softmax_bias,all,l1_miss_demand_to_l2,diagnostic,Q:workgroup_window.t4.stream.load.128B,workgroup_window.t4.stream.load,128,diagnostic,2,1.0
1,tuolumne,softmax_bias,all,l1_miss_demand_to_l2,diagnostic,excess:workgroup_window.t4.stream.load.128B,,,diagnostic,2,1.0
1,tuolumne,softmax_bias,all,l1_miss_demand_to_l2,diagnostic,Q:workgroup_window.t4.stream.load.256B,workgroup_window.t4.stream.load,256,diagnostic,2,1.0
1,tuolumne,softmax_bias,all,l1_miss_demand_to_l2,diagnostic,excess:workgroup_window.t4.stream.load.256B,,,diagnostic,2,1.0
1,tuolumne,softmax_bias,all,l1_miss_demand_to_l2,diagnostic,Q:workgroup_window.t4.array.load.32B,workgroup_window.t4.array.load,32,diagnostic,2,1.0
1,tuolumne,softmax_bias,all,l1_miss_demand_to_l2,diagnostic,excess:workgroup_window.t4.array.load.32B,,,diagnostic,2,1.0
1,tuolumne,softmax_bias,all,l1_miss_demand_to_l2,diagnostic,Q:workgroup_window.t4.array.load.64B,workgroup_window.t4.array.load,64,diagnostic,2,1.0
1,tuolumne,softmax_bias,all,l1_miss_demand_to_l2,diagnostic,excess:workgroup_window.t4.array.load.64B,,,diagnostic,2,1.0
1,tuolumne,softmax_bias,all,l1_miss_demand_to_l2,diagnostic,Q:workgroup_window.t4.array.load.128B,workgroup_window.t4.array.load,128,diagnostic,2,1.0
1,tuolumne,softmax_bias,all,l1_miss_demand_to_l2,diagnostic,excess:workgroup_window.t4.array.load.128B,,,diagnostic,2,1.0
1,tuolumne,softmax_bias,all,l1_miss_demand_to_l2,diagnostic,Q:workgroup_window.t4.array.load.256B,workgroup_window.t4.array.load,256,diagnostic,2,1.0
1,tuolumne,softmax_bias,all,l1_miss_demand_to_l2,diagnostic,excess:workgroup_window.t4.array.load.256B,,,diagnostic,2,1.0
1,tuolumne,softmax_bias,all,l1_miss_demand_to_l2,diagnostic,Q:workgroup_window.t16.stream.load.32B,workgroup_window.t16.stream.load,32,diagnostic,2,1.0
1,tuolumne,softmax_bias,all,l1_miss_demand_to_l2,diagnostic,excess:workgroup_window.t16.stream.load.32B,,,diagnostic,2,1.0
1,tuolumne,softmax_bias,all,l1_miss_demand_to_l2,diagnostic,Q:workgroup_window.t16.stream.load.64B,workgroup_window.t16.stream.load,64,diagnostic,2,1.0
1,tuolumne,softmax_bias,all,l1_miss_demand_to_l2,diagnostic,excess:workgroup_window.t16.stream.load.64B,,,diagnostic,2,1.0
1,tuolumne,softmax_bias,all,l1_miss_demand_to_l2,diagnostic,Q:workgroup_window.t16.stream.load.128B,workgroup_window.t16.stream.load,128,diagnostic,2,1.0
1,tuolumne,softmax_bias,all,l1_miss_demand_to_l2,diagnostic,excess:workgroup_window.t16.stream.load.128B,,,diagnostic,2,1.0
1,tuolumne,softmax_bias,all,l1_miss_demand_to_l2,diagnostic,Q:workgroup_window.t16.stream.load.256B,workgroup_window.t16.stream.load,256,diagnostic,2,1.0
1,tuolumne,softmax_bias,all,l1_miss_demand_to_l2,diagnostic,excess:workgroup_window.t16.stream.load.256B,,,diagnostic,2,1.0
1,tuolumne,softmax_bias,all,l1_miss_demand_to_l2,diagnostic,Q:workgroup_window.t16.array.load.32B,workgroup_window.t16.array.load,32,diagnostic,2,1.0
1,tuolumne,softmax_bias,all,l1_miss_demand_to_l2,diagnostic,excess:workgroup_window.t16.array.load.32B,,,diagnostic,2,1.0
1,tuolumne,softmax_bias,all,l1_miss_demand_to_l2,diagnostic,Q:workgroup_window.t16.array.load.64B,workgroup_window.t16.array.load,64,diagnostic,2,1.0
1,tuolumne,softmax_bias,all,l1_miss_demand_to_l2,diagnostic,excess:workgroup_window.t16.array.load.64B,,,diagnostic,2,1.0
1,tuolumne,softmax_bias,all,l1_miss_demand_to_l2,diagnostic,Q:workgroup_window.t16.array.load.128B,workgroup_window.t16.array.load,128,diagnostic,2,1.0
1,tuolumne,softmax_bias,all,l1_miss_demand_to_l2,diagnostic,excess:workgroup_window.t16.array.load.128B,,,diagnostic,2,1.0
1,tuolumne,softmax_bias,all,l1_miss_demand_to_l2,diagnostic,Q:workgroup_window.t16.array.load.256B,workgroup_window.t16.array.load,256,diagnostic,2,1.0
1,tuolumne,softmax_bias,all,l1_miss_demand_to_l2,diagnostic,excess:workgroup_window.t16.array.load.256B,,,diagnostic,2,1.0
1,tuolumne,softmax_bias,all,l1_miss_demand_to_l2,diagnostic,Q:workgroup_step.stream.load.32B,workgroup_step.stream.load,32,diagnostic,2,1.0
1,tuolumne,softmax_bias,all,l1_miss_demand_to_l2,diagnostic,excess:workgroup_step.stream.load.32B,,,diagnostic,2,1.0
1,tuolumne,softmax_bias,all,l1_miss_demand_to_l2,diagnostic,Q:workgroup_step.stream.load.64B,workgroup_step.stream.load,64,diagnostic,2,1.0
1,tuolumne,softmax_bias,all,l1_miss_demand_to_l2,diagnostic,excess:workgroup_step.stream.load.64B,,,diagnostic,2,1.0
1,tuolumne,softmax_bias,all,l1_miss_demand_to_l2,diagnostic,Q:workgroup_step.stream.load.128B,workgroup_step.stream.load,128,diagnostic,2,1.0
1,tuolumne,softmax_bias,all,l1_miss_demand_to_l2,diagnostic,excess:workgroup_step.stream.load.128B,,,diagnostic,2,1.0
1,tuolumne,softmax_bias,all,l1_miss_demand_to_l2,diagnostic,Q:workgroup_step.stream.load.256B,workgroup_step.stream.load,256,diagnostic,2,1.0
1,tuolumne,softmax_bias,all,l1_miss_demand_to_l2,diagnostic,excess:workgroup_step.stream.load.256B,,,diagnostic,2,1.0
1,tuolumne,softmax_bias,all,l1_miss_demand_to_l2,diagnostic,Q:workgroup_step.array.load.32B,workgroup_step.array.load,32,diagnostic,2,1.0
1,tuolumne,softmax_bias,all,l1_miss_demand_to_l2,diagnostic,excess:workgroup_step.array.load.32B,,,diagnostic,2,1.0
1,tuolumne,softmax_bias,all,l1_miss_demand_to_l2,diagnostic,Q:workgroup_step.array.load.64B,workgroup_step.array.load,64,diagnostic,2,1.0
1,tuolumne,softmax_bias,all,l1_miss_demand_to_l2,diagnostic,excess:workgroup_step.array.load.64B,,,diagnostic,2,1.0
1,tuolumne,softmax_bias,all,l1_miss_demand_to_l2,diagnostic,Q:workgroup_step.array.load.128B,workgroup_step.array.load,128,diagnostic,2,1.0
1,tuolumne,softmax_bias,all,l1_miss_demand_to_l2,diagnostic,excess:workgroup_step.array.load.128B,,,diagnostic,2,1.0
1,tuolumne,softmax_bias,all,l1_miss_demand_to_l2,diagnostic,Q:workgroup_step.array.load.256B,workgroup_step.array.load,256,diagnostic,2,1.0
1,tuolumne,softmax_bias,all,l1_miss_demand_to_l2,diagnostic,excess:workgroup_step.array.load.256B,,,diagnostic,2,1.0
1,tuolumne,softmax_bias,all,l1_miss_demand_to_l2,diagnostic,Q:phase.lane.stream.load.32B,phase.lane.stream.load,32,diagnostic,2,
1,tuolumne,softmax_bias,all,l1_miss_demand_to_l2,diagnostic,excess:phase.lane.stream.load.32B,,,diagnostic,2,
1,tuolumne,softmax_bias,all,l1_miss_demand_to_l2,diagnostic,Q:phase.lane.stream.load.64B,phase.lane.stream.load,64,diagnostic,2,
1,tuolumne,softmax_bias,all,l1_miss_demand_to_l2,diagnostic,excess:phase.lane.stream.load.64B,,,diagnostic,2,
1,tuolumne,softmax_bias,all,l1_miss_demand_to_l2,diagnostic,Q:phase.lane.stream.load.128B,phase.lane.stream.load,128,diagnostic,2,
1,tuolumne,softmax_bias,all,l1_miss_demand_to_l2,diagnostic,excess:phase.lane.stream.load.128B,,,diagnostic,2,
1,tuolumne,softmax_bias,all,l1_miss_demand_to_l2,diagnostic,Q:phase.lane.stream.load.256B,phase.lane.stream.load,256,diagnostic,2,
1,tuolumne,softmax_bias,all,l1_miss_demand_to_l2,diagnostic,excess:phase.lane.stream.load.256B,,,diagnostic,2,
1,tuolumne,softmax_bias,all,l1_miss_demand_to_l2,diagnostic,Q:phase.lane.array.load.32B,phase.lane.array.load,32,diagnostic,2,
1,tuolumne,softmax_bias,all,l1_miss_demand_to_l2,diagnostic,excess:phase.lane.array.load.32B,,,diagnostic,2,
1,tuolumne,softmax_bias,all,l1_miss_demand_to_l2,diagnostic,Q:phase.lane.array.load.64B,phase.lane.array.load,64,diagnostic,2,
1,tuolumne,softmax_bias,all,l1_miss_demand_to_l2,diagnostic,excess:phase.lane.array.load.64B,,,diagnostic,2,
1,tuolumne,softmax_bias,all,l1_miss_demand_to_l2,diagnostic,Q:phase.lane.array.load.128B,phase.lane.array.load,128,diagnostic,2,
1,tuolumne,softmax_bias,all,l1_miss_demand_to_l2,diagnostic,excess:phase.lane.array.load.128B,,,diagnostic,2,
1,tuolumne,softmax_bias,all,l1_miss_demand_to_l2,diagnostic,Q:phase.lane.array.load.256B,phase.lane.array.load,256,diagnostic,2,
1,tuolumne,softmax_bias,all,l1_miss_demand_to_l2,diagnostic,excess:phase.lane.array.load.256B,,,diagnostic,2,
1,tuolumne,softmax_bias,all,l1_miss_demand_to_l2,diagnostic,Q:phase.simd.stream.load.32B,phase.simd.stream.load,32,diagnostic,2,1.0
1,tuolumne,softmax_bias,all,l1_miss_demand_to_l2,diagnostic,excess:phase.simd.stream.load.32B,,,diagnostic,2,1.0
1,tuolumne,softmax_bias,all,l1_miss_demand_to_l2,diagnostic,Q:phase.simd.stream.load.64B,phase.simd.stream.load,64,diagnostic,2,1.0
1,tuolumne,softmax_bias,all,l1_miss_demand_to_l2,diagnostic,excess:phase.simd.stream.load.64B,,,diagnostic,2,1.0
1,tuolumne,softmax_bias,all,l1_miss_demand_to_l2,diagnostic,Q:phase.simd.stream.load.128B,phase.simd.stream.load,128,diagnostic,2,1.0
1,tuolumne,softmax_bias,all,l1_miss_demand_to_l2,diagnostic,excess:phase.simd.stream.load.128B,,,diagnostic,2,1.0
1,tuolumne,softmax_bias,all,l1_miss_demand_to_l2,diagnostic,Q:phase.simd.stream.load.256B,phase.simd.stream.load,256,diagnostic,2,1.0
1,tuolumne,softmax_bias,all,l1_miss_demand_to_l2,diagnostic,excess:phase.simd.stream.load.256B,,,diagnostic,2,1.0
1,tuolumne,softmax_bias,all,l1_miss_demand_to_l2,diagnostic,Q:phase.simd.array.load.32B,phase.simd.array.load,32,diagnostic,2,1.0
1,tuolumne,softmax_bias,all,l1_miss_demand_to_l2,diagnostic,excess:phase.simd.array.load.32B,,,diagnostic,2,1.0
1,tuolumne,softmax_bias,all,l1_miss_demand_to_l2,diagnostic,Q:phase.simd.array.load.64B,phase.simd.array.load,64,diagnostic,2,1.0
1,tuolumne,softmax_bias,all,l1_miss_demand_to_l2,diagnostic,excess:phase.simd.array.load.64B,,,diagnostic,2,1.0
1,tuolumne,softmax_bias,all,l1_miss_demand_to_l2,diagnostic,Q:phase.simd.array.load.128B,phase.simd.array.load,128,diagnostic,2,1.0
1,tuolumne,softmax_bias,all,l1_miss_demand_to_l2,diagnostic,excess:phase.simd.array.load.128B,,,diagnostic,2,1.0
1,tuolumne,softmax_bias,all,l1_miss_demand_to_l2,diagnostic,Q:phase.simd.array.load.256B,phase.simd.array.load,256,diagnostic,2,1.0
1,tuolumne,softmax_bias,all,l1_miss_demand_to_l2,diagnostic,excess:phase.simd.array.load.256B,,,diagnostic,2,1.0
1,tuolumne,softmax_bias,all,l1_miss_demand_to_l2,diagnostic,Q:phase.workgroup.stream.load.32B,phase.workgroup.stream.load,32,diagnostic,2,1.0
1,tuolumne,softmax_bias,all,l1_miss_demand_to_l2,diagnostic,excess:phase.workgroup.stream.load.32B,,,diagnostic,2,1.0
1,tuolumne,softmax_bias,all,l1_miss_demand_to_l2,diagnostic,Q:phase.workgroup.stream.load.64B,phase.workgroup.stream.load,64,diagnostic,2,1.0
1,tuolumne,softmax_bias,all,l1_miss_demand_to_l2,diagnostic,excess:phase.workgroup.stream.load.64B,,,diagnostic,2,1.0
1,tuolumne,softmax_bias,all,l1_miss_demand_to_l2,diagnostic,Q:phase.workgroup.stream.load.128B,phase.workgroup.stream.load,128,diagnostic,2,1.0
1,tuolumne,softmax_bias,all,l1_miss_demand_to_l2,diagnostic,excess:phase.workgroup.stream.load.128B,,,diagnostic,2,1.0
1,tuolumne,softmax_bias,all,l1_miss_demand_to_l2,diagnostic,Q:phase.workgroup.stream.load.256B,phase.workgroup.stream.load,256,diagnostic,2,1.0
1,tuolumne,softmax_bias,all,l1_miss_demand_to_l2,diagnostic,excess:phase.workgroup.stream.load.256B,,,diagnostic,2,1.0
1,tuolumne,softmax_bias,all,l1_miss_demand_to_l2,diagnostic,Q:phase.workgroup.array.load.32B,phase.workgroup.array.load,32,diagnostic,2,1.0
1,tuolumne,softmax_bias,all,l1_miss_demand_to_l2,diagnostic,excess:phase.workgroup.array.load.32B,,,diagnostic,2,1.0
1,tuolumne,softmax_bias,all,l1_miss_demand_to_l2,diagnostic,Q:phase.workgroup.array.load.64B,phase.workgroup.array.load,64,diagnostic,2,1.0
1,tuolumne,softmax_bias,all,l1_miss_demand_to_l2,diagnostic,excess:phase.workgroup.array.load.64B,,,diagnostic,2,1.0
1,tuolumne,softmax_bias,all,l1_miss_demand_to_l2,diagnostic,Q:phase.workgroup.array.load.128B,phase.workgroup.array.load,128,diagnostic,2,1.0
1,tuolumne,softmax_bias,all,l1_miss_demand_to_l2,diagnostic,excess:phase.workgroup.array.load.128B,,,diagnostic,2,1.0
1,tuolumne,softmax_bias,all,l1_miss_demand_to_l2,diagnostic,Q:phase.workgroup.array.load.256B,phase.workgroup.array.load,256,diagnostic,2,1.0
1,tuolumne,softmax_bias,all,l1_miss_demand_to_l2,diagnostic,excess:phase.workgroup.array.load.256B,,,diagnostic,2,1.0
1,tuolumne,softmax_bias,all,l1_to_l2_read_requests,focus,J_area,,,aggregate,2,1.0
1,tuolumne,softmax_bias,all,l1_to_l2_read_requests,focus,peak_normalized_excess,,,diagnostic,2,1.0
1,tuolumne,softmax_bias,all,l1_to_l2_read_requests,focus,Q:issue.g8.stream.load.32B,issue.g8.stream.load,32,diagnostic,2,1.0
1,tuolumne,softmax_bias,all,l1_to_l2_read_requests,focus,excess:issue.g8.stream.load.32B,,,diagnostic,2,1.0
1,tuolumne,softmax_bias,all,l1_to_l2_read_requests,focus,Q:issue.g8.stream.load.64B,issue.g8.stream.load,64,diagnostic,2,1.0
1,tuolumne,softmax_bias,all,l1_to_l2_read_requests,focus,excess:issue.g8.stream.load.64B,,,diagnostic,2,1.0
1,tuolumne,softmax_bias,all,l1_to_l2_read_requests,focus,Q:issue.g8.stream.load.128B,issue.g8.stream.load,128,diagnostic,2,1.0
1,tuolumne,softmax_bias,all,l1_to_l2_read_requests,focus,excess:issue.g8.stream.load.128B,,,diagnostic,2,1.0
1,tuolumne,softmax_bias,all,l1_to_l2_read_requests,focus,Q:issue.g8.stream.load.256B,issue.g8.stream.load,256,diagnostic,2,1.0
1,tuolumne,softmax_bias,all,l1_to_l2_read_requests,focus,excess:issue.g8.stream.load.256B,,,diagnostic,2,1.0
1,tuolumne,softmax_bias,all,l1_to_l2_read_requests,focus,Q:issue.g16.stream.load.32B,issue.g16.stream.load,32,diagnostic,2,1.0
1,tuolumne,softmax_bias,all,l1_to_l2_read_requests,focus,excess:issue.g16.stream.load.32B,,,diagnostic,2,1.0
1,tuolumne,softmax_bias,all,l1_to_l2_read_requests,focus,Q:issue.g16.stream.load.64B,issue.g16.stream.load,64,diagnostic,2,1.0
1,tuolumne,softmax_bias,all,l1_to_l2_read_requests,focus,excess:issue.g16.stream.load.64B,,,diagnostic,2,1.0
1,tuolumne,softmax_bias,all,l1_to_l2_read_requests,focus,Q:issue.g16.stream.load.128B,issue.g16.stream.load,128,diagnostic,2,1.0
1,tuolumne,softmax_bias,all,l1_to_l2_read_requests,focus,excess:issue.g16.stream.load.128B,,,diagnostic,2,1.0
1,tuolumne,softmax_bias,all,l1_to_l2_read_requests,focus,Q:issue.g16.stream.load.256B,issue.g16.stream.load,256,diagnostic,2,1.0
1,tuolumne,softmax_bias,all,l1_to_l2_read_requests,focus,excess:issue.g16.stream.load.256B,,,diagnostic,2,1.0
1,tuolumne,softmax_bias,all,l1_to_l2_read_requests,focus,Q:issue.g32.stream.load.32B,issue.g32.stream.load,32,diagnostic,2,1.0
1,tuolumne,softmax_bias,all,l1_to_l2_read_requests,focus,excess:issue.g32.stream.load.32B,,,diagnostic,2,1.0
1,tuolumne,softmax_bias,all,l1_to_l2_read_requests,focus,Q:issue.g32.stream.load.64B,issue.g32.stream.load,64,diagnostic,2,1.0
1,tuolumne,softmax_bias,all,l1_to_l2_read_requests,focus,excess:issue.g32.stream.load.64B,,,diagnostic,2,1.0
1,tuolumne,softmax_bias,all,l1_to_l2_read_requests,focus,Q:issue.g32.stream.load.128B,issue.g32.stream.load,128,diagnostic,2,1.0
1,tuolumne,softmax_bias,all,l1_to_l2_read_requests,focus,excess:issue.g32.stream.load.128B,,,diagnostic,2,1.0
1,tuolumne,softmax_bias,all,l1_to_l2_read_requests,focus,Q:issue.g32.stream.load.256B,issue.g32.stream.load,256,diagnostic,2,1.0
1,tuolumne,softmax_bias,all,l1_to_l2_read_requests,focus,excess:issue.g32.stream.load.256B,,,diagnostic,2,1.0
1,tuolumne,softmax_bias,all,l1_to_l2_read_requests,focus,Q:issue.g64.stream.load.32B,issue.g64.stream.load,32,diagnostic,2,1.0
1,tuolumne,softmax_bias,all,l1_to_l2_read_requests,focus,excess:issue.g64.stream.load.32B,,,diagnostic,2,1.0
1,tuolumne,softmax_bias,all,l1_to_l2_read_requests,focus,Q:issue.g64.stream.load.64B,issue.g64.stream.load,64,diagnostic,2,1.0
1,tuolumne,softmax_bias,all,l1_to_l2_read_requests,focus,excess:issue.g64.stream.load.64B,,,diagnostic,2,1.0
1,tuolumne,softmax_bias,all,l1_to_l2_read_requests,focus,Q:issue.g64.stream.load.128B,issue.g64.stream.load,128,diagnostic,2,1.0
1,tuolumne,softmax_bias,all,l1_to_l2_read_requests,focus,excess:issue.g64.stream.load.128B,,,diagnostic,2,1.0
1,tuolumne,softmax_bias,all,l1_to_l2_read_requests,focus,Q:issue.g64.stream.load.256B,issue.g64.stream.load,256,diagnostic,2,1.0
1,tuolumne,softmax_bias,all,l1_to_l2_read_requests,focus,excess:issue.g64.stream.load.256B,,,diagnostic,2,1.0
1,tuolumne,softmax_bias,all,l1_to_l2_read_requests,focus,Q:lane_window.t4.stream.load.32B,lane_window.t4.stream.load,32,diagnostic,2,
1,tuolumne,softmax_bias,all,l1_to_l2_read_requests,focus,excess:lane_window.t4.stream.load.32B,,,diagnostic,2,
1,tuolumne,softmax_bias,all,l1_to_l2_read_requests,focus,Q:lane_window.t4.stream.load.64B,lane_window.t4.stream.load,64,diagnostic,2,
1,tuolumne,softmax_bias,all,l1_to_l2_read_requests,focus,excess:lane_window.t4.stream.load.64B,,,diagnostic,2,
1,tuolumne,softmax_bias,all,l1_to_l2_read_requests,focus,Q:lane_window.t4.stream.load.128B,lane_window.t4.stream.load,128,diagnostic,2,
1,tuolumne,softmax_bias,all,l1_to_l2_read_requests,focus,excess:lane_window.t4.stream.load.128B,,,diagnostic,2,
1,tuolumne,softmax_bias,all,l1_to_l2_read_requests,focus,Q:lane_window.t4.stream.load.256B,lane_window.t4.stream.load,256,diagnostic,2,
1,tuolumne,softmax_bias,all,l1_to_l2_read_requests,focus,excess:lane_window.t4.stream.load.256B,,,diagnostic,2,
1,tuolumne,softmax_bias,all,l1_to_l2_read_requests,focus,Q:lane_window.t4.array.load.32B,lane_window.t4.array.load,32,diagnostic,2,
1,tuolumne,softmax_bias,all,l1_to_l2_read_requests,focus,excess:lane_window.t4.array.load.32B,,,diagnostic,2,
1,tuolumne,softmax_bias,all,l1_to_l2_read_requests,focus,Q:lane_window.t4.array.load.64B,lane_window.t4.array.load,64,diagnostic,2,
1,tuolumne,softmax_bias,all,l1_to_l2_read_requests,focus,excess:lane_window.t4.array.load.64B,,,diagnostic,2,
1,tuolumne,softmax_bias,all,l1_to_l2_read_requests,focus,Q:lane_window.t4.array.load.128B,lane_window.t4.array.load,128,diagnostic,2,
1,tuolumne,softmax_bias,all,l1_to_l2_read_requests,focus,excess:lane_window.t4.array.load.128B,,,diagnostic,2,
1,tuolumne,softmax_bias,all,l1_to_l2_read_requests,focus,Q:lane_window.t4.array.load.256B,lane_window.t4.array.load,256,diagnostic,2,
1,tuolumne,softmax_bias,all,l1_to_l2_read_requests,focus,excess:lane_window.t4.array.load.256B,,,diagnostic,2,
1,tuolumne,softmax_bias,all,l1_to_l2_read_requests,focus,Q:lane_window.t16.stream.load.32B,lane_window.t16.stream.load,32,diagnostic,2,
1,tuolumne,softmax_bias,all,l1_to_l2_read_requests,focus,excess:lane_window.t16.stream.load.32B,,,diagnostic,2,
1,tuolumne,softmax_bias,all,l1_to_l2_read_requests,focus,Q:lane_window.t16.stream.load.64B,lane_window.t16.stream.load,64,diagnostic,2,
1,tuolumne,softmax_bias,all,l1_to_l2_read_requests,focus,excess:lane_window.t16.stream.load.64B,,,diagnostic,2,
1,tuolumne,softmax_bias,all,l1_to_l2_read_requests,focus,Q:lane_window.t16.stream.load.128B,lane_window.t16.stream.load,128,diagnostic,2,
1,tuolumne,softmax_bias,all,l1_to_l2_read_requests,focus,excess:lane_window.t16.stream.load.128B,,,diagnostic,2,
1,tuolumne,softmax_bias,all,l1_to_l2_read_requests,focus,Q:lane_window.t16.stream.load.256B,lane_window.t16.stream.load,256,diagnostic,2,
1,tuolumne,softmax_bias,all,l1_to_l2_read_requests,focus,excess:lane_window.t16.stream.load.256B,,,diagnostic,2,
1,tuolumne,softmax_bias,all,l1_to_l2_read_requests,focus,Q:lane_window.t16.array.load.32B,lane_window.t16.array.load,32,diagnostic,2,
1,tuolumne,softmax_bias,all,l1_to_l2_read_requests,focus,excess:lane_window.t16.array.load.32B,,,diagnostic,2,
1,tuolumne,softmax_bias,all,l1_to_l2_read_requests,focus,Q:lane_window.t16.array.load.64B,lane_window.t16.array.load,64,diagnostic,2,
1,tuolumne,softmax_bias,all,l1_to_l2_read_requests,focus,excess:lane_window.t16.array.load.64B,,,diagnostic,2,
1,tuolumne,softmax_bias,all,l1_to_l2_read_requests,focus,Q:lane_window.t16.array.load.128B,lane_window.t16.array.load,128,diagnostic,2,
1,tuolumne,softmax_bias,all,l1_to_l2_read_requests,focus,excess:lane_window.t16.array.load.128B,,,diagnostic,2,
1,tuolumne,softmax_bias,all,l1_to_l2_read_requests,focus,Q:lane_window.t16.array.load.256B,lane_window.t16.array.load,256,diagnostic,2,
1,tuolumne,softmax_bias,all,l1_to_l2_read_requests,focus,excess:lane_window.t16.array.load.256B,,,diagnostic,2,
1,tuolumne,softmax_bias,all,l1_to_l2_read_requests,focus,Q:simd_window.t4.stream.load.32B,simd_window.t4.stream.load,32,diagnostic,2,1.0
1,tuolumne,softmax_bias,all,l1_to_l2_read_requests,focus,excess:simd_window.t4.stream.load.32B,,,diagnostic,2,1.0
1,tuolumne,softmax_bias,all,l1_to_l2_read_requests,focus,Q:simd_window.t4.stream.load.64B,simd_window.t4.stream.load,64,diagnostic,2,1.0
1,tuolumne,softmax_bias,all,l1_to_l2_read_requests,focus,excess:simd_window.t4.stream.load.64B,,,diagnostic,2,1.0
1,tuolumne,softmax_bias,all,l1_to_l2_read_requests,focus,Q:simd_window.t4.stream.load.128B,simd_window.t4.stream.load,128,diagnostic,2,1.0
1,tuolumne,softmax_bias,all,l1_to_l2_read_requests,focus,excess:simd_window.t4.stream.load.128B,,,diagnostic,2,1.0
1,tuolumne,softmax_bias,all,l1_to_l2_read_requests,focus,Q:simd_window.t4.stream.load.256B,simd_window.t4.stream.load,256,diagnostic,2,1.0
1,tuolumne,softmax_bias,all,l1_to_l2_read_requests,focus,excess:simd_window.t4.stream.load.256B,,,diagnostic,2,1.0
1,tuolumne,softmax_bias,all,l1_to_l2_read_requests,focus,Q:simd_window.t4.array.load.32B,simd_window.t4.array.load,32,counter_scope_bytescale,2,1.0
1,tuolumne,softmax_bias,all,l1_to_l2_read_requests,focus,excess:simd_window.t4.array.load.32B,,,diagnostic,2,1.0
1,tuolumne,softmax_bias,all,l1_to_l2_read_requests,focus,Q:simd_window.t4.array.load.64B,simd_window.t4.array.load,64,counter_scope_bytescale,2,1.0
1,tuolumne,softmax_bias,all,l1_to_l2_read_requests,focus,excess:simd_window.t4.array.load.64B,,,diagnostic,2,1.0
1,tuolumne,softmax_bias,all,l1_to_l2_read_requests,focus,Q:simd_window.t4.array.load.128B,simd_window.t4.array.load,128,counter_component,2,1.0
1,tuolumne,softmax_bias,all,l1_to_l2_read_requests,focus,excess:simd_window.t4.array.load.128B,,,diagnostic,2,1.0
1,tuolumne,softmax_bias,all,l1_to_l2_read_requests,focus,Q:simd_window.t4.array.load.256B,simd_window.t4.array.load,256,counter_scope_bytescale,2,1.0
1,tuolumne,softmax_bias,all,l1_to_l2_read_requests,focus,excess:simd_window.t4.array.load.256B,,,diagnostic,2,1.0
1,tuolumne,softmax_bias,all,l1_to_l2_read_requests,focus,Q:simd_window.t16.stream.load.32B,simd_window.t16.stream.load,32,diagnostic,2,1.0
1,tuolumne,softmax_bias,all,l1_to_l2_read_requests,focus,excess:simd_window.t16.stream.load.32B,,,diagnostic,2,1.0
1,tuolumne,softmax_bias,all,l1_to_l2_read_requests,focus,Q:simd_window.t16.stream.load.64B,simd_window.t16.stream.load,64,diagnostic,2,1.0
1,tuolumne,softmax_bias,all,l1_to_l2_read_requests,focus,excess:simd_window.t16.stream.load.64B,,,diagnostic,2,1.0
1,tuolumne,softmax_bias,all,l1_to_l2_read_requests,focus,Q:simd_window.t16.stream.load.128B,simd_window.t16.stream.load,128,diagnostic,2,1.0
1,tuolumne,softmax_bias,all,l1_to_l2_read_requests,focus,excess:simd_window.t16.stream.load.128B,,,diagnostic,2,1.0
1,tuolumne,softmax_bias,all,l1_to_l2_read_requests,focus,Q:simd_window.t16.stream.load.256B,simd_window.t16.stream.load,256,diagnostic,2,1.0
1,tuolumne,softmax_bias,all,l1_to_l2_read_requests,focus,excess:simd_window.t16.stream.load.256B,,,diagnostic,2,1.0
1,tuolumne,softmax_bias,all,l1_to_l2_read_requests,focus,Q:simd_window.t16.array.load.32B,simd_window.t16.array.load,32,diagnostic,2,1.0
1,tuolumne,softmax_bias,all,l1_to_l2_read_requests,focus,excess:simd_window.t16.array.load.32B,,,diagnostic,2,1.0
1,tuolumne,softmax_bias,all,l1_to_l2_read_requests,focus,Q:simd_window.t16.array.load.64B,simd_window.t16.array.load,64,diagnostic,2,1.0
1,tuolumne,softmax_bias,all,l1_to_l2_read_requests,focus,excess:simd_window.t16.array.load.64B,,,diagnostic,2,1.0
1,tuolumne,softmax_bias,all,l1_to_l2_read_requests,focus,Q:simd_window.t16.array.load.128B,simd_window.t16.array.load,128,diagnostic,2,1.0
1,tuolumne,softmax_bias,all,l1_to_l2_read_requests,focus,excess:simd_window.t16.array.load.128B,,,diagnostic,2,1.0
1,tuolumne,softmax_bias,all,l1_to_l2_read_requests,focus,Q:simd_window.t16.array.load.256B,simd_window.t16.array.load,256,diagnostic,2,1.0
1,tuolumne,softmax_bias,all,l1_to_l2_read_requests,focus,excess:simd_window.t16.array.load.256B,,,diagnostic,2,1.0
1,tuolumne,softmax_bias,all,l1_to_l2_read_requests,focus,Q:workgroup_window.t4.stream.load.32B,workgroup_window.t4.stream.load,32,diagnostic,2,1.0
1,tuolumne,softmax_bias,all,l1_to_l2_read_requests,focus,excess:workgroup_window.t4.stream.load.32B,,,diagnostic,2,1.0
1,tuolumne,softmax_bias,all,l1_to_l2_read_requests,focus,Q:workgroup_window.t4.stream.load.64B,workgroup_window.t4.stream.load,64,diagnostic,2,1.0
1,tuolumne,softmax_bias,all,l1_to_l2_read_requests,focus,excess:workgroup_window.t4.stream.load.64B,,,diagnostic,2,1.0
1,tuolumne,softmax_bias,all,l1_to_l2_read_requests,focus,Q:workgroup_window.t4.stream.load.128B,workgroup_window.t4.stream.load,128,diagnostic,2,1.0
1,tuolumne,softmax_bias,all,l1_to_l2_read_requests,focus,excess:workgroup_window.t4.stream.load.128B,,,diagnostic,2,1.0
1,tuolumne,softmax_bias,all,l1_to_l2_read_requests,focus,Q:workgroup_window.t4.stream.load.256B,workgroup_window.t4.stream.load,256,diagnostic,2,1.0
1,tuolumne,softmax_bias,all,l1_to_l2_read_requests,focus,excess:workgroup_window.t4.stream.load.256B,,,diagnostic,2,1.0
1,tuolumne,softmax_bias,all,l1_to_l2_read_requests,focus,Q:workgroup_window.t4.array.load.32B,workgroup_window.t4.array.load,32,diagnostic,2,1.0
1,tuolumne,softmax_bias,all,l1_to_l2_read_requests,focus,excess:workgroup_window.t4.array.load.32B,,,diagnostic,2,1.0
1,tuolumne,softmax_bias,all,l1_to_l2_read_requests,focus,Q:workgroup_window.t4.array.load.64B,workgroup_window.t4.array.load,64,diagnostic,2,1.0
1,tuolumne,softmax_bias,all,l1_to_l2_read_requests,focus,excess:workgroup_window.t4.array.load.64B,,,diagnostic,2,1.0
1,tuolumne,softmax_bias,all,l1_to_l2_read_requests,focus,Q:workgroup_window.t4.array.load.128B,workgroup_window.t4.array.load,128,diagnostic,2,1.0
1,tuolumne,softmax_bias,all,l1_to_l2_read_requests,focus,excess:workgroup_window.t4.array.load.128B,,,diagnostic,2,1.0
1,tuolumne,softmax_bias,all,l1_to_l2_read_requests,focus,Q:workgroup_window.t4.array.load.256B,workgroup_window.t4.array.load,256,diagnostic,2,1.0
1,tuolumne,softmax_bias,all,l1_to_l2_read_requests,focus,excess:workgroup_window.t4.array.load.256B,,,diagnostic,2,1.0
1,tuolumne,softmax_bias,all,l1_to_l2_read_requests,focus,Q:workgroup_window.t16.stream.load.32B,workgroup_window.t16.stream.load,32,diagnostic,2,1.0
1,tuolumne,softmax_bias,all,l1_to_l2_read_requests,focus,excess:workgroup_window.t16.stream.load.32B,,,diagnostic,2,1.0
1,tuolumne,softmax_bias,all,l1_to_l2_read_requests,focus,Q:workgroup_window.t16.stream.load.64B,workgroup_window.t16.stream.load,64,diagnostic,2,1.0
1,tuolumne,softmax_bias,all,l1_to_l2_read_requests,focus,excess:workgroup_window.t16.stream.load.64B,,,diagnostic,2,1.0
1,tuolumne,softmax_bias,all,l1_to_l2_read_requests,focus,Q:workgroup_window.t16.stream.load.128B,workgroup_window.t16.stream.load,128,diagnostic,2,1.0
1,tuolumne,softmax_bias,all,l1_to_l2_read_requests,focus,excess:workgroup_window.t16.stream.load.128B,,,diagnostic,2,1.0
1,tuolumne,softmax_bias,all,l1_to_l2_read_requests,focus,Q:workgroup_window.t16.stream.load.256B,workgroup_window.t16.stream.load,256,diagnostic,2,1.0
1,tuolumne,softmax_bias,all,l1_to_l2_read_requests,focus,excess:workgroup_window.t16.stream.load.256B,,,diagnostic,2,1.0
1,tuolumne,softmax_bias,all,l1_to_l2_read_requests,focus,Q:workgroup_window.t16.array.load.32B,workgroup_window.t16.array.load,32,diagnostic,2,1.0
1,tuolumne,softmax_bias,all,l1_to_l2_read_requests,focus,excess:workgroup_window.t16.array.load.32B,,,diagnostic,2,1.0
1,tuolumne,softmax_bias,all,l1_to_l2_read_requests,focus,Q:workgroup_window.t16.array.load.64B,workgroup_window.t16.array.load,64,diagnostic,2,1.0
1,tuolumne,softmax_bias,all,l1_to_l2_read_requests,focus,excess:workgroup_window.t16.array.load.64B,,,diagnostic,2,1.0
1,tuolumne,softmax_bias,all,l1_to_l2_read_requests,focus,Q:workgroup_window.t16.array.load.128B,workgroup_window.t16.array.load,128,diagnostic,2,1.0
1,tuolumne,softmax_bias,all,l1_to_l2_read_requests,focus,excess:workgroup_window.t16.array.load.128B,,,diagnostic,2,1.0
1,tuolumne,softmax_bias,all,l1_to_l2_read_requests,focus,Q:workgroup_window.t16.array.load.256B,workgroup_window.t16.array.load,256,diagnostic,2,1.0
1,tuolumne,softmax_bias,all,l1_to_l2_read_requests,focus,excess:workgroup_window.t16.array.load.256B,,,diagnostic,2,1.0
1,tuolumne,softmax_bias,all,l1_to_l2_read_requests,focus,Q:workgroup_step.stream.load.32B,workgroup_step.stream.load,32,diagnostic,2,1.0
1,tuolumne,softmax_bias,all,l1_to_l2_read_requests,focus,excess:workgroup_step.stream.load.32B,,,diagnostic,2,1.0
1,tuolumne,softmax_bias,all,l1_to_l2_read_requests,focus,Q:workgroup_step.stream.load.64B,workgroup_step.stream.load,64,diagnostic,2,1.0
1,tuolumne,softmax_bias,all,l1_to_l2_read_requests,focus,excess:workgroup_step.stream.load.64B,,,diagnostic,2,1.0
1,tuolumne,softmax_bias,all,l1_to_l2_read_requests,focus,Q:workgroup_step.stream.load.128B,workgroup_step.stream.load,128,diagnostic,2,1.0
1,tuolumne,softmax_bias,all,l1_to_l2_read_requests,focus,excess:workgroup_step.stream.load.128B,,,diagnostic,2,1.0
1,tuolumne,softmax_bias,all,l1_to_l2_read_requests,focus,Q:workgroup_step.stream.load.256B,workgroup_step.stream.load,256,diagnostic,2,1.0
1,tuolumne,softmax_bias,all,l1_to_l2_read_requests,focus,excess:workgroup_step.stream.load.256B,,,diagnostic,2,1.0
1,tuolumne,softmax_bias,all,l1_to_l2_read_requests,focus,Q:workgroup_step.array.load.32B,workgroup_step.array.load,32,diagnostic,2,1.0
1,tuolumne,softmax_bias,all,l1_to_l2_read_requests,focus,excess:workgroup_step.array.load.32B,,,diagnostic,2,1.0
1,tuolumne,softmax_bias,all,l1_to_l2_read_requests,focus,Q:workgroup_step.array.load.64B,workgroup_step.array.load,64,diagnostic,2,1.0
1,tuolumne,softmax_bias,all,l1_to_l2_read_requests,focus,excess:workgroup_step.array.load.64B,,,diagnostic,2,1.0
1,tuolumne,softmax_bias,all,l1_to_l2_read_requests,focus,Q:workgroup_step.array.load.128B,workgroup_step.array.load,128,diagnostic,2,1.0
1,tuolumne,softmax_bias,all,l1_to_l2_read_requests,focus,excess:workgroup_step.array.load.128B,,,diagnostic,2,1.0
1,tuolumne,softmax_bias,all,l1_to_l2_read_requests,focus,Q:workgroup_step.array.load.256B,workgroup_step.array.load,256,diagnostic,2,1.0
1,tuolumne,softmax_bias,all,l1_to_l2_read_requests,focus,excess:workgroup_step.array.load.256B,,,diagnostic,2,1.0
1,tuolumne,softmax_bias,all,l1_to_l2_read_requests,focus,Q:phase.lane.stream.load.32B,phase.lane.stream.load,32,diagnostic,2,
1,tuolumne,softmax_bias,all,l1_to_l2_read_requests,focus,excess:phase.lane.stream.load.32B,,,diagnostic,2,
1,tuolumne,softmax_bias,all,l1_to_l2_read_requests,focus,Q:phase.lane.stream.load.64B,phase.lane.stream.load,64,diagnostic,2,
1,tuolumne,softmax_bias,all,l1_to_l2_read_requests,focus,excess:phase.lane.stream.load.64B,,,diagnostic,2,
1,tuolumne,softmax_bias,all,l1_to_l2_read_requests,focus,Q:phase.lane.stream.load.128B,phase.lane.stream.load,128,diagnostic,2,
1,tuolumne,softmax_bias,all,l1_to_l2_read_requests,focus,excess:phase.lane.stream.load.128B,,,diagnostic,2,
1,tuolumne,softmax_bias,all,l1_to_l2_read_requests,focus,Q:phase.lane.stream.load.256B,phase.lane.stream.load,256,diagnostic,2,
1,tuolumne,softmax_bias,all,l1_to_l2_read_requests,focus,excess:phase.lane.stream.load.256B,,,diagnostic,2,
1,tuolumne,softmax_bias,all,l1_to_l2_read_requests,focus,Q:phase.lane.array.load.32B,phase.lane.array.load,32,diagnostic,2,
1,tuolumne,softmax_bias,all,l1_to_l2_read_requests,focus,excess:phase.lane.array.load.32B,,,diagnostic,2,
1,tuolumne,softmax_bias,all,l1_to_l2_read_requests,focus,Q:phase.lane.array.load.64B,phase.lane.array.load,64,diagnostic,2,
1,tuolumne,softmax_bias,all,l1_to_l2_read_requests,focus,excess:phase.lane.array.load.64B,,,diagnostic,2,
1,tuolumne,softmax_bias,all,l1_to_l2_read_requests,focus,Q:phase.lane.array.load.128B,phase.lane.array.load,128,diagnostic,2,
1,tuolumne,softmax_bias,all,l1_to_l2_read_requests,focus,excess:phase.lane.array.load.128B,,,diagnostic,2,
1,tuolumne,softmax_bias,all,l1_to_l2_read_requests,focus,Q:phase.lane.array.load.256B,phase.lane.array.load,256,diagnostic,2,
1,tuolumne,softmax_bias,all,l1_to_l2_read_requests,focus,excess:phase.lane.array.load.256B,,,diagnostic,2,
1,tuolumne,softmax_bias,all,l1_to_l2_read_requests,focus,Q:phase.simd.stream.load.32B,phase.simd.stream.load,32,diagnostic,2,1.0
1,tuolumne,softmax_bias,all,l1_to_l2_read_requests,focus,excess:phase.simd.stream.load.32B,,,diagnostic,2,1.0
1,tuolumne,softmax_bias,all,l1_to_l2_read_requests,focus,Q:phase.simd.stream.load.64B,phase.simd.stream.load,64,diagnostic,2,1.0
1,tuolumne,softmax_bias,all,l1_to_l2_read_requests,focus,excess:phase.simd.stream.load.64B,,,diagnostic,2,1.0
1,tuolumne,softmax_bias,all,l1_to_l2_read_requests,focus,Q:phase.simd.stream.load.128B,phase.simd.stream.load,128,diagnostic,2,1.0
1,tuolumne,softmax_bias,all,l1_to_l2_read_requests,focus,excess:phase.simd.stream.load.128B,,,diagnostic,2,1.0
1,tuolumne,softmax_bias,all,l1_to_l2_read_requests,focus,Q:phase.simd.stream.load.256B,phase.simd.stream.load,256,diagnostic,2,1.0
1,tuolumne,softmax_bias,all,l1_to_l2_read_requests,focus,excess:phase.simd.stream.load.256B,,,diagnostic,2,1.0
1,tuolumne,softmax_bias,all,l1_to_l2_read_requests,focus,Q:phase.simd.array.load.32B,phase.simd.array.load,32,diagnostic,2,1.0
1,tuolumne,softmax_bias,all,l1_to_l2_read_requests,focus,excess:phase.simd.array.load.32B,,,diagnostic,2,1.0
1,tuolumne,softmax_bias,all,l1_to_l2_read_requests,focus,Q:phase.simd.array.load.64B,phase.simd.array.load,64,diagnostic,2,1.0
1,tuolumne,softmax_bias,all,l1_to_l2_read_requests,focus,excess:phase.simd.array.load.64B,,,diagnostic,2,1.0
1,tuolumne,softmax_bias,all,l1_to_l2_read_requests,focus,Q:phase.simd.array.load.128B,phase.simd.array.load,128,diagnostic,2,1.0
1,tuolumne,softmax_bias,all,l1_to_l2_read_requests,focus,excess:phase.simd.array.load.128B,,,diagnostic,2,1.0
1,tuolumne,softmax_bias,all,l1_to_l2_read_requests,focus,Q:phase.simd.array.load.256B,phase.simd.array.load,256,diagnostic,2,1.0
1,tuolumne,softmax_bias,all,l1_to_l2_read_requests,focus,excess:phase.simd.array.load.256B,,,diagnostic,2,1.0
1,tuolumne,softmax_bias,all,l1_to_l2_read_requests,focus,Q:phase.workgroup.stream.load.32B,phase.workgroup.stream.load,32,diagnostic,2,1.0
1,tuolumne,softmax_bias,all,l1_to_l2_read_requests,focus,excess:phase.workgroup.stream.load.32B,,,diagnostic,2,1.0
1,tuolumne,softmax_bias,all,l1_to_l2_read_requests,focus,Q:phase.workgroup.stream.load.64B,phase.workgroup.stream.load,64,diagnostic,2,1.0
1,tuolumne,softmax_bias,all,l1_to_l2_read_requests,focus,excess:phase.workgroup.stream.load.64B,,,diagnostic,2,1.0
1,tuolumne,softmax_bias,all,l1_to_l2_read_requests,focus,Q:phase.workgroup.stream.load.128B,phase.workgroup.stream.load,128,diagnostic,2,1.0
1,tuolumne,softmax_bias,all,l1_to_l2_read_requests,focus,excess:phase.workgroup.stream.load.128B,,,diagnostic,2,1.0
1,tuolumne,softmax_bias,all,l1_to_l2_read_requests,focus,Q:phase.workgroup.stream.load.256B,phase.workgroup.stream.load,256,diagnostic,2,1.0
1,tuolumne,softmax_bias,all,l1_to_l2_read_requests,focus,excess:phase.workgroup.stream.load.256B,,,diagnostic,2,1.0
1,tuolumne,softmax_bias,all,l1_to_l2_read_requests,focus,Q:phase.workgroup.array.load.32B,phase.workgroup.array.load,32,diagnostic,2,1.0
1,tuolumne,softmax_bias,all,l1_to_l2_read_requests,focus,excess:phase.workgroup.array.load.32B,,,diagnostic,2,1.0
1,tuolumne,softmax_bias,all,l1_to_l2_read_requests,focus,Q:phase.workgroup.array.load.64B,phase.workgroup.array.load,64,diagnostic,2,1.0
1,tuolumne,softmax_bias,all,l1_to_l2_read_requests,focus,excess:phase.workgroup.array.load.64B,,,diagnostic,2,1.0
1,tuolumne,softmax_bias,all,l1_to_l2_read_requests,focus,Q:phase.workgroup.array.load.128B,phase.workgroup.array.load,128,diagnostic,2,1.0
1,tuolumne,softmax_bias,all,l1_to_l2_read_requests,focus,excess:phase.workgroup.array.load.128B,,,diagnostic,2,1.0
1,tuolumne,softmax_bias,all,l1_to_l2_read_requests,focus,Q:phase.workgroup.array.load.256B,phase.workgroup.array.load,256,diagnostic,2,1.0
1,tuolumne,softmax_bias,all,l1_to_l2_read_requests,focus,excess:phase.workgroup.array.load.256B,,,diagnostic,2,1.0
1,tuolumne,softmax_bias,all,l1_to_l2_total_requests,diagnostic,J_area,,,aggregate,2,1.0
1,tuolumne,softmax_bias,all,l1_to_l2_total_requests,diagnostic,peak_normalized_excess,,,diagnostic,2,1.0
1,tuolumne,softmax_bias,all,l1_to_l2_total_requests,diagnostic,Q:issue.g8.stream.load.32B,issue.g8.stream.load,32,diagnostic,2,1.0
1,tuolumne,softmax_bias,all,l1_to_l2_total_requests,diagnostic,excess:issue.g8.stream.load.32B,,,diagnostic,2,1.0
1,tuolumne,softmax_bias,all,l1_to_l2_total_requests,diagnostic,Q:issue.g8.stream.load.64B,issue.g8.stream.load,64,diagnostic,2,1.0
1,tuolumne,softmax_bias,all,l1_to_l2_total_requests,diagnostic,excess:issue.g8.stream.load.64B,,,diagnostic,2,1.0
1,tuolumne,softmax_bias,all,l1_to_l2_total_requests,diagnostic,Q:issue.g8.stream.load.128B,issue.g8.stream.load,128,diagnostic,2,1.0
1,tuolumne,softmax_bias,all,l1_to_l2_total_requests,diagnostic,excess:issue.g8.stream.load.128B,,,diagnostic,2,1.0
1,tuolumne,softmax_bias,all,l1_to_l2_total_requests,diagnostic,Q:issue.g8.stream.load.256B,issue.g8.stream.load,256,diagnostic,2,1.0
1,tuolumne,softmax_bias,all,l1_to_l2_total_requests,diagnostic,excess:issue.g8.stream.load.256B,,,diagnostic,2,1.0
1,tuolumne,softmax_bias,all,l1_to_l2_total_requests,diagnostic,Q:issue.g16.stream.load.32B,issue.g16.stream.load,32,diagnostic,2,1.0
1,tuolumne,softmax_bias,all,l1_to_l2_total_requests,diagnostic,excess:issue.g16.stream.load.32B,,,diagnostic,2,1.0
1,tuolumne,softmax_bias,all,l1_to_l2_total_requests,diagnostic,Q:issue.g16.stream.load.64B,issue.g16.stream.load,64,diagnostic,2,1.0
1,tuolumne,softmax_bias,all,l1_to_l2_total_requests,diagnostic,excess:issue.g16.stream.load.64B,,,diagnostic,2,1.0
1,tuolumne,softmax_bias,all,l1_to_l2_total_requests,diagnostic,Q:issue.g16.stream.load.128B,issue.g16.stream.load,128,diagnostic,2,1.0
1,tuolumne,softmax_bias,all,l1_to_l2_total_requests,diagnostic,excess:issue.g16.stream.load.128B,,,diagnostic,2,1.0
1,tuolumne,softmax_bias,all,l1_to_l2_total_requests,diagnostic,Q:issue.g16.stream.load.256B,issue.g16.stream.load,256,diagnostic,2,1.0
1,tuolumne,softmax_bias,all,l1_to_l2_total_requests,diagnostic,excess:issue.g16.stream.load.256B,,,diagnostic,2,1.0
1,tuolumne,softmax_bias,all,l1_to_l2_total_requests,diagnostic,Q:issue.g32.stream.load.32B,issue.g32.stream.load,32,diagnostic,2,1.0
1,tuolumne,softmax_bias,all,l1_to_l2_total_requests,diagnostic,excess:issue.g32.stream.load.32B,,,diagnostic,2,1.0
1,tuolumne,softmax_bias,all,l1_to_l2_total_requests,diagnostic,Q:issue.g32.stream.load.64B,issue.g32.stream.load,64,diagnostic,2,1.0
1,tuolumne,softmax_bias,all,l1_to_l2_total_requests,diagnostic,excess:issue.g32.stream.load.64B,,,diagnostic,2,1.0
1,tuolumne,softmax_bias,all,l1_to_l2_total_requests,diagnostic,Q:issue.g32.stream.load.128B,issue.g32.stream.load,128,diagnostic,2,1.0
1,tuolumne,softmax_bias,all,l1_to_l2_total_requests,diagnostic,excess:issue.g32.stream.load.128B,,,diagnostic,2,1.0
1,tuolumne,softmax_bias,all,l1_to_l2_total_requests,diagnostic,Q:issue.g32.stream.load.256B,issue.g32.stream.load,256,diagnostic,2,1.0
1,tuolumne,softmax_bias,all,l1_to_l2_total_requests,diagnostic,excess:issue.g32.stream.load.256B,,,diagnostic,2,1.0
1,tuolumne,softmax_bias,all,l1_to_l2_total_requests,diagnostic,Q:issue.g64.stream.load.32B,issue.g64.stream.load,32,diagnostic,2,1.0
1,tuolumne,softmax_bias,all,l1_to_l2_total_requests,diagnostic,excess:issue.g64.stream.load.32B,,,diagnostic,2,1.0
1,tuolumne,softmax_bias,all,l1_to_l2_total_requests,diagnostic,Q:issue.g64.stream.load.64B,issue.g64.stream.load,64,diagnostic,2,1.0
1,tuolumne,softmax_bias,all,l1_to_l2_total_requests,diagnostic,excess:issue.g64.stream.load.64B,,,diagnostic,2,1.0
1,tuolumne,softmax_bias,all,l1_to_l2_total_requests,diagnostic,Q:issue.g64.stream.load.128B,issue.g64.stream.load,128,diagnostic,2,1.0
1,tuolumne,softmax_bias,all,l1_to_l2_total_requests,diagnostic,excess:issue.g64.stream.load.128B,,,diagnostic,2,1.0
1,tuolumne,softmax_bias,all,l1_to_l2_total_requests,diagnostic,Q:issue.g64.stream.load.256B,issue.g64.stream.load,256,diagnostic,2,1.0
1,tuolumne,softmax_bias,all,l1_to_l2_total_requests,diagnostic,excess:issue.g64.stream.load.256B,,,diagnostic,2,1.0
1,tuolumne,softmax_bias,all,l1_to_l2_total_requests,diagnostic,Q:lane_window.t4.stream.load.32B,lane_window.t4.stream.load,32,diagnostic,2,
1,tuolumne,softmax_bias,all,l1_to_l2_total_requests,diagnostic,excess:lane_window.t4.stream.load.32B,,,diagnostic,2,
1,tuolumne,softmax_bias,all,l1_to_l2_total_requests,diagnostic,Q:lane_window.t4.stream.load.64B,lane_window.t4.stream.load,64,diagnostic,2,
1,tuolumne,softmax_bias,all,l1_to_l2_total_requests,diagnostic,excess:lane_window.t4.stream.load.64B,,,diagnostic,2,
1,tuolumne,softmax_bias,all,l1_to_l2_total_requests,diagnostic,Q:lane_window.t4.stream.load.128B,lane_window.t4.stream.load,128,diagnostic,2,
1,tuolumne,softmax_bias,all,l1_to_l2_total_requests,diagnostic,excess:lane_window.t4.stream.load.128B,,,diagnostic,2,
1,tuolumne,softmax_bias,all,l1_to_l2_total_requests,diagnostic,Q:lane_window.t4.stream.load.256B,lane_window.t4.stream.load,256,diagnostic,2,
1,tuolumne,softmax_bias,all,l1_to_l2_total_requests,diagnostic,excess:lane_window.t4.stream.load.256B,,,diagnostic,2,
1,tuolumne,softmax_bias,all,l1_to_l2_total_requests,diagnostic,Q:lane_window.t4.array.load.32B,lane_window.t4.array.load,32,diagnostic,2,
1,tuolumne,softmax_bias,all,l1_to_l2_total_requests,diagnostic,excess:lane_window.t4.array.load.32B,,,diagnostic,2,
1,tuolumne,softmax_bias,all,l1_to_l2_total_requests,diagnostic,Q:lane_window.t4.array.load.64B,lane_window.t4.array.load,64,diagnostic,2,
1,tuolumne,softmax_bias,all,l1_to_l2_total_requests,diagnostic,excess:lane_window.t4.array.load.64B,,,diagnostic,2,
1,tuolumne,softmax_bias,all,l1_to_l2_total_requests,diagnostic,Q:lane_window.t4.array.load.128B,lane_window.t4.array.load,128,diagnostic,2,
1,tuolumne,softmax_bias,all,l1_to_l2_total_requests,diagnostic,excess:lane_window.t4.array.load.128B,,,diagnostic,2,
1,tuolumne,softmax_bias,all,l1_to_l2_total_requests,diagnostic,Q:lane_window.t4.array.load.256B,lane_window.t4.array.load,256,diagnostic,2,
1,tuolumne,softmax_bias,all,l1_to_l2_total_requests,diagnostic,excess:lane_window.t4.array.load.256B,,,diagnostic,2,
1,tuolumne,softmax_bias,all,l1_to_l2_total_requests,diagnostic,Q:lane_window.t16.stream.load.32B,lane_window.t16.stream.load,32,diagnostic,2,
1,tuolumne,softmax_bias,all,l1_to_l2_total_requests,diagnostic,excess:lane_window.t16.stream.load.32B,,,diagnostic,2,
1,tuolumne,softmax_bias,all,l1_to_l2_total_requests,diagnostic,Q:lane_window.t16.stream.load.64B,lane_window.t16.stream.load,64,diagnostic,2,
1,tuolumne,softmax_bias,all,l1_to_l2_total_requests,diagnostic,excess:lane_window.t16.stream.load.64B,,,diagnostic,2,
1,tuolumne,softmax_bias,all,l1_to_l2_total_requests,diagnostic,Q:lane_window.t16.stream.load.128B,lane_window.t16.stream.load,128,diagnostic,2,
1,tuolumne,softmax_bias,all,l1_to_l2_total_requests,diagnostic,excess:lane_window.t16.stream.load.128B,,,diagnostic,2,
1,tuolumne,softmax_bias,all,l1_to_l2_total_requests,diagnostic,Q:lane_window.t16.stream.load.256B,lane_window.t16.stream.load,256,diagnostic,2,
1,tuolumne,softmax_bias,all,l1_to_l2_total_requests,diagnostic,excess:lane_window.t16.stream.load.256B,,,diagnostic,2,
1,tuolumne,softmax_bias,all,l1_to_l2_total_requests,diagnostic,Q:lane_window.t16.array.load.32B,lane_window.t16.array.load,32,diagnostic,2,
1,tuolumne,softmax_bias,all,l1_to_l2_total_requests,diagnostic,excess:lane_window.t16.array.load.32B,,,diagnostic,2,
1,tuolumne,softmax_bias,all,l1_to_l2_total_requests,diagnostic,Q:lane_window.t16.array.load.64B,lane_window.t16.array.load,64,diagnostic,2,
1,tuolumne,softmax_bias,all,l1_to_l2_total_requests,diagnostic,excess:lane_window.t16.array.load.64B,,,diagnostic,2,
1,tuolumne,softmax_bias,all,l1_to_l2_total_requests,diagnostic,Q:lane_window.t16.array.load.128B,lane_window.t16.array.load,128,diagnostic,2,
1,tuolumne,softmax_bias,all,l1_to_l2_total_requests,diagnostic,excess:lane_window.t16.array.load.128B,,,diagnostic,2,
1,tuolumne,softmax_bias,all,l1_to_l2_total_requests,diagnostic,Q:lane_window.t16.array.load.256B,lane_window.t16.array.load,256,diagnostic,2,
1,tuolumne,softmax_bias,all,l1_to_l2_total_requests,diagnostic,excess:lane_window.t16.array.load.256B,,,diagnostic,2,
1,tuolumne,softmax_bias,all,l1_to_l2_total_requests,diagnostic,Q:simd_window.t4.stream.load.32B,simd_window.t4.stream.load,32,diagnostic,2,1.0
1,tuolumne,softmax_bias,all,l1_to_l2_total_requests,diagnostic,excess:simd_window.t4.stream.load.32B,,,diagnostic,2,1.0
1,tuolumne,softmax_bias,all,l1_to_l2_total_requests,diagnostic,Q:simd_window.t4.stream.load.64B,simd_window.t4.stream.load,64,diagnostic,2,1.0
1,tuolumne,softmax_bias,all,l1_to_l2_total_requests,diagnostic,excess:simd_window.t4.stream.load.64B,,,diagnostic,2,1.0
1,tuolumne,softmax_bias,all,l1_to_l2_total_requests,diagnostic,Q:simd_window.t4.stream.load.128B,simd_window.t4.stream.load,128,diagnostic,2,1.0
1,tuolumne,softmax_bias,all,l1_to_l2_total_requests,diagnostic,excess:simd_window.t4.stream.load.128B,,,diagnostic,2,1.0
1,tuolumne,softmax_bias,all,l1_to_l2_total_requests,diagnostic,Q:simd_window.t4.stream.load.256B,simd_window.t4.stream.load,256,diagnostic,2,1.0
1,tuolumne,softmax_bias,all,l1_to_l2_total_requests,diagnostic,excess:simd_window.t4.stream.load.256B,,,diagnostic,2,1.0
1,tuolumne,softmax_bias,all,l1_to_l2_total_requests,diagnostic,Q:simd_window.t4.array.load.32B,simd_window.t4.array.load,32,counter_scope_bytescale,2,1.0
1,tuolumne,softmax_bias,all,l1_to_l2_total_requests,diagnostic,excess:simd_window.t4.array.load.32B,,,diagnostic,2,1.0
1,tuolumne,softmax_bias,all,l1_to_l2_total_requests,diagnostic,Q:simd_window.t4.array.load.64B,simd_window.t4.array.load,64,counter_scope_bytescale,2,1.0
1,tuolumne,softmax_bias,all,l1_to_l2_total_requests,diagnostic,excess:simd_window.t4.array.load.64B,,,diagnostic,2,1.0
1,tuolumne,softmax_bias,all,l1_to_l2_total_requests,diagnostic,Q:simd_window.t4.array.load.128B,simd_window.t4.array.load,128,counter_component,2,1.0
1,tuolumne,softmax_bias,all,l1_to_l2_total_requests,diagnostic,excess:simd_window.t4.array.load.128B,,,diagnostic,2,1.0
1,tuolumne,softmax_bias,all,l1_to_l2_total_requests,diagnostic,Q:simd_window.t4.array.load.256B,simd_window.t4.array.load,256,counter_scope_bytescale,2,1.0
1,tuolumne,softmax_bias,all,l1_to_l2_total_requests,diagnostic,excess:simd_window.t4.array.load.256B,,,diagnostic,2,1.0
1,tuolumne,softmax_bias,all,l1_to_l2_total_requests,diagnostic,Q:simd_window.t16.stream.load.32B,simd_window.t16.stream.load,32,diagnostic,2,1.0
1,tuolumne,softmax_bias,all,l1_to_l2_total_requests,diagnostic,excess:simd_window.t16.stream.load.32B,,,diagnostic,2,1.0
1,tuolumne,softmax_bias,all,l1_to_l2_total_requests,diagnostic,Q:simd_window.t16.stream.load.64B,simd_window.t16.stream.load,64,diagnostic,2,1.0
1,tuolumne,softmax_bias,all,l1_to_l2_total_requests,diagnostic,excess:simd_window.t16.stream.load.64B,,,diagnostic,2,1.0
1,tuolumne,softmax_bias,all,l1_to_l2_total_requests,diagnostic,Q:simd_window.t16.stream.load.128B,simd_window.t16.stream.load,128,diagnostic,2,1.0
1,tuolumne,softmax_bias,all,l1_to_l2_total_requests,diagnostic,excess:simd_window.t16.stream.load.128B,,,diagnostic,2,1.0
1,tuolumne,softmax_bias,all,l1_to_l2_total_requests,diagnostic,Q:simd_window.t16.stream.load.256B,simd_window.t16.stream.load,256,diagnostic,2,1.0
1,tuolumne,softmax_bias,all,l1_to_l2_total_requests,diagnostic,excess:simd_window.t16.stream.load.256B,,,diagnostic,2,1.0
1,tuolumne,softmax_bias,all,l1_to_l2_total_requests,diagnostic,Q:simd_window.t16.array.load.32B,simd_window.t16.array.load,32,diagnostic,2,1.0
1,tuolumne,softmax_bias,all,l1_to_l2_total_requests,diagnostic,excess:simd_window.t16.array.load.32B,,,diagnostic,2,1.0
1,tuolumne,softmax_bias,all,l1_to_l2_total_requests,diagnostic,Q:simd_window.t16.array.load.64B,simd_window.t16.array.load,64,diagnostic,2,1.0
1,tuolumne,softmax_bias,all,l1_to_l2_total_requests,diagnostic,excess:simd_window.t16.array.load.64B,,,diagnostic,2,1.0
1,tuolumne,softmax_bias,all,l1_to_l2_total_requests,diagnostic,Q:simd_window.t16.array.load.128B,simd_window.t16.array.load,128,diagnostic,2,1.0
1,tuolumne,softmax_bias,all,l1_to_l2_total_requests,diagnostic,excess:simd_window.t16.array.load.128B,,,diagnostic,2,1.0
1,tuolumne,softmax_bias,all,l1_to_l2_total_requests,diagnostic,Q:simd_window.t16.array.load.256B,simd_window.t16.array.load,256,diagnostic,2,1.0
1,tuolumne,softmax_bias,all,l1_to_l2_total_requests,diagnostic,excess:simd_window.t16.array.load.256B,,,diagnostic,2,1.0
1,tuolumne,softmax_bias,all,l1_to_l2_total_requests,diagnostic,Q:workgroup_window.t4.stream.load.32B,workgroup_window.t4.stream.load,32,diagnostic,2,1.0
1,tuolumne,softmax_bias,all,l1_to_l2_total_requests,diagnostic,excess:workgroup_window.t4.stream.load.32B,,,diagnostic,2,1.0
1,tuolumne,softmax_bias,all,l1_to_l2_total_requests,diagnostic,Q:workgroup_window.t4.stream.load.64B,workgroup_window.t4.stream.load,64,diagnostic,2,1.0
1,tuolumne,softmax_bias,all,l1_to_l2_total_requests,diagnostic,excess:workgroup_window.t4.stream.load.64B,,,diagnostic,2,1.0
1,tuolumne,softmax_bias,all,l1_to_l2_total_requests,diagnostic,Q:workgroup_window.t4.stream.load.128B,workgroup_window.t4.stream.load,128,diagnostic,2,1.0
1,tuolumne,softmax_bias,all,l1_to_l2_total_requests,diagnostic,excess:workgroup_window.t4.stream.load.128B,,,diagnostic,2,1.0
1,tuolumne,softmax_bias,all,l1_to_l2_total_requests,diagnostic,Q:workgroup_window.t4.stream.load.256B,workgroup_window.t4.stream.load,256,diagnostic,2,1.0
1,tuolumne,softmax_bias,all,l1_to_l2_total_requests,diagnostic,excess:workgroup_window.t4.stream.load.256B,,,diagnostic,2,1.0
1,tuolumne,softmax_bias,all,l1_to_l2_total_requests,diagnostic,Q:workgroup_window.t4.array.load.32B,workgroup_window.t4.array.load,32,diagnostic,2,1.0
1,tuolumne,softmax_bias,all,l1_to_l2_total_requests,diagnostic,excess:workgroup_window.t4.array.load.32B,,,diagnostic,2,1.0
1,tuolumne,softmax_bias,all,l1_to_l2_total_requests,diagnostic,Q:workgroup_window.t4.array.load.64B,workgroup_window.t4.array.load,64,diagnostic,2,1.0
1,tuolumne,softmax_bias,all,l1_to_l2_total_requests,diagnostic,excess:workgroup_window.t4.array.load.64B,,,diagnostic,2,1.0
1,tuolumne,softmax_bias,all,l1_to_l2_total_requests,diagnostic,Q:workgroup_window.t4.array.load.128B,workgroup_window.t4.array.load,128,diagnostic,2,1.0
1,tuolumne,softmax_bias,all,l1_to_l2_total_requests,diagnostic,excess:workgroup_window.t4.array.load.128B,,,diagnostic,2,1.0
1,tuolumne,softmax_bias,all,l1_to_l2_total_requests,diagnostic,Q:workgroup_window.t4.array.load.256B,workgroup_window.t4.array.load,256,diagnostic,2,1.0
1,tuolumne,softmax_bias,all,l1_to_l2_total_requests,diagnostic,excess:workgroup_window.t4.array.load.256B,,,diagnostic,2,1.0
1,tuolumne,softmax_bias,all,l1_to_l2_total_requests,diagnostic,Q:workgroup_window.t16.stream.load.32B,workgroup_window.t16.stream.load,32,diagnostic,2,1.0
1,tuolumne,softmax_bias,all,l1_to_l2_total_requests,diagnostic,excess:workgroup_window.t16.stream.load.32B,,,diagnostic,2,1.0
1,tuolumne,softmax_bias,all,l1_to_l2_total_requests,diagnostic,Q:workgroup_window.t16.stream.load.64B,workgroup_window.t16.stream.load,64,diagnostic,2,1.0
1,tuolumne,softmax_bias,all,l1_to_l2_total_requests,diagnostic,excess:workgroup_window.t16.stream.load.64B,,,diagnostic,2,1.0
1,tuolumne,softmax_bias,all,l1_to_l2_total_requests,diagnostic,Q:workgroup_window.t16.stream.load.128B,workgroup_window.t16.stream.load,128,diagnostic,2,1.0
1,tuolumne,softmax_bias,all,l1_to_l2_total_requests,diagnostic,excess:workgroup_window.t16.stream.load.128B,,,diagnostic,2,1.0
1,tuolumne,softmax_bias,all,l1_to_l2_total_requests,diagnostic,Q:workgroup_window.t16.stream.load.256B,workgroup_window.t16.stream.load,256,diagnostic,2,1.0
1,tuolumne,softmax_bias,all,l1_to_l2_total_requests,diagnostic,excess:workgroup_window.t16.stream.load.256B,,,diagnostic,2,1.0
1,tuolumne,softmax_bias,all,l1_to_l2_total_requests,diagnostic,Q:workgroup_window.t16.array.load.32B,workgroup_window.t16.array.load,32,diagnostic,2,1.0
1,tuolumne,softmax_bias,all,l1_to_l2_total_requests,diagnostic,excess:workgroup_window.t16.array.load.32B,,,diagnostic,2,1.0
1,tuolumne,softmax_bias,all,l1_to_l2_total_requests,diagnostic,Q:workgroup_window.t16.array.load.64B,workgroup_window.t16.array.load,64,diagnostic,2,1.0
1,tuolumne,softmax_bias,all,l1_to_l2_total_requests,diagnostic,excess:workgroup_window.t16.array.load.64B,,,diagnostic,2,1.0
1,tuolumne,softmax_bias,all,l1_to_l2_total_requests,diagnostic,Q:workgroup_window.t16.array.load.128B,workgroup_window.t16.array.load,128,diagnostic,2,1.0
1,tuolumne,softmax_bias,all,l1_to_l2_total_requests,diagnostic,excess:workgroup_window.t16.array.load.128B,,,diagnostic,2,1.0
1,tuolumne,softmax_bias,all,l1_to_l2_total_requests,diagnostic,Q:workgroup_window.t16.array.load.256B,workgroup_window.t16.array.load,256,diagnostic,2,1.0
1,tuolumne,softmax_bias,all,l1_to_l2_total_requests,diagnostic,excess:workgroup_window.t16.array.load.256B,,,diagnostic,2,1.0
1,tuolumne,softmax_bias,all,l1_to_l2_total_requests,diagnostic,Q:workgroup_step.stream.load.32B,workgroup_step.stream.load,32,diagnostic,2,1.0
1,tuolumne,softmax_bias,all,l1_to_l2_total_requests,diagnostic,excess:workgroup_step.stream.load.32B,,,diagnostic,2,1.0
1,tuolumne,softmax_bias,all,l1_to_l2_total_requests,diagnostic,Q:workgroup_step.stream.load.64B,workgroup_step.stream.load,64,diagnostic,2,1.0
1,tuolumne,softmax_bias,all,l1_to_l2_total_requests,diagnostic,excess:workgroup_step.stream.load.64B,,,diagnostic,2,1.0
1,tuolumne,softmax_bias,all,l1_to_l2_total_requests,diagnostic,Q:workgroup_step.stream.load.128B,workgroup_step.stream.load,128,diagnostic,2,1.0
1,tuolumne,softmax_bias,all,l1_to_l2_total_requests,diagnostic,excess:workgroup_step.stream.load.128B,,,diagnostic,2,1.0
1,tuolumne,softmax_bias,all,l1_to_l2_total_requests,diagnostic,Q:workgroup_step.stream.load.256B,workgroup_step.stream.load,256,diagnostic,2,1.0
1,tuolumne,softmax_bias,all,l1_to_l2_total_requests,diagnostic,excess:workgroup_step.stream.load.256B,,,diagnostic,2,1.0
1,tuolumne,softmax_bias,all,l1_to_l2_total_requests,diagnostic,Q:workgroup_step.array.load.32B,workgroup_step.array.load,32,diagnostic,2,1.0
1,tuolumne,softmax_bias,all,l1_to_l2_total_requests,diagnostic,excess:workgroup_step.array.load.32B,,,diagnostic,2,1.0
1,tuolumne,softmax_bias,all,l1_to_l2_total_requests,diagnostic,Q:workgroup_step.array.load.64B,workgroup_step.array.load,64,diagnostic,2,1.0
1,tuolumne,softmax_bias,all,l1_to_l2_total_requests,diagnostic,excess:workgroup_step.array.load.64B,,,diagnostic,2,1.0
1,tuolumne,softmax_bias,all,l1_to_l2_total_requests,diagnostic,Q:workgroup_step.array.load.128B,workgroup_step.array.load,128,diagnostic,2,1.0
1,tuolumne,softmax_bias,all,l1_to_l2_total_requests,diagnostic,excess:workgroup_step.array.load.128B,,,diagnostic,2,1.0
1,tuolumne,softmax_bias,all,l1_to_l2_total_requests,diagnostic,Q:workgroup_step.array.load.256B,workgroup_step.array.load,256,diagnostic,2,1.0
1,tuolumne,softmax_bias,all,l1_to_l2_total_requests,diagnostic,excess:workgroup_step.array.load.256B,,,diagnostic,2,1.0
1,tuolumne,softmax_bias,all,l1_to_l2_total_requests,diagnostic,Q:phase.lane.stream.load.32B,phase.lane.stream.load,32,diagnostic,2,
1,tuolumne,softmax_bias,all,l1_to_l2_total_requests,diagnostic,excess:phase.lane.stream.load.32B,,,diagnostic,2,
1,tuolumne,softmax_bias,all,l1_to_l2_total_requests,diagnostic,Q:phase.lane.stream.load.64B,phase.lane.stream.load,64,diagnostic,2,
1,tuolumne,softmax_bias,all,l1_to_l2_total_requests,diagnostic,excess:phase.lane.stream.load.64B,,,diagnostic,2,
1,tuolumne,softmax_bias,all,l1_to_l2_total_requests,diagnostic,Q:phase.lane.stream.load.128B,phase.lane.stream.load,128,diagnostic,2,
1,tuolumne,softmax_bias,all,l1_to_l2_total_requests,diagnostic,excess:phase.lane.stream.load.128B,,,diagnostic,2,
1,tuolumne,softmax_bias,all,l1_to_l2_total_requests,diagnostic,Q:phase.lane.stream.load.256B,phase.lane.stream.load,256,diagnostic,2,
1,tuolumne,softmax_bias,all,l1_to_l2_total_requests,diagnostic,excess:phase.lane.stream.load.256B,,,diagnostic,2,
1,tuolumne,softmax_bias,all,l1_to_l2_total_requests,diagnostic,Q:phase.lane.array.load.32B,phase.lane.array.load,32,diagnostic,2,
1,tuolumne,softmax_bias,all,l1_to_l2_total_requests,diagnostic,excess:phase.lane.array.load.32B,,,diagnostic,2,
1,tuolumne,softmax_bias,all,l1_to_l2_total_requests,diagnostic,Q:phase.lane.array.load.64B,phase.lane.array.load,64,diagnostic,2,
1,tuolumne,softmax_bias,all,l1_to_l2_total_requests,diagnostic,excess:phase.lane.array.load.64B,,,diagnostic,2,
1,tuolumne,softmax_bias,all,l1_to_l2_total_requests,diagnostic,Q:phase.lane.array.load.128B,phase.lane.array.load,128,diagnostic,2,
1,tuolumne,softmax_bias,all,l1_to_l2_total_requests,diagnostic,excess:phase.lane.array.load.128B,,,diagnostic,2,
1,tuolumne,softmax_bias,all,l1_to_l2_total_requests,diagnostic,Q:phase.lane.array.load.256B,phase.lane.array.load,256,diagnostic,2,
1,tuolumne,softmax_bias,all,l1_to_l2_total_requests,diagnostic,excess:phase.lane.array.load.256B,,,diagnostic,2,
1,tuolumne,softmax_bias,all,l1_to_l2_total_requests,diagnostic,Q:phase.simd.stream.load.32B,phase.simd.stream.load,32,diagnostic,2,1.0
1,tuolumne,softmax_bias,all,l1_to_l2_total_requests,diagnostic,excess:phase.simd.stream.load.32B,,,diagnostic,2,1.0
1,tuolumne,softmax_bias,all,l1_to_l2_total_requests,diagnostic,Q:phase.simd.stream.load.64B,phase.simd.stream.load,64,diagnostic,2,1.0
1,tuolumne,softmax_bias,all,l1_to_l2_total_requests,diagnostic,excess:phase.simd.stream.load.64B,,,diagnostic,2,1.0
1,tuolumne,softmax_bias,all,l1_to_l2_total_requests,diagnostic,Q:phase.simd.stream.load.128B,phase.simd.stream.load,128,diagnostic,2,1.0
1,tuolumne,softmax_bias,all,l1_to_l2_total_requests,diagnostic,excess:phase.simd.stream.load.128B,,,diagnostic,2,1.0
1,tuolumne,softmax_bias,all,l1_to_l2_total_requests,diagnostic,Q:phase.simd.stream.load.256B,phase.simd.stream.load,256,diagnostic,2,1.0
1,tuolumne,softmax_bias,all,l1_to_l2_total_requests,diagnostic,excess:phase.simd.stream.load.256B,,,diagnostic,2,1.0
1,tuolumne,softmax_bias,all,l1_to_l2_total_requests,diagnostic,Q:phase.simd.array.load.32B,phase.simd.array.load,32,diagnostic,2,1.0
1,tuolumne,softmax_bias,all,l1_to_l2_total_requests,diagnostic,excess:phase.simd.array.load.32B,,,diagnostic,2,1.0
1,tuolumne,softmax_bias,all,l1_to_l2_total_requests,diagnostic,Q:phase.simd.array.load.64B,phase.simd.array.load,64,diagnostic,2,1.0
1,tuolumne,softmax_bias,all,l1_to_l2_total_requests,diagnostic,excess:phase.simd.array.load.64B,,,diagnostic,2,1.0
1,tuolumne,softmax_bias,all,l1_to_l2_total_requests,diagnostic,Q:phase.simd.array.load.128B,phase.simd.array.load,128,diagnostic,2,1.0
1,tuolumne,softmax_bias,all,l1_to_l2_total_requests,diagnostic,excess:phase.simd.array.load.128B,,,diagnostic,2,1.0
1,tuolumne,softmax_bias,all,l1_to_l2_total_requests,diagnostic,Q:phase.simd.array.load.256B,phase.simd.array.load,256,diagnostic,2,1.0
1,tuolumne,softmax_bias,all,l1_to_l2_total_requests,diagnostic,excess:phase.simd.array.load.256B,,,diagnostic,2,1.0
1,tuolumne,softmax_bias,all,l1_to_l2_total_requests,diagnostic,Q:phase.workgroup.stream.load.32B,phase.workgroup.stream.load,32,diagnostic,2,1.0
1,tuolumne,softmax_bias,all,l1_to_l2_total_requests,diagnostic,excess:phase.workgroup.stream.load.32B,,,diagnostic,2,1.0
1,tuolumne,softmax_bias,all,l1_to_l2_total_requests,diagnostic,Q:phase.workgroup.stream.load.64B,phase.workgroup.stream.load,64,diagnostic,2,1.0
1,tuolumne,softmax_bias,all,l1_to_l2_total_requests,diagnostic,excess:phase.workgroup.stream.load.64B,,,diagnostic,2,1.0
1,tuolumne,softmax_bias,all,l1_to_l2_total_requests,diagnostic,Q:phase.workgroup.stream.load.128B,phase.workgroup.stream.load,128,diagnostic,2,1.0
1,tuolumne,softmax_bias,all,l1_to_l2_total_requests,diagnostic,excess:phase.workgroup.stream.load.128B,,,diagnostic,2,1.0
1,tuolumne,softmax_bias,all,l1_to_l2_total_requests,diagnostic,Q:phase.workgroup.stream.load.256B,phase.workgroup.stream.load,256,diagnostic,2,1.0
1,tuolumne,softmax_bias,all,l1_to_l2_total_requests,diagnostic,excess:phase.workgroup.stream.load.256B,,,diagnostic,2,1.0
1,tuolumne,softmax_bias,all,l1_to_l2_total_requests,diagnostic,Q:phase.workgroup.array.load.32B,phase.workgroup.array.load,32,diagnostic,2,1.0
1,tuolumne,softmax_bias,all,l1_to_l2_total_requests,diagnostic,excess:phase.workgroup.array.load.32B,,,diagnostic,2,1.0
1,tuolumne,softmax_bias,all,l1_to_l2_total_requests,diagnostic,Q:phase.workgroup.array.load.64B,phase.workgroup.array.load,64,diagnostic,2,1.0
1,tuolumne,softmax_bias,all,l1_to_l2_total_requests,diagnostic,excess:phase.workgroup.array.load.64B,,,diagnostic,2,1.0
1,tuolumne,softmax_bias,all,l1_to_l2_total_requests,diagnostic,Q:phase.workgroup.array.load.128B,phase.workgroup.array.load,128,diagnostic,2,1.0
1,tuolumne,softmax_bias,all,l1_to_l2_total_requests,diagnostic,excess:phase.workgroup.array.load.128B,,,diagnostic,2,1.0
1,tuolumne,softmax_bias,all,l1_to_l2_total_requests,diagnostic,Q:phase.workgroup.array.load.256B,phase.workgroup.array.load,256,diagnostic,2,1.0
1,tuolumne,softmax_bias,all,l1_to_l2_total_requests,diagnostic,excess:phase.workgroup.array.load.256B,,,diagnostic,2,1.0
1,tuolumne,softmax_bias,all,l2_hits,diagnostic,J_area,,,aggregate,2,1.0
1,tuolumne,softmax_bias,all,l2_hits,diagnostic,peak_normalized_excess,,,diagnostic,2,1.0
1,tuolumne,softmax_bias,all,l2_hits,diagnostic,Q:issue.g8.stream.load.32B,issue.g8.stream.load,32,diagnostic,2,1.0
1,tuolumne,softmax_bias,all,l2_hits,diagnostic,excess:issue.g8.stream.load.32B,,,diagnostic,2,1.0
1,tuolumne,softmax_bias,all,l2_hits,diagnostic,Q:issue.g8.stream.load.64B,issue.g8.stream.load,64,diagnostic,2,1.0
1,tuolumne,softmax_bias,all,l2_hits,diagnostic,excess:issue.g8.stream.load.64B,,,diagnostic,2,1.0
1,tuolumne,softmax_bias,all,l2_hits,diagnostic,Q:issue.g8.stream.load.128B,issue.g8.stream.load,128,diagnostic,2,1.0
1,tuolumne,softmax_bias,all,l2_hits,diagnostic,excess:issue.g8.stream.load.128B,,,diagnostic,2,1.0
1,tuolumne,softmax_bias,all,l2_hits,diagnostic,Q:issue.g8.stream.load.256B,issue.g8.stream.load,256,diagnostic,2,1.0
1,tuolumne,softmax_bias,all,l2_hits,diagnostic,excess:issue.g8.stream.load.256B,,,diagnostic,2,1.0
1,tuolumne,softmax_bias,all,l2_hits,diagnostic,Q:issue.g16.stream.load.32B,issue.g16.stream.load,32,diagnostic,2,1.0
1,tuolumne,softmax_bias,all,l2_hits,diagnostic,excess:issue.g16.stream.load.32B,,,diagnostic,2,1.0
1,tuolumne,softmax_bias,all,l2_hits,diagnostic,Q:issue.g16.stream.load.64B,issue.g16.stream.load,64,diagnostic,2,1.0
1,tuolumne,softmax_bias,all,l2_hits,diagnostic,excess:issue.g16.stream.load.64B,,,diagnostic,2,1.0
1,tuolumne,softmax_bias,all,l2_hits,diagnostic,Q:issue.g16.stream.load.128B,issue.g16.stream.load,128,diagnostic,2,1.0
1,tuolumne,softmax_bias,all,l2_hits,diagnostic,excess:issue.g16.stream.load.128B,,,diagnostic,2,1.0
1,tuolumne,softmax_bias,all,l2_hits,diagnostic,Q:issue.g16.stream.load.256B,issue.g16.stream.load,256,diagnostic,2,1.0
1,tuolumne,softmax_bias,all,l2_hits,diagnostic,excess:issue.g16.stream.load.256B,,,diagnostic,2,1.0
1,tuolumne,softmax_bias,all,l2_hits,diagnostic,Q:issue.g32.stream.load.32B,issue.g32.stream.load,32,diagnostic,2,1.0
1,tuolumne,softmax_bias,all,l2_hits,diagnostic,excess:issue.g32.stream.load.32B,,,diagnostic,2,1.0
1,tuolumne,softmax_bias,all,l2_hits,diagnostic,Q:issue.g32.stream.load.64B,issue.g32.stream.load,64,diagnostic,2,1.0
1,tuolumne,softmax_bias,all,l2_hits,diagnostic,excess:issue.g32.stream.load.64B,,,diagnostic,2,1.0
1,tuolumne,softmax_bias,all,l2_hits,diagnostic,Q:issue.g32.stream.load.128B,issue.g32.stream.load,128,diagnostic,2,1.0
1,tuolumne,softmax_bias,all,l2_hits,diagnostic,excess:issue.g32.stream.load.128B,,,diagnostic,2,1.0
1,tuolumne,softmax_bias,all,l2_hits,diagnostic,Q:issue.g32.stream.load.256B,issue.g32.stream.load,256,diagnostic,2,1.0
1,tuolumne,softmax_bias,all,l2_hits,diagnostic,excess:issue.g32.stream.load.256B,,,diagnostic,2,1.0
1,tuolumne,softmax_bias,all,l2_hits,diagnostic,Q:issue.g64.stream.load.32B,issue.g64.stream.load,32,diagnostic,2,1.0
1,tuolumne,softmax_bias,all,l2_hits,diagnostic,excess:issue.g64.stream.load.32B,,,diagnostic,2,1.0
1,tuolumne,softmax_bias,all,l2_hits,diagnostic,Q:issue.g64.stream.load.64B,issue.g64.stream.load,64,diagnostic,2,1.0
1,tuolumne,softmax_bias,all,l2_hits,diagnostic,excess:issue.g64.stream.load.64B,,,diagnostic,2,1.0
1,tuolumne,softmax_bias,all,l2_hits,diagnostic,Q:issue.g64.stream.load.128B,issue.g64.stream.load,128,diagnostic,2,1.0
1,tuolumne,softmax_bias,all,l2_hits,diagnostic,excess:issue.g64.stream.load.128B,,,diagnostic,2,1.0
1,tuolumne,softmax_bias,all,l2_hits,diagnostic,Q:issue.g64.stream.load.256B,issue.g64.stream.load,256,diagnostic,2,1.0
1,tuolumne,softmax_bias,all,l2_hits,diagnostic,excess:issue.g64.stream.load.256B,,,diagnostic,2,1.0
1,tuolumne,softmax_bias,all,l2_hits,diagnostic,Q:lane_window.t4.stream.load.32B,lane_window.t4.stream.load,32,diagnostic,2,
1,tuolumne,softmax_bias,all,l2_hits,diagnostic,excess:lane_window.t4.stream.load.32B,,,diagnostic,2,
1,tuolumne,softmax_bias,all,l2_hits,diagnostic,Q:lane_window.t4.stream.load.64B,lane_window.t4.stream.load,64,diagnostic,2,
1,tuolumne,softmax_bias,all,l2_hits,diagnostic,excess:lane_window.t4.stream.load.64B,,,diagnostic,2,
1,tuolumne,softmax_bias,all,l2_hits,diagnostic,Q:lane_window.t4.stream.load.128B,lane_window.t4.stream.load,128,diagnostic,2,
1,tuolumne,softmax_bias,all,l2_hits,diagnostic,excess:lane_window.t4.stream.load.128B,,,diagnostic,2,
1,tuolumne,softmax_bias,all,l2_hits,diagnostic,Q:lane_window.t4.stream.load.256B,lane_window.t4.stream.load,256,diagnostic,2,
1,tuolumne,softmax_bias,all,l2_hits,diagnostic,excess:lane_window.t4.stream.load.256B,,,diagnostic,2,
1,tuolumne,softmax_bias,all,l2_hits,diagnostic,Q:lane_window.t4.array.load.32B,lane_window.t4.array.load,32,diagnostic,2,
1,tuolumne,softmax_bias,all,l2_hits,diagnostic,excess:lane_window.t4.array.load.32B,,,diagnostic,2,
1,tuolumne,softmax_bias,all,l2_hits,diagnostic,Q:lane_window.t4.array.load.64B,lane_window.t4.array.load,64,diagnostic,2,
1,tuolumne,softmax_bias,all,l2_hits,diagnostic,excess:lane_window.t4.array.load.64B,,,diagnostic,2,
1,tuolumne,softmax_bias,all,l2_hits,diagnostic,Q:lane_window.t4.array.load.128B,lane_window.t4.array.load,128,diagnostic,2,
1,tuolumne,softmax_bias,all,l2_hits,diagnostic,excess:lane_window.t4.array.load.128B,,,diagnostic,2,
1,tuolumne,softmax_bias,all,l2_hits,diagnostic,Q:lane_window.t4.array.load.256B,lane_window.t4.array.load,256,diagnostic,2,
1,tuolumne,softmax_bias,all,l2_hits,diagnostic,excess:lane_window.t4.array.load.256B,,,diagnostic,2,
1,tuolumne,softmax_bias,all,l2_hits,diagnostic,Q:lane_window.t16.stream.load.32B,lane_window.t16.stream.load,32,diagnostic,2,
1,tuolumne,softmax_bias,all,l2_hits,diagnostic,excess:lane_window.t16.stream.load.32B,,,diagnostic,2,
1,tuolumne,softmax_bias,all,l2_hits,diagnostic,Q:lane_window.t16.stream.load.64B,lane_window.t16.stream.load,64,diagnostic,2,
1,tuolumne,softmax_bias,all,l2_hits,diagnostic,excess:lane_window.t16.stream.load.64B,,,diagnostic,2,
1,tuolumne,softmax_bias,all,l2_hits,diagnostic,Q:lane_window.t16.stream.load.128B,lane_window.t16.stream.load,128,diagnostic,2,
1,tuolumne,softmax_bias,all,l2_hits,diagnostic,excess:lane_window.t16.stream.load.128B,,,diagnostic,2,
1,tuolumne,softmax_bias,all,l2_hits,diagnostic,Q:lane_window.t16.stream.load.256B,lane_window.t16.stream.load,256,diagnostic,2,
1,tuolumne,softmax_bias,all,l2_hits,diagnostic,excess:lane_window.t16.stream.load.256B,,,diagnostic,2,
1,tuolumne,softmax_bias,all,l2_hits,diagnostic,Q:lane_window.t16.array.load.32B,lane_window.t16.array.load,32,diagnostic,2,
1,tuolumne,softmax_bias,all,l2_hits,diagnostic,excess:lane_window.t16.array.load.32B,,,diagnostic,2,
1,tuolumne,softmax_bias,all,l2_hits,diagnostic,Q:lane_window.t16.array.load.64B,lane_window.t16.array.load,64,diagnostic,2,
1,tuolumne,softmax_bias,all,l2_hits,diagnostic,excess:lane_window.t16.array.load.64B,,,diagnostic,2,
1,tuolumne,softmax_bias,all,l2_hits,diagnostic,Q:lane_window.t16.array.load.128B,lane_window.t16.array.load,128,diagnostic,2,
1,tuolumne,softmax_bias,all,l2_hits,diagnostic,excess:lane_window.t16.array.load.128B,,,diagnostic,2,
1,tuolumne,softmax_bias,all,l2_hits,diagnostic,Q:lane_window.t16.array.load.256B,lane_window.t16.array.load,256,diagnostic,2,
1,tuolumne,softmax_bias,all,l2_hits,diagnostic,excess:lane_window.t16.array.load.256B,,,diagnostic,2,
1,tuolumne,softmax_bias,all,l2_hits,diagnostic,Q:simd_window.t4.stream.load.32B,simd_window.t4.stream.load,32,diagnostic,2,1.0
1,tuolumne,softmax_bias,all,l2_hits,diagnostic,excess:simd_window.t4.stream.load.32B,,,diagnostic,2,1.0
1,tuolumne,softmax_bias,all,l2_hits,diagnostic,Q:simd_window.t4.stream.load.64B,simd_window.t4.stream.load,64,diagnostic,2,1.0
1,tuolumne,softmax_bias,all,l2_hits,diagnostic,excess:simd_window.t4.stream.load.64B,,,diagnostic,2,1.0
1,tuolumne,softmax_bias,all,l2_hits,diagnostic,Q:simd_window.t4.stream.load.128B,simd_window.t4.stream.load,128,diagnostic,2,1.0
1,tuolumne,softmax_bias,all,l2_hits,diagnostic,excess:simd_window.t4.stream.load.128B,,,diagnostic,2,1.0
1,tuolumne,softmax_bias,all,l2_hits,diagnostic,Q:simd_window.t4.stream.load.256B,simd_window.t4.stream.load,256,diagnostic,2,1.0
1,tuolumne,softmax_bias,all,l2_hits,diagnostic,excess:simd_window.t4.stream.load.256B,,,diagnostic,2,1.0
1,tuolumne,softmax_bias,all,l2_hits,diagnostic,Q:simd_window.t4.array.load.32B,simd_window.t4.array.load,32,counter_scope_bytescale,2,1.0
1,tuolumne,softmax_bias,all,l2_hits,diagnostic,excess:simd_window.t4.array.load.32B,,,diagnostic,2,1.0
1,tuolumne,softmax_bias,all,l2_hits,diagnostic,Q:simd_window.t4.array.load.64B,simd_window.t4.array.load,64,counter_scope_bytescale,2,1.0
1,tuolumne,softmax_bias,all,l2_hits,diagnostic,excess:simd_window.t4.array.load.64B,,,diagnostic,2,1.0
1,tuolumne,softmax_bias,all,l2_hits,diagnostic,Q:simd_window.t4.array.load.128B,simd_window.t4.array.load,128,counter_component,2,1.0
1,tuolumne,softmax_bias,all,l2_hits,diagnostic,excess:simd_window.t4.array.load.128B,,,diagnostic,2,1.0
1,tuolumne,softmax_bias,all,l2_hits,diagnostic,Q:simd_window.t4.array.load.256B,simd_window.t4.array.load,256,counter_scope_bytescale,2,1.0
1,tuolumne,softmax_bias,all,l2_hits,diagnostic,excess:simd_window.t4.array.load.256B,,,diagnostic,2,1.0
1,tuolumne,softmax_bias,all,l2_hits,diagnostic,Q:simd_window.t16.stream.load.32B,simd_window.t16.stream.load,32,diagnostic,2,1.0
1,tuolumne,softmax_bias,all,l2_hits,diagnostic,excess:simd_window.t16.stream.load.32B,,,diagnostic,2,1.0
1,tuolumne,softmax_bias,all,l2_hits,diagnostic,Q:simd_window.t16.stream.load.64B,simd_window.t16.stream.load,64,diagnostic,2,1.0
1,tuolumne,softmax_bias,all,l2_hits,diagnostic,excess:simd_window.t16.stream.load.64B,,,diagnostic,2,1.0
1,tuolumne,softmax_bias,all,l2_hits,diagnostic,Q:simd_window.t16.stream.load.128B,simd_window.t16.stream.load,128,diagnostic,2,1.0
1,tuolumne,softmax_bias,all,l2_hits,diagnostic,excess:simd_window.t16.stream.load.128B,,,diagnostic,2,1.0
1,tuolumne,softmax_bias,all,l2_hits,diagnostic,Q:simd_window.t16.stream.load.256B,simd_window.t16.stream.load,256,diagnostic,2,1.0
1,tuolumne,softmax_bias,all,l2_hits,diagnostic,excess:simd_window.t16.stream.load.256B,,,diagnostic,2,1.0
1,tuolumne,softmax_bias,all,l2_hits,diagnostic,Q:simd_window.t16.array.load.32B,simd_window.t16.array.load,32,diagnostic,2,1.0
1,tuolumne,softmax_bias,all,l2_hits,diagnostic,excess:simd_window.t16.array.load.32B,,,diagnostic,2,1.0
1,tuolumne,softmax_bias,all,l2_hits,diagnostic,Q:simd_window.t16.array.load.64B,simd_window.t16.array.load,64,diagnostic,2,1.0
1,tuolumne,softmax_bias,all,l2_hits,diagnostic,excess:simd_window.t16.array.load.64B,,,diagnostic,2,1.0
1,tuolumne,softmax_bias,all,l2_hits,diagnostic,Q:simd_window.t16.array.load.128B,simd_window.t16.array.load,128,diagnostic,2,1.0
1,tuolumne,softmax_bias,all,l2_hits,diagnostic,excess:simd_window.t16.array.load.128B,,,diagnostic,2,1.0
1,tuolumne,softmax_bias,all,l2_hits,diagnostic,Q:simd_window.t16.array.load.256B,simd_window.t16.array.load,256,diagnostic,2,1.0
1,tuolumne,softmax_bias,all,l2_hits,diagnostic,excess:simd_window.t16.array.load.256B,,,diagnostic,2,1.0
1,tuolumne,softmax_bias,all,l2_hits,diagnostic,Q:workgroup_window.t4.stream.load.32B,workgroup_window.t4.stream.load,32,diagnostic,2,1.0
1,tuolumne,softmax_bias,all,l2_hits,diagnostic,excess:workgroup_window.t4.stream.load.32B,,,diagnostic,2,1.0
1,tuolumne,softmax_bias,all,l2_hits,diagnostic,Q:workgroup_window.t4.stream.load.64B,workgroup_window.t4.stream.load,64,diagnostic,2,1.0
1,tuolumne,softmax_bias,all,l2_hits,diagnostic,excess:workgroup_window.t4.stream.load.64B,,,diagnostic,2,1.0
1,tuolumne,softmax_bias,all,l2_hits,diagnostic,Q:workgroup_window.t4.stream.load.128B,workgroup_window.t4.stream.load,128,diagnostic,2,1.0
1,tuolumne,softmax_bias,all,l2_hits,diagnostic,excess:workgroup_window.t4.stream.load.128B,,,diagnostic,2,1.0
1,tuolumne,softmax_bias,all,l2_hits,diagnostic,Q:workgroup_window.t4.stream.load.256B,workgroup_window.t4.stream.load,256,diagnostic,2,1.0
1,tuolumne,softmax_bias,all,l2_hits,diagnostic,excess:workgroup_window.t4.stream.load.256B,,,diagnostic,2,1.0
1,tuolumne,softmax_bias,all,l2_hits,diagnostic,Q:workgroup_window.t4.array.load.32B,workgroup_window.t4.array.load,32,diagnostic,2,1.0
1,tuolumne,softmax_bias,all,l2_hits,diagnostic,excess:workgroup_window.t4.array.load.32B,,,diagnostic,2,1.0
1,tuolumne,softmax_bias,all,l2_hits,diagnostic,Q:workgroup_window.t4.array.load.64B,workgroup_window.t4.array.load,64,diagnostic,2,1.0
1,tuolumne,softmax_bias,all,l2_hits,diagnostic,excess:workgroup_window.t4.array.load.64B,,,diagnostic,2,1.0
1,tuolumne,softmax_bias,all,l2_hits,diagnostic,Q:workgroup_window.t4.array.load.128B,workgroup_window.t4.array.load,128,diagnostic,2,1.0
1,tuolumne,softmax_bias,all,l2_hits,diagnostic,excess:workgroup_window.t4.array.load.128B,,,diagnostic,2,1.0
1,tuolumne,softmax_bias,all,l2_hits,diagnostic,Q:workgroup_window.t4.array.load.256B,workgroup_window.t4.array.load,256,diagnostic,2,1.0
1,tuolumne,softmax_bias,all,l2_hits,diagnostic,excess:workgroup_window.t4.array.load.256B,,,diagnostic,2,1.0
1,tuolumne,softmax_bias,all,l2_hits,diagnostic,Q:workgroup_window.t16.stream.load.32B,workgroup_window.t16.stream.load,32,diagnostic,2,1.0
1,tuolumne,softmax_bias,all,l2_hits,diagnostic,excess:workgroup_window.t16.stream.load.32B,,,diagnostic,2,1.0
1,tuolumne,softmax_bias,all,l2_hits,diagnostic,Q:workgroup_window.t16.stream.load.64B,workgroup_window.t16.stream.load,64,diagnostic,2,1.0
1,tuolumne,softmax_bias,all,l2_hits,diagnostic,excess:workgroup_window.t16.stream.load.64B,,,diagnostic,2,1.0
1,tuolumne,softmax_bias,all,l2_hits,diagnostic,Q:workgroup_window.t16.stream.load.128B,workgroup_window.t16.stream.load,128,diagnostic,2,1.0
1,tuolumne,softmax_bias,all,l2_hits,diagnostic,excess:workgroup_window.t16.stream.load.128B,,,diagnostic,2,1.0
1,tuolumne,softmax_bias,all,l2_hits,diagnostic,Q:workgroup_window.t16.stream.load.256B,workgroup_window.t16.stream.load,256,diagnostic,2,1.0
1,tuolumne,softmax_bias,all,l2_hits,diagnostic,excess:workgroup_window.t16.stream.load.256B,,,diagnostic,2,1.0
1,tuolumne,softmax_bias,all,l2_hits,diagnostic,Q:workgroup_window.t16.array.load.32B,workgroup_window.t16.array.load,32,diagnostic,2,1.0
1,tuolumne,softmax_bias,all,l2_hits,diagnostic,excess:workgroup_window.t16.array.load.32B,,,diagnostic,2,1.0
1,tuolumne,softmax_bias,all,l2_hits,diagnostic,Q:workgroup_window.t16.array.load.64B,workgroup_window.t16.array.load,64,diagnostic,2,1.0
1,tuolumne,softmax_bias,all,l2_hits,diagnostic,excess:workgroup_window.t16.array.load.64B,,,diagnostic,2,1.0
1,tuolumne,softmax_bias,all,l2_hits,diagnostic,Q:workgroup_window.t16.array.load.128B,workgroup_window.t16.array.load,128,diagnostic,2,1.0
1,tuolumne,softmax_bias,all,l2_hits,diagnostic,excess:workgroup_window.t16.array.load.128B,,,diagnostic,2,1.0
1,tuolumne,softmax_bias,all,l2_hits,diagnostic,Q:workgroup_window.t16.array.load.256B,workgroup_window.t16.array.load,256,diagnostic,2,1.0
1,tuolumne,softmax_bias,all,l2_hits,diagnostic,excess:workgroup_window.t16.array.load.256B,,,diagnostic,2,1.0
1,tuolumne,softmax_bias,all,l2_hits,diagnostic,Q:workgroup_step.stream.load.32B,workgroup_step.stream.load,32,diagnostic,2,1.0
1,tuolumne,softmax_bias,all,l2_hits,diagnostic,excess:workgroup_step.stream.load.32B,,,diagnostic,2,1.0
1,tuolumne,softmax_bias,all,l2_hits,diagnostic,Q:workgroup_step.stream.load.64B,workgroup_step.stream.load,64,diagnostic,2,1.0
1,tuolumne,softmax_bias,all,l2_hits,diagnostic,excess:workgroup_step.stream.load.64B,,,diagnostic,2,1.0
1,tuolumne,softmax_bias,all,l2_hits,diagnostic,Q:workgroup_step.stream.load.128B,workgroup_step.stream.load,128,diagnostic,2,1.0
1,tuolumne,softmax_bias,all,l2_hits,diagnostic,excess:workgroup_step.stream.load.128B,,,diagnostic,2,1.0
1,tuolumne,softmax_bias,all,l2_hits,diagnostic,Q:workgroup_step.stream.load.256B,workgroup_step.stream.load,256,diagnostic,2,1.0
1,tuolumne,softmax_bias,all,l2_hits,diagnostic,excess:workgroup_step.stream.load.256B,,,diagnostic,2,1.0
1,tuolumne,softmax_bias,all,l2_hits,diagnostic,Q:workgroup_step.array.load.32B,workgroup_step.array.load,32,diagnostic,2,1.0
1,tuolumne,softmax_bias,all,l2_hits,diagnostic,excess:workgroup_step.array.load.32B,,,diagnostic,2,1.0
1,tuolumne,softmax_bias,all,l2_hits,diagnostic,Q:workgroup_step.array.load.64B,workgroup_step.array.load,64,diagnostic,2,1.0
1,tuolumne,softmax_bias,all,l2_hits,diagnostic,excess:workgroup_step.array.load.64B,,,diagnostic,2,1.0
1,tuolumne,softmax_bias,all,l2_hits,diagnostic,Q:workgroup_step.array.load.128B,workgroup_step.array.load,128,diagnostic,2,1.0
1,tuolumne,softmax_bias,all,l2_hits,diagnostic,excess:workgroup_step.array.load.128B,,,diagnostic,2,1.0
1,tuolumne,softmax_bias,all,l2_hits,diagnostic,Q:workgroup_step.array.load.256B,workgroup_step.array.load,256,diagnostic,2,1.0
1,tuolumne,softmax_bias,all,l2_hits,diagnostic,excess:workgroup_step.array.load.256B,,,diagnostic,2,1.0
1,tuolumne,softmax_bias,all,l2_hits,diagnostic,Q:phase.lane.stream.load.32B,phase.lane.stream.load,32,diagnostic,2,
1,tuolumne,softmax_bias,all,l2_hits,diagnostic,excess:phase.lane.stream.load.32B,,,diagnostic,2,
1,tuolumne,softmax_bias,all,l2_hits,diagnostic,Q:phase.lane.stream.load.64B,phase.lane.stream.load,64,diagnostic,2,
1,tuolumne,softmax_bias,all,l2_hits,diagnostic,excess:phase.lane.stream.load.64B,,,diagnostic,2,
1,tuolumne,softmax_bias,all,l2_hits,diagnostic,Q:phase.lane.stream.load.128B,phase.lane.stream.load,128,diagnostic,2,
1,tuolumne,softmax_bias,all,l2_hits,diagnostic,excess:phase.lane.stream.load.128B,,,diagnostic,2,
1,tuolumne,softmax_bias,all,l2_hits,diagnostic,Q:phase.lane.stream.load.256B,phase.lane.stream.load,256,diagnostic,2,
1,tuolumne,softmax_bias,all,l2_hits,diagnostic,excess:phase.lane.stream.load.256B,,,diagnostic,2,
1,tuolumne,softmax_bias,all,l2_hits,diagnostic,Q:phase.lane.array.load.32B,phase.lane.array.load,32,diagnostic,2,
1,tuolumne,softmax_bias,all,l2_hits,diagnostic,excess:phase.lane.array.load.32B,,,diagnostic,2,
1,tuolumne,softmax_bias,all,l2_hits,diagnostic,Q:phase.lane.array.load.64B,phase.lane.array.load,64,diagnostic,2,
1,tuolumne,softmax_bias,all,l2_hits,diagnostic,excess:phase.lane.array.load.64B,,,diagnostic,2,
1,tuolumne,softmax_bias,all,l2_hits,diagnostic,Q:phase.lane.array.load.128B,phase.lane.array.load,128,diagnostic,2,
1,tuolumne,softmax_bias,all,l2_hits,diagnostic,excess:phase.lane.array.load.128B,,,diagnostic,2,
1,tuolumne,softmax_bias,all,l2_hits,diagnostic,Q:phase.lane.array.load.256B,phase.lane.array.load,256,diagnostic,2,
1,tuolumne,softmax_bias,all,l2_hits,diagnostic,excess:phase.lane.array.load.256B,,,diagnostic,2,
1,tuolumne,softmax_bias,all,l2_hits,diagnostic,Q:phase.simd.stream.load.32B,phase.simd.stream.load,32,diagnostic,2,1.0
1,tuolumne,softmax_bias,all,l2_hits,diagnostic,excess:phase.simd.stream.load.32B,,,diagnostic,2,1.0
1,tuolumne,softmax_bias,all,l2_hits,diagnostic,Q:phase.simd.stream.load.64B,phase.simd.stream.load,64,diagnostic,2,1.0
1,tuolumne,softmax_bias,all,l2_hits,diagnostic,excess:phase.simd.stream.load.64B,,,diagnostic,2,1.0
1,tuolumne,softmax_bias,all,l2_hits,diagnostic,Q:phase.simd.stream.load.128B,phase.simd.stream.load,128,diagnostic,2,1.0
1,tuolumne,softmax_bias,all,l2_hits,diagnostic,excess:phase.simd.stream.load.128B,,,diagnostic,2,1.0
1,tuolumne,softmax_bias,all,l2_hits,diagnostic,Q:phase.simd.stream.load.256B,phase.simd.stream.load,256,diagnostic,2,1.0
1,tuolumne,softmax_bias,all,l2_hits,diagnostic,excess:phase.simd.stream.load.256B,,,diagnostic,2,1.0
1,tuolumne,softmax_bias,all,l2_hits,diagnostic,Q:phase.simd.array.load.32B,phase.simd.array.load,32,diagnostic,2,1.0
1,tuolumne,softmax_bias,all,l2_hits,diagnostic,excess:phase.simd.array.load.32B,,,diagnostic,2,1.0
1,tuolumne,softmax_bias,all,l2_hits,diagnostic,Q:phase.simd.array.load.64B,phase.simd.array.load,64,diagnostic,2,1.0
1,tuolumne,softmax_bias,all,l2_hits,diagnostic,excess:phase.simd.array.load.64B,,,diagnostic,2,1.0
1,tuolumne,softmax_bias,all,l2_hits,diagnostic,Q:phase.simd.array.load.128B,phase.simd.array.load,128,diagnostic,2,1.0
1,tuolumne,softmax_bias,all,l2_hits,diagnostic,excess:phase.simd.array.load.128B,,,diagnostic,2,1.0
1,tuolumne,softmax_bias,all,l2_hits,diagnostic,Q:phase.simd.array.load.256B,phase.simd.array.load,256,diagnostic,2,1.0
1,tuolumne,softmax_bias,all,l2_hits,diagnostic,excess:phase.simd.array.load.256B,,,diagnostic,2,1.0
1,tuolumne,softmax_bias,all,l2_hits,diagnostic,Q:phase.workgroup.stream.load.32B,phase.workgroup.stream.load,32,diagnostic,2,1.0
1,tuolumne,softmax_bias,all,l2_hits,diagnostic,excess:phase.workgroup.stream.load.32B,,,diagnostic,2,1.0
1,tuolumne,softmax_bias,all,l2_hits,diagnostic,Q:phase.workgroup.stream.load.64B,phase.workgroup.stream.load,64,diagnostic,2,1.0
1,tuolumne,softmax_bias,all,l2_hits,diagnostic,excess:phase.workgroup.stream.load.64B,,,diagnostic,2,1.0
1,tuolumne,softmax_bias,all,l2_hits,diagnostic,Q:phase.workgroup.stream.load.128B,phase.workgroup.stream.load,128,diagnostic,2,1.0
1,tuolumne,softmax_bias,all,l2_hits,diagnostic,excess:phase.workgroup.stream.load.128B,,,diagnostic,2,1.0
1,tuolumne,softmax_bias,all,l2_hits,diagnostic,Q:phase.workgroup.stream.load.256B,phase.workgroup.stream.load,256,diagnostic,2,1.0
1,tuolumne,softmax_bias,all,l2_hits,diagnostic,excess:phase.workgroup.stream.load.256B,,,diagnostic,2,1.0
1,tuolumne,softmax_bias,all,l2_hits,diagnostic,Q:phase.workgroup.array.load.32B,phase.workgroup.array.load,32,diagnostic,2,1.0
1,tuolumne,softmax_bias,all,l2_hits,diagnostic,excess:phase.workgroup.array.load.32B,,,diagnostic,2,1.0
1,tuolumne,softmax_bias,all,l2_hits,diagnostic,Q:phase.workgroup.array.load.64B,phase.workgroup.array.load,64,diagnostic,2,1.0
1,tuolumne,softmax_bias,all,l2_hits,diagnostic,excess:phase.workgroup.array.load.64B,,,diagnostic,2,1.0
1,tuolumne,softmax_bias,all,l2_hits,diagnostic,Q:phase.workgroup.array.load.128B,phase.workgroup.array.load,128,diagnostic,2,1.0
1,tuolumne,softmax_bias,all,l2_hits,diagnostic,excess:phase.workgroup.array.load.128B,,,diagnostic,2,1.0
1,tuolumne,softmax_bias,all,l2_hits,diagnostic,Q:phase.workgroup.array.load.256B,phase.workgroup.array.load,256,diagnostic,2,1.0
1,tuolumne,softmax_bias,all,l2_hits,diagnostic,excess:phase.workgroup.array.load.256B,,,diagnostic,2,1.0
1,tuolumne,softmax_bias,all,l2_misses,diagnostic,J_area,,,aggregate,2,1.0
1,tuolumne,softmax_bias,all,l2_misses,diagnostic,peak_normalized_excess,,,diagnostic,2,1.0
1,tuolumne,softmax_bias,all,l2_misses,diagnostic,Q:issue.g8.stream.load.32B,issue.g8.stream.load,32,diagnostic,2,1.0
1,tuolumne,softmax_bias,all,l2_misses,diagnostic,excess:issue.g8.stream.load.32B,,,diagnostic,2,1.0
1,tuolumne,softmax_bias,all,l2_misses,diagnostic,Q:issue.g8.stream.load.64B,issue.g8.stream.load,64,diagnostic,2,1.0
1,tuolumne,softmax_bias,all,l2_misses,diagnostic,excess:issue.g8.stream.load.64B,,,diagnostic,2,1.0
1,tuolumne,softmax_bias,all,l2_misses,diagnostic,Q:issue.g8.stream.load.128B,issue.g8.stream.load,128,diagnostic,2,1.0
1,tuolumne,softmax_bias,all,l2_misses,diagnostic,excess:issue.g8.stream.load.128B,,,diagnostic,2,1.0
1,tuolumne,softmax_bias,all,l2_misses,diagnostic,Q:issue.g8.stream.load.256B,issue.g8.stream.load,256,diagnostic,2,1.0
1,tuolumne,softmax_bias,all,l2_misses,diagnostic,excess:issue.g8.stream.load.256B,,,diagnostic,2,1.0
1,tuolumne,softmax_bias,all,l2_misses,diagnostic,Q:issue.g16.stream.load.32B,issue.g16.stream.load,32,diagnostic,2,1.0
1,tuolumne,softmax_bias,all,l2_misses,diagnostic,excess:issue.g16.stream.load.32B,,,diagnostic,2,1.0
1,tuolumne,softmax_bias,all,l2_misses,diagnostic,Q:issue.g16.stream.load.64B,issue.g16.stream.load,64,diagnostic,2,1.0
1,tuolumne,softmax_bias,all,l2_misses,diagnostic,excess:issue.g16.stream.load.64B,,,diagnostic,2,1.0
1,tuolumne,softmax_bias,all,l2_misses,diagnostic,Q:issue.g16.stream.load.128B,issue.g16.stream.load,128,diagnostic,2,1.0
1,tuolumne,softmax_bias,all,l2_misses,diagnostic,excess:issue.g16.stream.load.128B,,,diagnostic,2,1.0
1,tuolumne,softmax_bias,all,l2_misses,diagnostic,Q:issue.g16.stream.load.256B,issue.g16.stream.load,256,diagnostic,2,1.0
1,tuolumne,softmax_bias,all,l2_misses,diagnostic,excess:issue.g16.stream.load.256B,,,diagnostic,2,1.0
1,tuolumne,softmax_bias,all,l2_misses,diagnostic,Q:issue.g32.stream.load.32B,issue.g32.stream.load,32,diagnostic,2,1.0
1,tuolumne,softmax_bias,all,l2_misses,diagnostic,excess:issue.g32.stream.load.32B,,,diagnostic,2,1.0
1,tuolumne,softmax_bias,all,l2_misses,diagnostic,Q:issue.g32.stream.load.64B,issue.g32.stream.load,64,diagnostic,2,1.0
1,tuolumne,softmax_bias,all,l2_misses,diagnostic,excess:issue.g32.stream.load.64B,,,diagnostic,2,1.0
1,tuolumne,softmax_bias,all,l2_misses,diagnostic,Q:issue.g32.stream.load.128B,issue.g32.stream.load,128,diagnostic,2,1.0
1,tuolumne,softmax_bias,all,l2_misses,diagnostic,excess:issue.g32.stream.load.128B,,,diagnostic,2,1.0
1,tuolumne,softmax_bias,all,l2_misses,diagnostic,Q:issue.g32.stream.load.256B,issue.g32.stream.load,256,diagnostic,2,1.0
1,tuolumne,softmax_bias,all,l2_misses,diagnostic,excess:issue.g32.stream.load.256B,,,diagnostic,2,1.0
1,tuolumne,softmax_bias,all,l2_misses,diagnostic,Q:issue.g64.stream.load.32B,issue.g64.stream.load,32,diagnostic,2,1.0
1,tuolumne,softmax_bias,all,l2_misses,diagnostic,excess:issue.g64.stream.load.32B,,,diagnostic,2,1.0
1,tuolumne,softmax_bias,all,l2_misses,diagnostic,Q:issue.g64.stream.load.64B,issue.g64.stream.load,64,diagnostic,2,1.0
1,tuolumne,softmax_bias,all,l2_misses,diagnostic,excess:issue.g64.stream.load.64B,,,diagnostic,2,1.0
1,tuolumne,softmax_bias,all,l2_misses,diagnostic,Q:issue.g64.stream.load.128B,issue.g64.stream.load,128,diagnostic,2,1.0
1,tuolumne,softmax_bias,all,l2_misses,diagnostic,excess:issue.g64.stream.load.128B,,,diagnostic,2,1.0
1,tuolumne,softmax_bias,all,l2_misses,diagnostic,Q:issue.g64.stream.load.256B,issue.g64.stream.load,256,diagnostic,2,1.0
1,tuolumne,softmax_bias,all,l2_misses,diagnostic,excess:issue.g64.stream.load.256B,,,diagnostic,2,1.0
1,tuolumne,softmax_bias,all,l2_misses,diagnostic,Q:lane_window.t4.stream.load.32B,lane_window.t4.stream.load,32,diagnostic,2,
1,tuolumne,softmax_bias,all,l2_misses,diagnostic,excess:lane_window.t4.stream.load.32B,,,diagnostic,2,
1,tuolumne,softmax_bias,all,l2_misses,diagnostic,Q:lane_window.t4.stream.load.64B,lane_window.t4.stream.load,64,diagnostic,2,
1,tuolumne,softmax_bias,all,l2_misses,diagnostic,excess:lane_window.t4.stream.load.64B,,,diagnostic,2,
1,tuolumne,softmax_bias,all,l2_misses,diagnostic,Q:lane_window.t4.stream.load.128B,lane_window.t4.stream.load,128,diagnostic,2,
1,tuolumne,softmax_bias,all,l2_misses,diagnostic,excess:lane_window.t4.stream.load.128B,,,diagnostic,2,
1,tuolumne,softmax_bias,all,l2_misses,diagnostic,Q:lane_window.t4.stream.load.256B,lane_window.t4.stream.load,256,diagnostic,2,
1,tuolumne,softmax_bias,all,l2_misses,diagnostic,excess:lane_window.t4.stream.load.256B,,,diagnostic,2,
1,tuolumne,softmax_bias,all,l2_misses,diagnostic,Q:lane_window.t4.array.load.32B,lane_window.t4.array.load,32,diagnostic,2,
1,tuolumne,softmax_bias,all,l2_misses,diagnostic,excess:lane_window.t4.array.load.32B,,,diagnostic,2,
1,tuolumne,softmax_bias,all,l2_misses,diagnostic,Q:lane_window.t4.array.load.64B,lane_window.t4.array.load,64,diagnostic,2,
1,tuolumne,softmax_bias,all,l2_misses,diagnostic,excess:lane_window.t4.array.load.64B,,,diagnostic,2,
1,tuolumne,softmax_bias,all,l2_misses,diagnostic,Q:lane_window.t4.array.load.128B,lane_window.t4.array.load,128,diagnostic,2,
1,tuolumne,softmax_bias,all,l2_misses,diagnostic,excess:lane_window.t4.array.load.128B,,,diagnostic,2,
1,tuolumne,softmax_bias,all,l2_misses,diagnostic,Q:lane_window.t4.array.load.256B,lane_window.t4.array.load,256,diagnostic,2,
1,tuolumne,softmax_bias,all,l2_misses,diagnostic,excess:lane_window.t4.array.load.256B,,,diagnostic,2,
1,tuolumne,softmax_bias,all,l2_misses,diagnostic,Q:lane_window.t16.stream.load.32B,lane_window.t16.stream.load,32,diagnostic,2,
1,tuolumne,softmax_bias,all,l2_misses,diagnostic,excess:lane_window.t16.stream.load.32B,,,diagnostic,2,
1,tuolumne,softmax_bias,all,l2_misses,diagnostic,Q:lane_window.t16.stream.load.64B,lane_window.t16.stream.load,64,diagnostic,2,
1,tuolumne,softmax_bias,all,l2_misses,diagnostic,excess:lane_window.t16.stream.load.64B,,,diagnostic,2,
1,tuolumne,softmax_bias,all,l2_misses,diagnostic,Q:lane_window.t16.stream.load.128B,lane_window.t16.stream.load,128,diagnostic,2,
1,tuolumne,softmax_bias,all,l2_misses,diagnostic,excess:lane_window.t16.stream.load.128B,,,diagnostic,2,
1,tuolumne,softmax_bias,all,l2_misses,diagnostic,Q:lane_window.t16.stream.load.256B,lane_window.t16.stream.load,256,diagnostic,2,
1,tuolumne,softmax_bias,all,l2_misses,diagnostic,excess:lane_window.t16.stream.load.256B,,,diagnostic,2,
1,tuolumne,softmax_bias,all,l2_misses,diagnostic,Q:lane_window.t16.array.load.32B,lane_window.t16.array.load,32,diagnostic,2,
1,tuolumne,softmax_bias,all,l2_misses,diagnostic,excess:lane_window.t16.array.load.32B,,,diagnostic,2,
1,tuolumne,softmax_bias,all,l2_misses,diagnostic,Q:lane_window.t16.array.load.64B,lane_window.t16.array.load,64,diagnostic,2,
1,tuolumne,softmax_bias,all,l2_misses,diagnostic,excess:lane_window.t16.array.load.64B,,,diagnostic,2,
1,tuolumne,softmax_bias,all,l2_misses,diagnostic,Q:lane_window.t16.array.load.128B,lane_window.t16.array.load,128,diagnostic,2,
1,tuolumne,softmax_bias,all,l2_misses,diagnostic,excess:lane_window.t16.array.load.128B,,,diagnostic,2,
1,tuolumne,softmax_bias,all,l2_misses,diagnostic,Q:lane_window.t16.array.load.256B,lane_window.t16.array.load,256,diagnostic,2,
1,tuolumne,softmax_bias,all,l2_misses,diagnostic,excess:lane_window.t16.array.load.256B,,,diagnostic,2,
1,tuolumne,softmax_bias,all,l2_misses,diagnostic,Q:simd_window.t4.stream.load.32B,simd_window.t4.stream.load,32,diagnostic,2,1.0
1,tuolumne,softmax_bias,all,l2_misses,diagnostic,excess:simd_window.t4.stream.load.32B,,,diagnostic,2,1.0
1,tuolumne,softmax_bias,all,l2_misses,diagnostic,Q:simd_window.t4.stream.load.64B,simd_window.t4.stream.load,64,diagnostic,2,1.0
1,tuolumne,softmax_bias,all,l2_misses,diagnostic,excess:simd_window.t4.stream.load.64B,,,diagnostic,2,1.0
1,tuolumne,softmax_bias,all,l2_misses,diagnostic,Q:simd_window.t4.stream.load.128B,simd_window.t4.stream.load,128,diagnostic,2,1.0
1,tuolumne,softmax_bias,all,l2_misses,diagnostic,excess:simd_window.t4.stream.load.128B,,,diagnostic,2,1.0
1,tuolumne,softmax_bias,all,l2_misses,diagnostic,Q:simd_window.t4.stream.load.256B,simd_window.t4.stream.load,256,diagnostic,2,1.0
1,tuolumne,softmax_bias,all,l2_misses,diagnostic,excess:simd_window.t4.stream.load.256B,,,diagnostic,2,1.0
1,tuolumne,softmax_bias,all,l2_misses,diagnostic,Q:simd_window.t4.array.load.32B,simd_window.t4.array.load,32,diagnostic,2,1.0
1,tuolumne,softmax_bias,all,l2_misses,diagnostic,excess:simd_window.t4.array.load.32B,,,diagnostic,2,1.0
1,tuolumne,softmax_bias,all,l2_misses,diagnostic,Q:simd_window.t4.array.load.64B,simd_window.t4.array.load,64,diagnostic,2,1.0
1,tuolumne,softmax_bias,all,l2_misses,diagnostic,excess:simd_window.t4.array.load.64B,,,diagnostic,2,1.0
1,tuolumne,softmax_bias,all,l2_misses,diagnostic,Q:simd_window.t4.array.load.128B,simd_window.t4.array.load,128,diagnostic,2,1.0
1,tuolumne,softmax_bias,all,l2_misses,diagnostic,excess:simd_window.t4.array.load.128B,,,diagnostic,2,1.0
1,tuolumne,softmax_bias,all,l2_misses,diagnostic,Q:simd_window.t4.array.load.256B,simd_window.t4.array.load,256,diagnostic,2,1.0
1,tuolumne,softmax_bias,all,l2_misses,diagnostic,excess:simd_window.t4.array.load.256B,,,diagnostic,2,1.0
1,tuolumne,softmax_bias,all,l2_misses,diagnostic,Q:simd_window.t16.stream.load.32B,simd_window.t16.stream.load,32,diagnostic,2,1.0
1,tuolumne,softmax_bias,all,l2_misses,diagnostic,excess:simd_window.t16.stream.load.32B,,,diagnostic,2,1.0
1,tuolumne,softmax_bias,all,l2_misses,diagnostic,Q:simd_window.t16.stream.load.64B,simd_window.t16.stream.load,64,diagnostic,2,1.0
1,tuolumne,softmax_bias,all,l2_misses,diagnostic,excess:simd_window.t16.stream.load.64B,,,diagnostic,2,1.0
1,tuolumne,softmax_bias,all,l2_misses,diagnostic,Q:simd_window.t16.stream.load.128B,simd_window.t16.stream.load,128,diagnostic,2,1.0
1,tuolumne,softmax_bias,all,l2_misses,diagnostic,excess:simd_window.t16.stream.load.128B,,,diagnostic,2,1.0
1,tuolumne,softmax_bias,all,l2_misses,diagnostic,Q:simd_window.t16.stream.load.256B,simd_window.t16.stream.load,256,diagnostic,2,1.0
1,tuolumne,softmax_bias,all,l2_misses,diagnostic,excess:simd_window.t16.stream.load.256B,,,diagnostic,2,1.0
1,tuolumne,softmax_bias,all,l2_misses,diagnostic,Q:simd_window.t16.array.load.32B,simd_window.t16.array.load,32,counter_component,2,1.0
1,tuolumne,softmax_bias,all,l2_misses,diagnostic,excess:simd_window.t16.array.load.32B,,,diagnostic,2,1.0
1,tuolumne,softmax_bias,all,l2_misses,diagnostic,Q:simd_window.t16.array.load.64B,simd_window.t16.array.load,64,counter_scope_bytescale,2,1.0
1,tuolumne,softmax_bias,all,l2_misses,diagnostic,excess:simd_window.t16.array.load.64B,,,diagnostic,2,1.0
1,tuolumne,softmax_bias,all,l2_misses,diagnostic,Q:simd_window.t16.array.load.128B,simd_window.t16.array.load,128,counter_scope_bytescale,2,1.0
1,tuolumne,softmax_bias,all,l2_misses,diagnostic,excess:simd_window.t16.array.load.128B,,,diagnostic,2,1.0
1,tuolumne,softmax_bias,all,l2_misses,diagnostic,Q:simd_window.t16.array.load.256B,simd_window.t16.array.load,256,counter_scope_bytescale,2,1.0
1,tuolumne,softmax_bias,all,l2_misses,diagnostic,excess:simd_window.t16.array.load.256B,,,diagnostic,2,1.0
1,tuolumne,softmax_bias,all,l2_misses,diagnostic,Q:workgroup_window.t4.stream.load.32B,workgroup_window.t4.stream.load,32,diagnostic,2,1.0
1,tuolumne,softmax_bias,all,l2_misses,diagnostic,excess:workgroup_window.t4.stream.load.32B,,,diagnostic,2,1.0
1,tuolumne,softmax_bias,all,l2_misses,diagnostic,Q:workgroup_window.t4.stream.load.64B,workgroup_window.t4.stream.load,64,diagnostic,2,1.0
1,tuolumne,softmax_bias,all,l2_misses,diagnostic,excess:workgroup_window.t4.stream.load.64B,,,diagnostic,2,1.0
1,tuolumne,softmax_bias,all,l2_misses,diagnostic,Q:workgroup_window.t4.stream.load.128B,workgroup_window.t4.stream.load,128,diagnostic,2,1.0
1,tuolumne,softmax_bias,all,l2_misses,diagnostic,excess:workgroup_window.t4.stream.load.128B,,,diagnostic,2,1.0
1,tuolumne,softmax_bias,all,l2_misses,diagnostic,Q:workgroup_window.t4.stream.load.256B,workgroup_window.t4.stream.load,256,diagnostic,2,1.0
1,tuolumne,softmax_bias,all,l2_misses,diagnostic,excess:workgroup_window.t4.stream.load.256B,,,diagnostic,2,1.0
1,tuolumne,softmax_bias,all,l2_misses,diagnostic,Q:workgroup_window.t4.array.load.32B,workgroup_window.t4.array.load,32,diagnostic,2,1.0
1,tuolumne,softmax_bias,all,l2_misses,diagnostic,excess:workgroup_window.t4.array.load.32B,,,diagnostic,2,1.0
1,tuolumne,softmax_bias,all,l2_misses,diagnostic,Q:workgroup_window.t4.array.load.64B,workgroup_window.t4.array.load,64,diagnostic,2,1.0
1,tuolumne,softmax_bias,all,l2_misses,diagnostic,excess:workgroup_window.t4.array.load.64B,,,diagnostic,2,1.0
1,tuolumne,softmax_bias,all,l2_misses,diagnostic,Q:workgroup_window.t4.array.load.128B,workgroup_window.t4.array.load,128,diagnostic,2,1.0
1,tuolumne,softmax_bias,all,l2_misses,diagnostic,excess:workgroup_window.t4.array.load.128B,,,diagnostic,2,1.0
1,tuolumne,softmax_bias,all,l2_misses,diagnostic,Q:workgroup_window.t4.array.load.256B,workgroup_window.t4.array.load,256,diagnostic,2,1.0
1,tuolumne,softmax_bias,all,l2_misses,diagnostic,excess:workgroup_window.t4.array.load.256B,,,diagnostic,2,1.0
1,tuolumne,softmax_bias,all,l2_misses,diagnostic,Q:workgroup_window.t16.stream.load.32B,workgroup_window.t16.stream.load,32,diagnostic,2,1.0
1,tuolumne,softmax_bias,all,l2_misses,diagnostic,excess:workgroup_window.t16.stream.load.32B,,,diagnostic,2,1.0
1,tuolumne,softmax_bias,all,l2_misses,diagnostic,Q:workgroup_window.t16.stream.load.64B,workgroup_window.t16.stream.load,64,diagnostic,2,1.0
1,tuolumne,softmax_bias,all,l2_misses,diagnostic,excess:workgroup_window.t16.stream.load.64B,,,diagnostic,2,1.0
1,tuolumne,softmax_bias,all,l2_misses,diagnostic,Q:workgroup_window.t16.stream.load.128B,workgroup_window.t16.stream.load,128,diagnostic,2,1.0
1,tuolumne,softmax_bias,all,l2_misses,diagnostic,excess:workgroup_window.t16.stream.load.128B,,,diagnostic,2,1.0
1,tuolumne,softmax_bias,all,l2_misses,diagnostic,Q:workgroup_window.t16.stream.load.256B,workgroup_window.t16.stream.load,256,diagnostic,2,1.0
1,tuolumne,softmax_bias,all,l2_misses,diagnostic,excess:workgroup_window.t16.stream.load.256B,,,diagnostic,2,1.0
1,tuolumne,softmax_bias,all,l2_misses,diagnostic,Q:workgroup_window.t16.array.load.32B,workgroup_window.t16.array.load,32,diagnostic,2,1.0
1,tuolumne,softmax_bias,all,l2_misses,diagnostic,excess:workgroup_window.t16.array.load.32B,,,diagnostic,2,1.0
1,tuolumne,softmax_bias,all,l2_misses,diagnostic,Q:workgroup_window.t16.array.load.64B,workgroup_window.t16.array.load,64,diagnostic,2,1.0
1,tuolumne,softmax_bias,all,l2_misses,diagnostic,excess:workgroup_window.t16.array.load.64B,,,diagnostic,2,1.0
1,tuolumne,softmax_bias,all,l2_misses,diagnostic,Q:workgroup_window.t16.array.load.128B,workgroup_window.t16.array.load,128,diagnostic,2,1.0
1,tuolumne,softmax_bias,all,l2_misses,diagnostic,excess:workgroup_window.t16.array.load.128B,,,diagnostic,2,1.0
1,tuolumne,softmax_bias,all,l2_misses,diagnostic,Q:workgroup_window.t16.array.load.256B,workgroup_window.t16.array.load,256,diagnostic,2,1.0
1,tuolumne,softmax_bias,all,l2_misses,diagnostic,excess:workgroup_window.t16.array.load.256B,,,diagnostic,2,1.0
1,tuolumne,softmax_bias,all,l2_misses,diagnostic,Q:workgroup_step.stream.load.32B,workgroup_step.stream.load,32,diagnostic,2,1.0
1,tuolumne,softmax_bias,all,l2_misses,diagnostic,excess:workgroup_step.stream.load.32B,,,diagnostic,2,1.0
1,tuolumne,softmax_bias,all,l2_misses,diagnostic,Q:workgroup_step.stream.load.64B,workgroup_step.stream.load,64,diagnostic,2,1.0
1,tuolumne,softmax_bias,all,l2_misses,diagnostic,excess:workgroup_step.stream.load.64B,,,diagnostic,2,1.0
1,tuolumne,softmax_bias,all,l2_misses,diagnostic,Q:workgroup_step.stream.load.128B,workgroup_step.stream.load,128,diagnostic,2,1.0
1,tuolumne,softmax_bias,all,l2_misses,diagnostic,excess:workgroup_step.stream.load.128B,,,diagnostic,2,1.0
1,tuolumne,softmax_bias,all,l2_misses,diagnostic,Q:workgroup_step.stream.load.256B,workgroup_step.stream.load,256,diagnostic,2,1.0
1,tuolumne,softmax_bias,all,l2_misses,diagnostic,excess:workgroup_step.stream.load.256B,,,diagnostic,2,1.0
1,tuolumne,softmax_bias,all,l2_misses,diagnostic,Q:workgroup_step.array.load.32B,workgroup_step.array.load,32,diagnostic,2,1.0
1,tuolumne,softmax_bias,all,l2_misses,diagnostic,excess:workgroup_step.array.load.32B,,,diagnostic,2,1.0
1,tuolumne,softmax_bias,all,l2_misses,diagnostic,Q:workgroup_step.array.load.64B,workgroup_step.array.load,64,diagnostic,2,1.0
1,tuolumne,softmax_bias,all,l2_misses,diagnostic,excess:workgroup_step.array.load.64B,,,diagnostic,2,1.0
1,tuolumne,softmax_bias,all,l2_misses,diagnostic,Q:workgroup_step.array.load.128B,workgroup_step.array.load,128,diagnostic,2,1.0
1,tuolumne,softmax_bias,all,l2_misses,diagnostic,excess:workgroup_step.array.load.128B,,,diagnostic,2,1.0
1,tuolumne,softmax_bias,all,l2_misses,diagnostic,Q:workgroup_step.array.load.256B,workgroup_step.array.load,256,diagnostic,2,1.0
1,tuolumne,softmax_bias,all,l2_misses,diagnostic,excess:workgroup_step.array.load.256B,,,diagnostic,2,1.0
1,tuolumne,softmax_bias,all,l2_misses,diagnostic,Q:phase.lane.stream.load.32B,phase.lane.stream.load,32,diagnostic,2,
1,tuolumne,softmax_bias,all,l2_misses,diagnostic,excess:phase.lane.stream.load.32B,,,diagnostic,2,
1,tuolumne,softmax_bias,all,l2_misses,diagnostic,Q:phase.lane.stream.load.64B,phase.lane.stream.load,64,diagnostic,2,
1,tuolumne,softmax_bias,all,l2_misses,diagnostic,excess:phase.lane.stream.load.64B,,,diagnostic,2,
1,tuolumne,softmax_bias,all,l2_misses,diagnostic,Q:phase.lane.stream.load.128B,phase.lane.stream.load,128,diagnostic,2,
1,tuolumne,softmax_bias,all,l2_misses,diagnostic,excess:phase.lane.stream.load.128B,,,diagnostic,2,
1,tuolumne,softmax_bias,all,l2_misses,diagnostic,Q:phase.lane.stream.load.256B,phase.lane.stream.load,256,diagnostic,2,
1,tuolumne,softmax_bias,all,l2_misses,diagnostic,excess:phase.lane.stream.load.256B,,,diagnostic,2,
1,tuolumne,softmax_bias,all,l2_misses,diagnostic,Q:phase.lane.array.load.32B,phase.lane.array.load,32,diagnostic,2,
1,tuolumne,softmax_bias,all,l2_misses,diagnostic,excess:phase.lane.array.load.32B,,,diagnostic,2,
1,tuolumne,softmax_bias,all,l2_misses,diagnostic,Q:phase.lane.array.load.64B,phase.lane.array.load,64,diagnostic,2,
1,tuolumne,softmax_bias,all,l2_misses,diagnostic,excess:phase.lane.array.load.64B,,,diagnostic,2,
1,tuolumne,softmax_bias,all,l2_misses,diagnostic,Q:phase.lane.array.load.128B,phase.lane.array.load,128,diagnostic,2,
1,tuolumne,softmax_bias,all,l2_misses,diagnostic,excess:phase.lane.array.load.128B,,,diagnostic,2,
1,tuolumne,softmax_bias,all,l2_misses,diagnostic,Q:phase.lane.array.load.256B,phase.lane.array.load,256,diagnostic,2,
1,tuolumne,softmax_bias,all,l2_misses,diagnostic,excess:phase.lane.array.load.256B,,,diagnostic,2,
1,tuolumne,softmax_bias,all,l2_misses,diagnostic,Q:phase.simd.stream.load.32B,phase.simd.stream.load,32,diagnostic,2,1.0
1,tuolumne,softmax_bias,all,l2_misses,diagnostic,excess:phase.simd.stream.load.32B,,,diagnostic,2,1.0
1,tuolumne,softmax_bias,all,l2_misses,diagnostic,Q:phase.simd.stream.load.64B,phase.simd.stream.load,64,diagnostic,2,1.0
1,tuolumne,softmax_bias,all,l2_misses,diagnostic,excess:phase.simd.stream.load.64B,,,diagnostic,2,1.0
1,tuolumne,softmax_bias,all,l2_misses,diagnostic,Q:phase.simd.stream.load.128B,phase.simd.stream.load,128,diagnostic,2,1.0
1,tuolumne,softmax_bias,all,l2_misses,diagnostic,excess:phase.simd.stream.load.128B,,,diagnostic,2,1.0
1,tuolumne,softmax_bias,all,l2_misses,diagnostic,Q:phase.simd.stream.load.256B,phase.simd.stream.load,256,diagnostic,2,1.0
1,tuolumne,softmax_bias,all,l2_misses,diagnostic,excess:phase.simd.stream.load.256B,,,diagnostic,2,1.0
1,tuolumne,softmax_bias,all,l2_misses,diagnostic,Q:phase.simd.array.load.32B,phase.simd.array.load,32,diagnostic,2,1.0
1,tuolumne,softmax_bias,all,l2_misses,diagnostic,excess:phase.simd.array.load.32B,,,diagnostic,2,1.0
1,tuolumne,softmax_bias,all,l2_misses,diagnostic,Q:phase.simd.array.load.64B,phase.simd.array.load,64,diagnostic,2,1.0
1,tuolumne,softmax_bias,all,l2_misses,diagnostic,excess:phase.simd.array.load.64B,,,diagnostic,2,1.0
1,tuolumne,softmax_bias,all,l2_misses,diagnostic,Q:phase.simd.array.load.128B,phase.simd.array.load,128,diagnostic,2,1.0
1,tuolumne,softmax_bias,all,l2_misses,diagnostic,excess:phase.simd.array.load.128B,,,diagnostic,2,1.0
1,tuolumne,softmax_bias,all,l2_misses,diagnostic,Q:phase.simd.array.load.256B,phase.simd.array.load,256,diagnostic,2,1.0
1,tuolumne,softmax_bias,all,l2_misses,diagnostic,excess:phase.simd.array.load.256B,,,diagnostic,2,1.0
1,tuolumne,softmax_bias,all,l2_misses,diagnostic,Q:phase.workgroup.stream.load.32B,phase.workgroup.stream.load,32,diagnostic,2,1.0
1,tuolumne,softmax_bias,all,l2_misses,diagnostic,excess:phase.workgroup.stream.load.32B,,,diagnostic,2,1.0
1,tuolumne,softmax_bias,all,l2_misses,diagnostic,Q:phase.workgroup.stream.load.64B,phase.workgroup.stream.load,64,diagnostic,2,1.0
1,tuolumne,softmax_bias,all,l2_misses,diagnostic,excess:phase.workgroup.stream.load.64B,,,diagnostic,2,1.0
1,tuolumne,softmax_bias,all,l2_misses,diagnostic,Q:phase.workgroup.stream.load.128B,phase.workgroup.stream.load,128,diagnostic,2,1.0
1,tuolumne,softmax_bias,all,l2_misses,diagnostic,excess:phase.workgroup.stream.load.128B,,,diagnostic,2,1.0
1,tuolumne,softmax_bias,all,l2_misses,diagnostic,Q:phase.workgroup.stream.load.256B,phase.workgroup.stream.load,256,diagnostic,2,1.0
1,tuolumne,softmax_bias,all,l2_misses,diagnostic,excess:phase.workgroup.stream.load.256B,,,diagnostic,2,1.0
1,tuolumne,softmax_bias,all,l2_misses,diagnostic,Q:phase.workgroup.array.load.32B,phase.workgroup.array.load,32,diagnostic,2,1.0
1,tuolumne,softmax_bias,all,l2_misses,diagnostic,excess:phase.workgroup.array.load.32B,,,diagnostic,2,1.0
1,tuolumne,softmax_bias,all,l2_misses,diagnostic,Q:phase.workgroup.array.load.64B,phase.workgroup.array.load,64,diagnostic,2,1.0
1,tuolumne,softmax_bias,all,l2_misses,diagnostic,excess:phase.workgroup.array.load.64B,,,diagnostic,2,1.0
1,tuolumne,softmax_bias,all,l2_misses,diagnostic,Q:phase.workgroup.array.load.128B,phase.workgroup.array.load,128,diagnostic,2,1.0
1,tuolumne,softmax_bias,all,l2_misses,diagnostic,excess:phase.workgroup.array.load.128B,,,diagnostic,2,1.0
1,tuolumne,softmax_bias,all,l2_misses,diagnostic,Q:phase.workgroup.array.load.256B,phase.workgroup.array.load,256,diagnostic,2,1.0
1,tuolumne,softmax_bias,all,l2_misses,diagnostic,excess:phase.workgroup.array.load.256B,,,diagnostic,2,1.0
1,tuolumne,softmax_bias,all,l2_tag_requests,diagnostic,J_area,,,aggregate,2,1.0
1,tuolumne,softmax_bias,all,l2_tag_requests,diagnostic,peak_normalized_excess,,,diagnostic,2,1.0
1,tuolumne,softmax_bias,all,l2_tag_requests,diagnostic,Q:issue.g8.stream.load.32B,issue.g8.stream.load,32,diagnostic,2,1.0
1,tuolumne,softmax_bias,all,l2_tag_requests,diagnostic,excess:issue.g8.stream.load.32B,,,diagnostic,2,1.0
1,tuolumne,softmax_bias,all,l2_tag_requests,diagnostic,Q:issue.g8.stream.load.64B,issue.g8.stream.load,64,diagnostic,2,1.0
1,tuolumne,softmax_bias,all,l2_tag_requests,diagnostic,excess:issue.g8.stream.load.64B,,,diagnostic,2,1.0
1,tuolumne,softmax_bias,all,l2_tag_requests,diagnostic,Q:issue.g8.stream.load.128B,issue.g8.stream.load,128,diagnostic,2,1.0
1,tuolumne,softmax_bias,all,l2_tag_requests,diagnostic,excess:issue.g8.stream.load.128B,,,diagnostic,2,1.0
1,tuolumne,softmax_bias,all,l2_tag_requests,diagnostic,Q:issue.g8.stream.load.256B,issue.g8.stream.load,256,diagnostic,2,1.0
1,tuolumne,softmax_bias,all,l2_tag_requests,diagnostic,excess:issue.g8.stream.load.256B,,,diagnostic,2,1.0
1,tuolumne,softmax_bias,all,l2_tag_requests,diagnostic,Q:issue.g16.stream.load.32B,issue.g16.stream.load,32,diagnostic,2,1.0
1,tuolumne,softmax_bias,all,l2_tag_requests,diagnostic,excess:issue.g16.stream.load.32B,,,diagnostic,2,1.0
1,tuolumne,softmax_bias,all,l2_tag_requests,diagnostic,Q:issue.g16.stream.load.64B,issue.g16.stream.load,64,diagnostic,2,1.0
1,tuolumne,softmax_bias,all,l2_tag_requests,diagnostic,excess:issue.g16.stream.load.64B,,,diagnostic,2,1.0
1,tuolumne,softmax_bias,all,l2_tag_requests,diagnostic,Q:issue.g16.stream.load.128B,issue.g16.stream.load,128,diagnostic,2,1.0
1,tuolumne,softmax_bias,all,l2_tag_requests,diagnostic,excess:issue.g16.stream.load.128B,,,diagnostic,2,1.0
1,tuolumne,softmax_bias,all,l2_tag_requests,diagnostic,Q:issue.g16.stream.load.256B,issue.g16.stream.load,256,diagnostic,2,1.0
1,tuolumne,softmax_bias,all,l2_tag_requests,diagnostic,excess:issue.g16.stream.load.256B,,,diagnostic,2,1.0
1,tuolumne,softmax_bias,all,l2_tag_requests,diagnostic,Q:issue.g32.stream.load.32B,issue.g32.stream.load,32,diagnostic,2,1.0
1,tuolumne,softmax_bias,all,l2_tag_requests,diagnostic,excess:issue.g32.stream.load.32B,,,diagnostic,2,1.0
1,tuolumne,softmax_bias,all,l2_tag_requests,diagnostic,Q:issue.g32.stream.load.64B,issue.g32.stream.load,64,diagnostic,2,1.0
1,tuolumne,softmax_bias,all,l2_tag_requests,diagnostic,excess:issue.g32.stream.load.64B,,,diagnostic,2,1.0
1,tuolumne,softmax_bias,all,l2_tag_requests,diagnostic,Q:issue.g32.stream.load.128B,issue.g32.stream.load,128,diagnostic,2,1.0
1,tuolumne,softmax_bias,all,l2_tag_requests,diagnostic,excess:issue.g32.stream.load.128B,,,diagnostic,2,1.0
1,tuolumne,softmax_bias,all,l2_tag_requests,diagnostic,Q:issue.g32.stream.load.256B,issue.g32.stream.load,256,diagnostic,2,1.0
1,tuolumne,softmax_bias,all,l2_tag_requests,diagnostic,excess:issue.g32.stream.load.256B,,,diagnostic,2,1.0
1,tuolumne,softmax_bias,all,l2_tag_requests,diagnostic,Q:issue.g64.stream.load.32B,issue.g64.stream.load,32,diagnostic,2,1.0
1,tuolumne,softmax_bias,all,l2_tag_requests,diagnostic,excess:issue.g64.stream.load.32B,,,diagnostic,2,1.0
1,tuolumne,softmax_bias,all,l2_tag_requests,diagnostic,Q:issue.g64.stream.load.64B,issue.g64.stream.load,64,diagnostic,2,1.0
1,tuolumne,softmax_bias,all,l2_tag_requests,diagnostic,excess:issue.g64.stream.load.64B,,,diagnostic,2,1.0
1,tuolumne,softmax_bias,all,l2_tag_requests,diagnostic,Q:issue.g64.stream.load.128B,issue.g64.stream.load,128,diagnostic,2,1.0
1,tuolumne,softmax_bias,all,l2_tag_requests,diagnostic,excess:issue.g64.stream.load.128B,,,diagnostic,2,1.0
1,tuolumne,softmax_bias,all,l2_tag_requests,diagnostic,Q:issue.g64.stream.load.256B,issue.g64.stream.load,256,diagnostic,2,1.0
1,tuolumne,softmax_bias,all,l2_tag_requests,diagnostic,excess:issue.g64.stream.load.256B,,,diagnostic,2,1.0
1,tuolumne,softmax_bias,all,l2_tag_requests,diagnostic,Q:lane_window.t4.stream.load.32B,lane_window.t4.stream.load,32,diagnostic,2,
1,tuolumne,softmax_bias,all,l2_tag_requests,diagnostic,excess:lane_window.t4.stream.load.32B,,,diagnostic,2,
1,tuolumne,softmax_bias,all,l2_tag_requests,diagnostic,Q:lane_window.t4.stream.load.64B,lane_window.t4.stream.load,64,diagnostic,2,
1,tuolumne,softmax_bias,all,l2_tag_requests,diagnostic,excess:lane_window.t4.stream.load.64B,,,diagnostic,2,
1,tuolumne,softmax_bias,all,l2_tag_requests,diagnostic,Q:lane_window.t4.stream.load.128B,lane_window.t4.stream.load,128,diagnostic,2,
1,tuolumne,softmax_bias,all,l2_tag_requests,diagnostic,excess:lane_window.t4.stream.load.128B,,,diagnostic,2,
1,tuolumne,softmax_bias,all,l2_tag_requests,diagnostic,Q:lane_window.t4.stream.load.256B,lane_window.t4.stream.load,256,diagnostic,2,
1,tuolumne,softmax_bias,all,l2_tag_requests,diagnostic,excess:lane_window.t4.stream.load.256B,,,diagnostic,2,
1,tuolumne,softmax_bias,all,l2_tag_requests,diagnostic,Q:lane_window.t4.array.load.32B,lane_window.t4.array.load,32,diagnostic,2,
1,tuolumne,softmax_bias,all,l2_tag_requests,diagnostic,excess:lane_window.t4.array.load.32B,,,diagnostic,2,
1,tuolumne,softmax_bias,all,l2_tag_requests,diagnostic,Q:lane_window.t4.array.load.64B,lane_window.t4.array.load,64,diagnostic,2,
1,tuolumne,softmax_bias,all,l2_tag_requests,diagnostic,excess:lane_window.t4.array.load.64B,,,diagnostic,2,
1,tuolumne,softmax_bias,all,l2_tag_requests,diagnostic,Q:lane_window.t4.array.load.128B,lane_window.t4.array.load,128,diagnostic,2,
1,tuolumne,softmax_bias,all,l2_tag_requests,diagnostic,excess:lane_window.t4.array.load.128B,,,diagnostic,2,
1,tuolumne,softmax_bias,all,l2_tag_requests,diagnostic,Q:lane_window.t4.array.load.256B,lane_window.t4.array.load,256,diagnostic,2,
1,tuolumne,softmax_bias,all,l2_tag_requests,diagnostic,excess:lane_window.t4.array.load.256B,,,diagnostic,2,
1,tuolumne,softmax_bias,all,l2_tag_requests,diagnostic,Q:lane_window.t16.stream.load.32B,lane_window.t16.stream.load,32,diagnostic,2,
1,tuolumne,softmax_bias,all,l2_tag_requests,diagnostic,excess:lane_window.t16.stream.load.32B,,,diagnostic,2,
1,tuolumne,softmax_bias,all,l2_tag_requests,diagnostic,Q:lane_window.t16.stream.load.64B,lane_window.t16.stream.load,64,diagnostic,2,
1,tuolumne,softmax_bias,all,l2_tag_requests,diagnostic,excess:lane_window.t16.stream.load.64B,,,diagnostic,2,
1,tuolumne,softmax_bias,all,l2_tag_requests,diagnostic,Q:lane_window.t16.stream.load.128B,lane_window.t16.stream.load,128,diagnostic,2,
1,tuolumne,softmax_bias,all,l2_tag_requests,diagnostic,excess:lane_window.t16.stream.load.128B,,,diagnostic,2,
1,tuolumne,softmax_bias,all,l2_tag_requests,diagnostic,Q:lane_window.t16.stream.load.256B,lane_window.t16.stream.load,256,diagnostic,2,
1,tuolumne,softmax_bias,all,l2_tag_requests,diagnostic,excess:lane_window.t16.stream.load.256B,,,diagnostic,2,
1,tuolumne,softmax_bias,all,l2_tag_requests,diagnostic,Q:lane_window.t16.array.load.32B,lane_window.t16.array.load,32,diagnostic,2,
1,tuolumne,softmax_bias,all,l2_tag_requests,diagnostic,excess:lane_window.t16.array.load.32B,,,diagnostic,2,
1,tuolumne,softmax_bias,all,l2_tag_requests,diagnostic,Q:lane_window.t16.array.load.64B,lane_window.t16.array.load,64,diagnostic,2,
1,tuolumne,softmax_bias,all,l2_tag_requests,diagnostic,excess:lane_window.t16.array.load.64B,,,diagnostic,2,
1,tuolumne,softmax_bias,all,l2_tag_requests,diagnostic,Q:lane_window.t16.array.load.128B,lane_window.t16.array.load,128,diagnostic,2,
1,tuolumne,softmax_bias,all,l2_tag_requests,diagnostic,excess:lane_window.t16.array.load.128B,,,diagnostic,2,
1,tuolumne,softmax_bias,all,l2_tag_requests,diagnostic,Q:lane_window.t16.array.load.256B,lane_window.t16.array.load,256,diagnostic,2,
1,tuolumne,softmax_bias,all,l2_tag_requests,diagnostic,excess:lane_window.t16.array.load.256B,,,diagnostic,2,
1,tuolumne,softmax_bias,all,l2_tag_requests,diagnostic,Q:simd_window.t4.stream.load.32B,simd_window.t4.stream.load,32,diagnostic,2,1.0
1,tuolumne,softmax_bias,all,l2_tag_requests,diagnostic,excess:simd_window.t4.stream.load.32B,,,diagnostic,2,1.0
1,tuolumne,softmax_bias,all,l2_tag_requests,diagnostic,Q:simd_window.t4.stream.load.64B,simd_window.t4.stream.load,64,diagnostic,2,1.0
1,tuolumne,softmax_bias,all,l2_tag_requests,diagnostic,excess:simd_window.t4.stream.load.64B,,,diagnostic,2,1.0
1,tuolumne,softmax_bias,all,l2_tag_requests,diagnostic,Q:simd_window.t4.stream.load.128B,simd_window.t4.stream.load,128,diagnostic,2,1.0
1,tuolumne,softmax_bias,all,l2_tag_requests,diagnostic,excess:simd_window.t4.stream.load.128B,,,diagnostic,2,1.0
1,tuolumne,softmax_bias,all,l2_tag_requests,diagnostic,Q:simd_window.t4.stream.load.256B,simd_window.t4.stream.load,256,diagnostic,2,1.0
1,tuolumne,softmax_bias,all,l2_tag_requests,diagnostic,excess:simd_window.t4.stream.load.256B,,,diagnostic,2,1.0
1,tuolumne,softmax_bias,all,l2_tag_requests,diagnostic,Q:simd_window.t4.array.load.32B,simd_window.t4.array.load,32,counter_scope_bytescale,2,1.0
1,tuolumne,softmax_bias,all,l2_tag_requests,diagnostic,excess:simd_window.t4.array.load.32B,,,diagnostic,2,1.0
1,tuolumne,softmax_bias,all,l2_tag_requests,diagnostic,Q:simd_window.t4.array.load.64B,simd_window.t4.array.load,64,counter_scope_bytescale,2,1.0
1,tuolumne,softmax_bias,all,l2_tag_requests,diagnostic,excess:simd_window.t4.array.load.64B,,,diagnostic,2,1.0
1,tuolumne,softmax_bias,all,l2_tag_requests,diagnostic,Q:simd_window.t4.array.load.128B,simd_window.t4.array.load,128,counter_component,2,1.0
1,tuolumne,softmax_bias,all,l2_tag_requests,diagnostic,excess:simd_window.t4.array.load.128B,,,diagnostic,2,1.0
1,tuolumne,softmax_bias,all,l2_tag_requests,diagnostic,Q:simd_window.t4.array.load.256B,simd_window.t4.array.load,256,counter_scope_bytescale,2,1.0
1,tuolumne,softmax_bias,all,l2_tag_requests,diagnostic,excess:simd_window.t4.array.load.256B,,,diagnostic,2,1.0
1,tuolumne,softmax_bias,all,l2_tag_requests,diagnostic,Q:simd_window.t16.stream.load.32B,simd_window.t16.stream.load,32,diagnostic,2,1.0
1,tuolumne,softmax_bias,all,l2_tag_requests,diagnostic,excess:simd_window.t16.stream.load.32B,,,diagnostic,2,1.0
1,tuolumne,softmax_bias,all,l2_tag_requests,diagnostic,Q:simd_window.t16.stream.load.64B,simd_window.t16.stream.load,64,diagnostic,2,1.0
1,tuolumne,softmax_bias,all,l2_tag_requests,diagnostic,excess:simd_window.t16.stream.load.64B,,,diagnostic,2,1.0
1,tuolumne,softmax_bias,all,l2_tag_requests,diagnostic,Q:simd_window.t16.stream.load.128B,simd_window.t16.stream.load,128,diagnostic,2,1.0
1,tuolumne,softmax_bias,all,l2_tag_requests,diagnostic,excess:simd_window.t16.stream.load.128B,,,diagnostic,2,1.0
1,tuolumne,softmax_bias,all,l2_tag_requests,diagnostic,Q:simd_window.t16.stream.load.256B,simd_window.t16.stream.load,256,diagnostic,2,1.0
1,tuolumne,softmax_bias,all,l2_tag_requests,diagnostic,excess:simd_window.t16.stream.load.256B,,,diagnostic,2,1.0
1,tuolumne,softmax_bias,all,l2_tag_requests,diagnostic,Q:simd_window.t16.array.load.32B,simd_window.t16.array.load,32,diagnostic,2,1.0
1,tuolumne,softmax_bias,all,l2_tag_requests,diagnostic,excess:simd_window.t16.array.load.32B,,,diagnostic,2,1.0
1,tuolumne,softmax_bias,all,l2_tag_requests,diagnostic,Q:simd_window.t16.array.load.64B,simd_window.t16.array.load,64,diagnostic,2,1.0
1,tuolumne,softmax_bias,all,l2_tag_requests,diagnostic,excess:simd_window.t16.array.load.64B,,,diagnostic,2,1.0
1,tuolumne,softmax_bias,all,l2_tag_requests,diagnostic,Q:simd_window.t16.array.load.128B,simd_window.t16.array.load,128,diagnostic,2,1.0
1,tuolumne,softmax_bias,all,l2_tag_requests,diagnostic,excess:simd_window.t16.array.load.128B,,,diagnostic,2,1.0
1,tuolumne,softmax_bias,all,l2_tag_requests,diagnostic,Q:simd_window.t16.array.load.256B,simd_window.t16.array.load,256,diagnostic,2,1.0
1,tuolumne,softmax_bias,all,l2_tag_requests,diagnostic,excess:simd_window.t16.array.load.256B,,,diagnostic,2,1.0
1,tuolumne,softmax_bias,all,l2_tag_requests,diagnostic,Q:workgroup_window.t4.stream.load.32B,workgroup_window.t4.stream.load,32,diagnostic,2,1.0
1,tuolumne,softmax_bias,all,l2_tag_requests,diagnostic,excess:workgroup_window.t4.stream.load.32B,,,diagnostic,2,1.0
1,tuolumne,softmax_bias,all,l2_tag_requests,diagnostic,Q:workgroup_window.t4.stream.load.64B,workgroup_window.t4.stream.load,64,diagnostic,2,1.0
1,tuolumne,softmax_bias,all,l2_tag_requests,diagnostic,excess:workgroup_window.t4.stream.load.64B,,,diagnostic,2,1.0
1,tuolumne,softmax_bias,all,l2_tag_requests,diagnostic,Q:workgroup_window.t4.stream.load.128B,workgroup_window.t4.stream.load,128,diagnostic,2,1.0
1,tuolumne,softmax_bias,all,l2_tag_requests,diagnostic,excess:workgroup_window.t4.stream.load.128B,,,diagnostic,2,1.0
1,tuolumne,softmax_bias,all,l2_tag_requests,diagnostic,Q:workgroup_window.t4.stream.load.256B,workgroup_window.t4.stream.load,256,diagnostic,2,1.0
1,tuolumne,softmax_bias,all,l2_tag_requests,diagnostic,excess:workgroup_window.t4.stream.load.256B,,,diagnostic,2,1.0
1,tuolumne,softmax_bias,all,l2_tag_requests,diagnostic,Q:workgroup_window.t4.array.load.32B,workgroup_window.t4.array.load,32,diagnostic,2,1.0
1,tuolumne,softmax_bias,all,l2_tag_requests,diagnostic,excess:workgroup_window.t4.array.load.32B,,,diagnostic,2,1.0
1,tuolumne,softmax_bias,all,l2_tag_requests,diagnostic,Q:workgroup_window.t4.array.load.64B,workgroup_window.t4.array.load,64,diagnostic,2,1.0
1,tuolumne,softmax_bias,all,l2_tag_requests,diagnostic,excess:workgroup_window.t4.array.load.64B,,,diagnostic,2,1.0
1,tuolumne,softmax_bias,all,l2_tag_requests,diagnostic,Q:workgroup_window.t4.array.load.128B,workgroup_window.t4.array.load,128,diagnostic,2,1.0
1,tuolumne,softmax_bias,all,l2_tag_requests,diagnostic,excess:workgroup_window.t4.array.load.128B,,,diagnostic,2,1.0
1,tuolumne,softmax_bias,all,l2_tag_requests,diagnostic,Q:workgroup_window.t4.array.load.256B,workgroup_window.t4.array.load,256,diagnostic,2,1.0
1,tuolumne,softmax_bias,all,l2_tag_requests,diagnostic,excess:workgroup_window.t4.array.load.256B,,,diagnostic,2,1.0
1,tuolumne,softmax_bias,all,l2_tag_requests,diagnostic,Q:workgroup_window.t16.stream.load.32B,workgroup_window.t16.stream.load,32,diagnostic,2,1.0
1,tuolumne,softmax_bias,all,l2_tag_requests,diagnostic,excess:workgroup_window.t16.stream.load.32B,,,diagnostic,2,1.0
1,tuolumne,softmax_bias,all,l2_tag_requests,diagnostic,Q:workgroup_window.t16.stream.load.64B,workgroup_window.t16.stream.load,64,diagnostic,2,1.0
1,tuolumne,softmax_bias,all,l2_tag_requests,diagnostic,excess:workgroup_window.t16.stream.load.64B,,,diagnostic,2,1.0
1,tuolumne,softmax_bias,all,l2_tag_requests,diagnostic,Q:workgroup_window.t16.stream.load.128B,workgroup_window.t16.stream.load,128,diagnostic,2,1.0
1,tuolumne,softmax_bias,all,l2_tag_requests,diagnostic,excess:workgroup_window.t16.stream.load.128B,,,diagnostic,2,1.0
1,tuolumne,softmax_bias,all,l2_tag_requests,diagnostic,Q:workgroup_window.t16.stream.load.256B,workgroup_window.t16.stream.load,256,diagnostic,2,1.0
1,tuolumne,softmax_bias,all,l2_tag_requests,diagnostic,excess:workgroup_window.t16.stream.load.256B,,,diagnostic,2,1.0
1,tuolumne,softmax_bias,all,l2_tag_requests,diagnostic,Q:workgroup_window.t16.array.load.32B,workgroup_window.t16.array.load,32,diagnostic,2,1.0
1,tuolumne,softmax_bias,all,l2_tag_requests,diagnostic,excess:workgroup_window.t16.array.load.32B,,,diagnostic,2,1.0
1,tuolumne,softmax_bias,all,l2_tag_requests,diagnostic,Q:workgroup_window.t16.array.load.64B,workgroup_window.t16.array.load,64,diagnostic,2,1.0
1,tuolumne,softmax_bias,all,l2_tag_requests,diagnostic,excess:workgroup_window.t16.array.load.64B,,,diagnostic,2,1.0
1,tuolumne,softmax_bias,all,l2_tag_requests,diagnostic,Q:workgroup_window.t16.array.load.128B,workgroup_window.t16.array.load,128,diagnostic,2,1.0
1,tuolumne,softmax_bias,all,l2_tag_requests,diagnostic,excess:workgroup_window.t16.array.load.128B,,,diagnostic,2,1.0
1,tuolumne,softmax_bias,all,l2_tag_requests,diagnostic,Q:workgroup_window.t16.array.load.256B,workgroup_window.t16.array.load,256,diagnostic,2,1.0
1,tuolumne,softmax_bias,all,l2_tag_requests,diagnostic,excess:workgroup_window.t16.array.load.256B,,,diagnostic,2,1.0
1,tuolumne,softmax_bias,all,l2_tag_requests,diagnostic,Q:workgroup_step.stream.load.32B,workgroup_step.stream.load,32,diagnostic,2,1.0
1,tuolumne,softmax_bias,all,l2_tag_requests,diagnostic,excess:workgroup_step.stream.load.32B,,,diagnostic,2,1.0
1,tuolumne,softmax_bias,all,l2_tag_requests,diagnostic,Q:workgroup_step.stream.load.64B,workgroup_step.stream.load,64,diagnostic,2,1.0
1,tuolumne,softmax_bias,all,l2_tag_requests,diagnostic,excess:workgroup_step.stream.load.64B,,,diagnostic,2,1.0
1,tuolumne,softmax_bias,all,l2_tag_requests,diagnostic,Q:workgroup_step.stream.load.128B,workgroup_step.stream.load,128,diagnostic,2,1.0
1,tuolumne,softmax_bias,all,l2_tag_requests,diagnostic,excess:workgroup_step.stream.load.128B,,,diagnostic,2,1.0
1,tuolumne,softmax_bias,all,l2_tag_requests,diagnostic,Q:workgroup_step.stream.load.256B,workgroup_step.stream.load,256,diagnostic,2,1.0
1,tuolumne,softmax_bias,all,l2_tag_requests,diagnostic,excess:workgroup_step.stream.load.256B,,,diagnostic,2,1.0
1,tuolumne,softmax_bias,all,l2_tag_requests,diagnostic,Q:workgroup_step.array.load.32B,workgroup_step.array.load,32,diagnostic,2,1.0
1,tuolumne,softmax_bias,all,l2_tag_requests,diagnostic,excess:workgroup_step.array.load.32B,,,diagnostic,2,1.0
1,tuolumne,softmax_bias,all,l2_tag_requests,diagnostic,Q:workgroup_step.array.load.64B,workgroup_step.array.load,64,diagnostic,2,1.0
1,tuolumne,softmax_bias,all,l2_tag_requests,diagnostic,excess:workgroup_step.array.load.64B,,,diagnostic,2,1.0
1,tuolumne,softmax_bias,all,l2_tag_requests,diagnostic,Q:workgroup_step.array.load.128B,workgroup_step.array.load,128,diagnostic,2,1.0
1,tuolumne,softmax_bias,all,l2_tag_requests,diagnostic,excess:workgroup_step.array.load.128B,,,diagnostic,2,1.0
1,tuolumne,softmax_bias,all,l2_tag_requests,diagnostic,Q:workgroup_step.array.load.256B,workgroup_step.array.load,256,diagnostic,2,1.0
1,tuolumne,softmax_bias,all,l2_tag_requests,diagnostic,excess:workgroup_step.array.load.256B,,,diagnostic,2,1.0
1,tuolumne,softmax_bias,all,l2_tag_requests,diagnostic,Q:phase.lane.stream.load.32B,phase.lane.stream.load,32,diagnostic,2,
1,tuolumne,softmax_bias,all,l2_tag_requests,diagnostic,excess:phase.lane.stream.load.32B,,,diagnostic,2,
1,tuolumne,softmax_bias,all,l2_tag_requests,diagnostic,Q:phase.lane.stream.load.64B,phase.lane.stream.load,64,diagnostic,2,
1,tuolumne,softmax_bias,all,l2_tag_requests,diagnostic,excess:phase.lane.stream.load.64B,,,diagnostic,2,
1,tuolumne,softmax_bias,all,l2_tag_requests,diagnostic,Q:phase.lane.stream.load.128B,phase.lane.stream.load,128,diagnostic,2,
1,tuolumne,softmax_bias,all,l2_tag_requests,diagnostic,excess:phase.lane.stream.load.128B,,,diagnostic,2,
1,tuolumne,softmax_bias,all,l2_tag_requests,diagnostic,Q:phase.lane.stream.load.256B,phase.lane.stream.load,256,diagnostic,2,
1,tuolumne,softmax_bias,all,l2_tag_requests,diagnostic,excess:phase.lane.stream.load.256B,,,diagnostic,2,
1,tuolumne,softmax_bias,all,l2_tag_requests,diagnostic,Q:phase.lane.array.load.32B,phase.lane.array.load,32,diagnostic,2,
1,tuolumne,softmax_bias,all,l2_tag_requests,diagnostic,excess:phase.lane.array.load.32B,,,diagnostic,2,
1,tuolumne,softmax_bias,all,l2_tag_requests,diagnostic,Q:phase.lane.array.load.64B,phase.lane.array.load,64,diagnostic,2,
1,tuolumne,softmax_bias,all,l2_tag_requests,diagnostic,excess:phase.lane.array.load.64B,,,diagnostic,2,
1,tuolumne,softmax_bias,all,l2_tag_requests,diagnostic,Q:phase.lane.array.load.128B,phase.lane.array.load,128,diagnostic,2,
1,tuolumne,softmax_bias,all,l2_tag_requests,diagnostic,excess:phase.lane.array.load.128B,,,diagnostic,2,
1,tuolumne,softmax_bias,all,l2_tag_requests,diagnostic,Q:phase.lane.array.load.256B,phase.lane.array.load,256,diagnostic,2,
1,tuolumne,softmax_bias,all,l2_tag_requests,diagnostic,excess:phase.lane.array.load.256B,,,diagnostic,2,
1,tuolumne,softmax_bias,all,l2_tag_requests,diagnostic,Q:phase.simd.stream.load.32B,phase.simd.stream.load,32,diagnostic,2,1.0
1,tuolumne,softmax_bias,all,l2_tag_requests,diagnostic,excess:phase.simd.stream.load.32B,,,diagnostic,2,1.0
1,tuolumne,softmax_bias,all,l2_tag_requests,diagnostic,Q:phase.simd.stream.load.64B,phase.simd.stream.load,64,diagnostic,2,1.0
1,tuolumne,softmax_bias,all,l2_tag_requests,diagnostic,excess:phase.simd.stream.load.64B,,,diagnostic,2,1.0
1,tuolumne,softmax_bias,all,l2_tag_requests,diagnostic,Q:phase.simd.stream.load.128B,phase.simd.stream.load,128,diagnostic,2,1.0
1,tuolumne,softmax_bias,all,l2_tag_requests,diagnostic,excess:phase.simd.stream.load.128B,,,diagnostic,2,1.0
1,tuolumne,softmax_bias,all,l2_tag_requests,diagnostic,Q:phase.simd.stream.load.256B,phase.simd.stream.load,256,diagnostic,2,1.0
1,tuolumne,softmax_bias,all,l2_tag_requests,diagnostic,excess:phase.simd.stream.load.256B,,,diagnostic,2,1.0
1,tuolumne,softmax_bias,all,l2_tag_requests,diagnostic,Q:phase.simd.array.load.32B,phase.simd.array.load,32,diagnostic,2,1.0
1,tuolumne,softmax_bias,all,l2_tag_requests,diagnostic,excess:phase.simd.array.load.32B,,,diagnostic,2,1.0
1,tuolumne,softmax_bias,all,l2_tag_requests,diagnostic,Q:phase.simd.array.load.64B,phase.simd.array.load,64,diagnostic,2,1.0
1,tuolumne,softmax_bias,all,l2_tag_requests,diagnostic,excess:phase.simd.array.load.64B,,,diagnostic,2,1.0
1,tuolumne,softmax_bias,all,l2_tag_requests,diagnostic,Q:phase.simd.array.load.128B,phase.simd.array.load,128,diagnostic,2,1.0
1,tuolumne,softmax_bias,all,l2_tag_requests,diagnostic,excess:phase.simd.array.load.128B,,,diagnostic,2,1.0
1,tuolumne,softmax_bias,all,l2_tag_requests,diagnostic,Q:phase.simd.array.load.256B,phase.simd.array.load,256,diagnostic,2,1.0
1,tuolumne,softmax_bias,all,l2_tag_requests,diagnostic,excess:phase.simd.array.load.256B,,,diagnostic,2,1.0
1,tuolumne,softmax_bias,all,l2_tag_requests,diagnostic,Q:phase.workgroup.stream.load.32B,phase.workgroup.stream.load,32,diagnostic,2,1.0
1,tuolumne,softmax_bias,all,l2_tag_requests,diagnostic,excess:phase.workgroup.stream.load.32B,,,diagnostic,2,1.0
1,tuolumne,softmax_bias,all,l2_tag_requests,diagnostic,Q:phase.workgroup.stream.load.64B,phase.workgroup.stream.load,64,diagnostic,2,1.0
1,tuolumne,softmax_bias,all,l2_tag_requests,diagnostic,excess:phase.workgroup.stream.load.64B,,,diagnostic,2,1.0
1,tuolumne,softmax_bias,all,l2_tag_requests,diagnostic,Q:phase.workgroup.stream.load.128B,phase.workgroup.stream.load,128,diagnostic,2,1.0
1,tuolumne,softmax_bias,all,l2_tag_requests,diagnostic,excess:phase.workgroup.stream.load.128B,,,diagnostic,2,1.0
1,tuolumne,softmax_bias,all,l2_tag_requests,diagnostic,Q:phase.workgroup.stream.load.256B,phase.workgroup.stream.load,256,diagnostic,2,1.0
1,tuolumne,softmax_bias,all,l2_tag_requests,diagnostic,excess:phase.workgroup.stream.load.256B,,,diagnostic,2,1.0
1,tuolumne,softmax_bias,all,l2_tag_requests,diagnostic,Q:phase.workgroup.array.load.32B,phase.workgroup.array.load,32,diagnostic,2,1.0
1,tuolumne,softmax_bias,all,l2_tag_requests,diagnostic,excess:phase.workgroup.array.load.32B,,,diagnostic,2,1.0
1,tuolumne,softmax_bias,all,l2_tag_requests,diagnostic,Q:phase.workgroup.array.load.64B,phase.workgroup.array.load,64,diagnostic,2,1.0
1,tuolumne,softmax_bias,all,l2_tag_requests,diagnostic,excess:phase.workgroup.array.load.64B,,,diagnostic,2,1.0
1,tuolumne,softmax_bias,all,l2_tag_requests,diagnostic,Q:phase.workgroup.array.load.128B,phase.workgroup.array.load,128,diagnostic,2,1.0
1,tuolumne,softmax_bias,all,l2_tag_requests,diagnostic,excess:phase.workgroup.array.load.128B,,,diagnostic,2,1.0
1,tuolumne,softmax_bias,all,l2_tag_requests,diagnostic,Q:phase.workgroup.array.load.256B,phase.workgroup.array.load,256,diagnostic,2,1.0
1,tuolumne,softmax_bias,all,l2_tag_requests,diagnostic,excess:phase.workgroup.array.load.256B,,,diagnostic,2,1.0
1,tuolumne,softmax_bias,all,second_level_read_requests,diagnostic,J_area,,,aggregate,2,1.0
1,tuolumne,softmax_bias,all,second_level_read_requests,diagnostic,peak_normalized_excess,,,diagnostic,2,1.0
1,tuolumne,softmax_bias,all,second_level_read_requests,diagnostic,Q:issue.g8.stream.load.32B,issue.g8.stream.load,32,diagnostic,2,1.0
1,tuolumne,softmax_bias,all,second_level_read_requests,diagnostic,excess:issue.g8.stream.load.32B,,,diagnostic,2,1.0
1,tuolumne,softmax_bias,all,second_level_read_requests,diagnostic,Q:issue.g8.stream.load.64B,issue.g8.stream.load,64,diagnostic,2,1.0
1,tuolumne,softmax_bias,all,second_level_read_requests,diagnostic,excess:issue.g8.stream.load.64B,,,diagnostic,2,1.0
1,tuolumne,softmax_bias,all,second_level_read_requests,diagnostic,Q:issue.g8.stream.load.128B,issue.g8.stream.load,128,diagnostic,2,1.0
1,tuolumne,softmax_bias,all,second_level_read_requests,diagnostic,excess:issue.g8.stream.load.128B,,,diagnostic,2,1.0
1,tuolumne,softmax_bias,all,second_level_read_requests,diagnostic,Q:issue.g8.stream.load.256B,issue.g8.stream.load,256,diagnostic,2,1.0
1,tuolumne,softmax_bias,all,second_level_read_requests,diagnostic,excess:issue.g8.stream.load.256B,,,diagnostic,2,1.0
1,tuolumne,softmax_bias,all,second_level_read_requests,diagnostic,Q:issue.g16.stream.load.32B,issue.g16.stream.load,32,diagnostic,2,1.0
1,tuolumne,softmax_bias,all,second_level_read_requests,diagnostic,excess:issue.g16.stream.load.32B,,,diagnostic,2,1.0
1,tuolumne,softmax_bias,all,second_level_read_requests,diagnostic,Q:issue.g16.stream.load.64B,issue.g16.stream.load,64,diagnostic,2,1.0
1,tuolumne,softmax_bias,all,second_level_read_requests,diagnostic,excess:issue.g16.stream.load.64B,,,diagnostic,2,1.0
1,tuolumne,softmax_bias,all,second_level_read_requests,diagnostic,Q:issue.g16.stream.load.128B,issue.g16.stream.load,128,diagnostic,2,1.0
1,tuolumne,softmax_bias,all,second_level_read_requests,diagnostic,excess:issue.g16.stream.load.128B,,,diagnostic,2,1.0
1,tuolumne,softmax_bias,all,second_level_read_requests,diagnostic,Q:issue.g16.stream.load.256B,issue.g16.stream.load,256,diagnostic,2,1.0
1,tuolumne,softmax_bias,all,second_level_read_requests,diagnostic,excess:issue.g16.stream.load.256B,,,diagnostic,2,1.0
1,tuolumne,softmax_bias,all,second_level_read_requests,diagnostic,Q:issue.g32.stream.load.32B,issue.g32.stream.load,32,diagnostic,2,1.0
1,tuolumne,softmax_bias,all,second_level_read_requests,diagnostic,excess:issue.g32.stream.load.32B,,,diagnostic,2,1.0
1,tuolumne,softmax_bias,all,second_level_read_requests,diagnostic,Q:issue.g32.stream.load.64B,issue.g32.stream.load,64,diagnostic,2,1.0
1,tuolumne,softmax_bias,all,second_level_read_requests,diagnostic,excess:issue.g32.stream.load.64B,,,diagnostic,2,1.0
1,tuolumne,softmax_bias,all,second_level_read_requests,diagnostic,Q:issue.g32.stream.load.128B,issue.g32.stream.load,128,diagnostic,2,1.0
1,tuolumne,softmax_bias,all,second_level_read_requests,diagnostic,excess:issue.g32.stream.load.128B,,,diagnostic,2,1.0
1,tuolumne,softmax_bias,all,second_level_read_requests,diagnostic,Q:issue.g32.stream.load.256B,issue.g32.stream.load,256,diagnostic,2,1.0
1,tuolumne,softmax_bias,all,second_level_read_requests,diagnostic,excess:issue.g32.stream.load.256B,,,diagnostic,2,1.0
1,tuolumne,softmax_bias,all,second_level_read_requests,diagnostic,Q:issue.g64.stream.load.32B,issue.g64.stream.load,32,diagnostic,2,1.0
1,tuolumne,softmax_bias,all,second_level_read_requests,diagnostic,excess:issue.g64.stream.load.32B,,,diagnostic,2,1.0
1,tuolumne,softmax_bias,all,second_level_read_requests,diagnostic,Q:issue.g64.stream.load.64B,issue.g64.stream.load,64,diagnostic,2,1.0
1,tuolumne,softmax_bias,all,second_level_read_requests,diagnostic,excess:issue.g64.stream.load.64B,,,diagnostic,2,1.0
1,tuolumne,softmax_bias,all,second_level_read_requests,diagnostic,Q:issue.g64.stream.load.128B,issue.g64.stream.load,128,diagnostic,2,1.0
1,tuolumne,softmax_bias,all,second_level_read_requests,diagnostic,excess:issue.g64.stream.load.128B,,,diagnostic,2,1.0
1,tuolumne,softmax_bias,all,second_level_read_requests,diagnostic,Q:issue.g64.stream.load.256B,issue.g64.stream.load,256,diagnostic,2,1.0
1,tuolumne,softmax_bias,all,second_level_read_requests,diagnostic,excess:issue.g64.stream.load.256B,,,diagnostic,2,1.0
1,tuolumne,softmax_bias,all,second_level_read_requests,diagnostic,Q:lane_window.t4.stream.load.32B,lane_window.t4.stream.load,32,diagnostic,2,
1,tuolumne,softmax_bias,all,second_level_read_requests,diagnostic,excess:lane_window.t4.stream.load.32B,,,diagnostic,2,
1,tuolumne,softmax_bias,all,second_level_read_requests,diagnostic,Q:lane_window.t4.stream.load.64B,lane_window.t4.stream.load,64,diagnostic,2,
1,tuolumne,softmax_bias,all,second_level_read_requests,diagnostic,excess:lane_window.t4.stream.load.64B,,,diagnostic,2,
1,tuolumne,softmax_bias,all,second_level_read_requests,diagnostic,Q:lane_window.t4.stream.load.128B,lane_window.t4.stream.load,128,diagnostic,2,
1,tuolumne,softmax_bias,all,second_level_read_requests,diagnostic,excess:lane_window.t4.stream.load.128B,,,diagnostic,2,
1,tuolumne,softmax_bias,all,second_level_read_requests,diagnostic,Q:lane_window.t4.stream.load.256B,lane_window.t4.stream.load,256,diagnostic,2,
1,tuolumne,softmax_bias,all,second_level_read_requests,diagnostic,excess:lane_window.t4.stream.load.256B,,,diagnostic,2,
1,tuolumne,softmax_bias,all,second_level_read_requests,diagnostic,Q:lane_window.t4.array.load.32B,lane_window.t4.array.load,32,diagnostic,2,
1,tuolumne,softmax_bias,all,second_level_read_requests,diagnostic,excess:lane_window.t4.array.load.32B,,,diagnostic,2,
1,tuolumne,softmax_bias,all,second_level_read_requests,diagnostic,Q:lane_window.t4.array.load.64B,lane_window.t4.array.load,64,diagnostic,2,
1,tuolumne,softmax_bias,all,second_level_read_requests,diagnostic,excess:lane_window.t4.array.load.64B,,,diagnostic,2,
1,tuolumne,softmax_bias,all,second_level_read_requests,diagnostic,Q:lane_window.t4.array.load.128B,lane_window.t4.array.load,128,diagnostic,2,
1,tuolumne,softmax_bias,all,second_level_read_requests,diagnostic,excess:lane_window.t4.array.load.128B,,,diagnostic,2,
1,tuolumne,softmax_bias,all,second_level_read_requests,diagnostic,Q:lane_window.t4.array.load.256B,lane_window.t4.array.load,256,diagnostic,2,
1,tuolumne,softmax_bias,all,second_level_read_requests,diagnostic,excess:lane_window.t4.array.load.256B,,,diagnostic,2,
1,tuolumne,softmax_bias,all,second_level_read_requests,diagnostic,Q:lane_window.t16.stream.load.32B,lane_window.t16.stream.load,32,diagnostic,2,
1,tuolumne,softmax_bias,all,second_level_read_requests,diagnostic,excess:lane_window.t16.stream.load.32B,,,diagnostic,2,
1,tuolumne,softmax_bias,all,second_level_read_requests,diagnostic,Q:lane_window.t16.stream.load.64B,lane_window.t16.stream.load,64,diagnostic,2,
1,tuolumne,softmax_bias,all,second_level_read_requests,diagnostic,excess:lane_window.t16.stream.load.64B,,,diagnostic,2,
1,tuolumne,softmax_bias,all,second_level_read_requests,diagnostic,Q:lane_window.t16.stream.load.128B,lane_window.t16.stream.load,128,diagnostic,2,
1,tuolumne,softmax_bias,all,second_level_read_requests,diagnostic,excess:lane_window.t16.stream.load.128B,,,diagnostic,2,
1,tuolumne,softmax_bias,all,second_level_read_requests,diagnostic,Q:lane_window.t16.stream.load.256B,lane_window.t16.stream.load,256,diagnostic,2,
1,tuolumne,softmax_bias,all,second_level_read_requests,diagnostic,excess:lane_window.t16.stream.load.256B,,,diagnostic,2,
1,tuolumne,softmax_bias,all,second_level_read_requests,diagnostic,Q:lane_window.t16.array.load.32B,lane_window.t16.array.load,32,diagnostic,2,
1,tuolumne,softmax_bias,all,second_level_read_requests,diagnostic,excess:lane_window.t16.array.load.32B,,,diagnostic,2,
1,tuolumne,softmax_bias,all,second_level_read_requests,diagnostic,Q:lane_window.t16.array.load.64B,lane_window.t16.array.load,64,diagnostic,2,
1,tuolumne,softmax_bias,all,second_level_read_requests,diagnostic,excess:lane_window.t16.array.load.64B,,,diagnostic,2,
1,tuolumne,softmax_bias,all,second_level_read_requests,diagnostic,Q:lane_window.t16.array.load.128B,lane_window.t16.array.load,128,diagnostic,2,
1,tuolumne,softmax_bias,all,second_level_read_requests,diagnostic,excess:lane_window.t16.array.load.128B,,,diagnostic,2,
1,tuolumne,softmax_bias,all,second_level_read_requests,diagnostic,Q:lane_window.t16.array.load.256B,lane_window.t16.array.load,256,diagnostic,2,
1,tuolumne,softmax_bias,all,second_level_read_requests,diagnostic,excess:lane_window.t16.array.load.256B,,,diagnostic,2,
1,tuolumne,softmax_bias,all,second_level_read_requests,diagnostic,Q:simd_window.t4.stream.load.32B,simd_window.t4.stream.load,32,diagnostic,2,1.0
1,tuolumne,softmax_bias,all,second_level_read_requests,diagnostic,excess:simd_window.t4.stream.load.32B,,,diagnostic,2,1.0
1,tuolumne,softmax_bias,all,second_level_read_requests,diagnostic,Q:simd_window.t4.stream.load.64B,simd_window.t4.stream.load,64,diagnostic,2,1.0
1,tuolumne,softmax_bias,all,second_level_read_requests,diagnostic,excess:simd_window.t4.stream.load.64B,,,diagnostic,2,1.0
1,tuolumne,softmax_bias,all,second_level_read_requests,diagnostic,Q:simd_window.t4.stream.load.128B,simd_window.t4.stream.load,128,diagnostic,2,1.0
1,tuolumne,softmax_bias,all,second_level_read_requests,diagnostic,excess:simd_window.t4.stream.load.128B,,,diagnostic,2,1.0
1,tuolumne,softmax_bias,all,second_level_read_requests,diagnostic,Q:simd_window.t4.stream.load.256B,simd_window.t4.stream.load,256,diagnostic,2,1.0
1,tuolumne,softmax_bias,all,second_level_read_requests,diagnostic,excess:simd_window.t4.stream.load.256B,,,diagnostic,2,1.0
1,tuolumne,softmax_bias,all,second_level_read_requests,diagnostic,Q:simd_window.t4.array.load.32B,simd_window.t4.array.load,32,counter_scope_bytescale,2,1.0
1,tuolumne,softmax_bias,all,second_level_read_requests,diagnostic,excess:simd_window.t4.array.load.32B,,,diagnostic,2,1.0
1,tuolumne,softmax_bias,all,second_level_read_requests,diagnostic,Q:simd_window.t4.array.load.64B,simd_window.t4.array.load,64,counter_scope_bytescale,2,1.0
1,tuolumne,softmax_bias,all,second_level_read_requests,diagnostic,excess:simd_window.t4.array.load.64B,,,diagnostic,2,1.0
1,tuolumne,softmax_bias,all,second_level_read_requests,diagnostic,Q:simd_window.t4.array.load.128B,simd_window.t4.array.load,128,counter_component,2,1.0
1,tuolumne,softmax_bias,all,second_level_read_requests,diagnostic,excess:simd_window.t4.array.load.128B,,,diagnostic,2,1.0
1,tuolumne,softmax_bias,all,second_level_read_requests,diagnostic,Q:simd_window.t4.array.load.256B,simd_window.t4.array.load,256,counter_scope_bytescale,2,1.0
1,tuolumne,softmax_bias,all,second_level_read_requests,diagnostic,excess:simd_window.t4.array.load.256B,,,diagnostic,2,1.0
1,tuolumne,softmax_bias,all,second_level_read_requests,diagnostic,Q:simd_window.t16.stream.load.32B,simd_window.t16.stream.load,32,diagnostic,2,1.0
1,tuolumne,softmax_bias,all,second_level_read_requests,diagnostic,excess:simd_window.t16.stream.load.32B,,,diagnostic,2,1.0
1,tuolumne,softmax_bias,all,second_level_read_requests,diagnostic,Q:simd_window.t16.stream.load.64B,simd_window.t16.stream.load,64,diagnostic,2,1.0
1,tuolumne,softmax_bias,all,second_level_read_requests,diagnostic,excess:simd_window.t16.stream.load.64B,,,diagnostic,2,1.0
1,tuolumne,softmax_bias,all,second_level_read_requests,diagnostic,Q:simd_window.t16.stream.load.128B,simd_window.t16.stream.load,128,diagnostic,2,1.0
1,tuolumne,softmax_bias,all,second_level_read_requests,diagnostic,excess:simd_window.t16.stream.load.128B,,,diagnostic,2,1.0
1,tuolumne,softmax_bias,all,second_level_read_requests,diagnostic,Q:simd_window.t16.stream.load.256B,simd_window.t16.stream.load,256,diagnostic,2,1.0
1,tuolumne,softmax_bias,all,second_level_read_requests,diagnostic,excess:simd_window.t16.stream.load.256B,,,diagnostic,2,1.0
1,tuolumne,softmax_bias,all,second_level_read_requests,diagnostic,Q:simd_window.t16.array.load.32B,simd_window.t16.array.load,32,diagnostic,2,1.0
1,tuolumne,softmax_bias,all,second_level_read_requests,diagnostic,excess:simd_window.t16.array.load.32B,,,diagnostic,2,1.0
1,tuolumne,softmax_bias,all,second_level_read_requests,diagnostic,Q:simd_window.t16.array.load.64B,simd_window.t16.array.load,64,diagnostic,2,1.0
1,tuolumne,softmax_bias,all,second_level_read_requests,diagnostic,excess:simd_window.t16.array.load.64B,,,diagnostic,2,1.0
1,tuolumne,softmax_bias,all,second_level_read_requests,diagnostic,Q:simd_window.t16.array.load.128B,simd_window.t16.array.load,128,diagnostic,2,1.0
1,tuolumne,softmax_bias,all,second_level_read_requests,diagnostic,excess:simd_window.t16.array.load.128B,,,diagnostic,2,1.0
1,tuolumne,softmax_bias,all,second_level_read_requests,diagnostic,Q:simd_window.t16.array.load.256B,simd_window.t16.array.load,256,diagnostic,2,1.0
1,tuolumne,softmax_bias,all,second_level_read_requests,diagnostic,excess:simd_window.t16.array.load.256B,,,diagnostic,2,1.0
1,tuolumne,softmax_bias,all,second_level_read_requests,diagnostic,Q:workgroup_window.t4.stream.load.32B,workgroup_window.t4.stream.load,32,diagnostic,2,1.0
1,tuolumne,softmax_bias,all,second_level_read_requests,diagnostic,excess:workgroup_window.t4.stream.load.32B,,,diagnostic,2,1.0
1,tuolumne,softmax_bias,all,second_level_read_requests,diagnostic,Q:workgroup_window.t4.stream.load.64B,workgroup_window.t4.stream.load,64,diagnostic,2,1.0
1,tuolumne,softmax_bias,all,second_level_read_requests,diagnostic,excess:workgroup_window.t4.stream.load.64B,,,diagnostic,2,1.0
1,tuolumne,softmax_bias,all,second_level_read_requests,diagnostic,Q:workgroup_window.t4.stream.load.128B,workgroup_window.t4.stream.load,128,diagnostic,2,1.0
1,tuolumne,softmax_bias,all,second_level_read_requests,diagnostic,excess:workgroup_window.t4.stream.load.128B,,,diagnostic,2,1.0
1,tuolumne,softmax_bias,all,second_level_read_requests,diagnostic,Q:workgroup_window.t4.stream.load.256B,workgroup_window.t4.stream.load,256,diagnostic,2,1.0
1,tuolumne,softmax_bias,all,second_level_read_requests,diagnostic,excess:workgroup_window.t4.stream.load.256B,,,diagnostic,2,1.0
1,tuolumne,softmax_bias,all,second_level_read_requests,diagnostic,Q:workgroup_window.t4.array.load.32B,workgroup_window.t4.array.load,32,diagnostic,2,1.0
1,tuolumne,softmax_bias,all,second_level_read_requests,diagnostic,excess:workgroup_window.t4.array.load.32B,,,diagnostic,2,1.0
1,tuolumne,softmax_bias,all,second_level_read_requests,diagnostic,Q:workgroup_window.t4.array.load.64B,workgroup_window.t4.array.load,64,diagnostic,2,1.0
1,tuolumne,softmax_bias,all,second_level_read_requests,diagnostic,excess:workgroup_window.t4.array.load.64B,,,diagnostic,2,1.0
1,tuolumne,softmax_bias,all,second_level_read_requests,diagnostic,Q:workgroup_window.t4.array.load.128B,workgroup_window.t4.array.load,128,diagnostic,2,1.0
1,tuolumne,softmax_bias,all,second_level_read_requests,diagnostic,excess:workgroup_window.t4.array.load.128B,,,diagnostic,2,1.0
1,tuolumne,softmax_bias,all,second_level_read_requests,diagnostic,Q:workgroup_window.t4.array.load.256B,workgroup_window.t4.array.load,256,diagnostic,2,1.0
1,tuolumne,softmax_bias,all,second_level_read_requests,diagnostic,excess:workgroup_window.t4.array.load.256B,,,diagnostic,2,1.0
1,tuolumne,softmax_bias,all,second_level_read_requests,diagnostic,Q:workgroup_window.t16.stream.load.32B,workgroup_window.t16.stream.load,32,diagnostic,2,1.0
1,tuolumne,softmax_bias,all,second_level_read_requests,diagnostic,excess:workgroup_window.t16.stream.load.32B,,,diagnostic,2,1.0
1,tuolumne,softmax_bias,all,second_level_read_requests,diagnostic,Q:workgroup_window.t16.stream.load.64B,workgroup_window.t16.stream.load,64,diagnostic,2,1.0
1,tuolumne,softmax_bias,all,second_level_read_requests,diagnostic,excess:workgroup_window.t16.stream.load.64B,,,diagnostic,2,1.0
1,tuolumne,softmax_bias,all,second_level_read_requests,diagnostic,Q:workgroup_window.t16.stream.load.128B,workgroup_window.t16.stream.load,128,diagnostic,2,1.0
1,tuolumne,softmax_bias,all,second_level_read_requests,diagnostic,excess:workgroup_window.t16.stream.load.128B,,,diagnostic,2,1.0
1,tuolumne,softmax_bias,all,second_level_read_requests,diagnostic,Q:workgroup_window.t16.stream.load.256B,workgroup_window.t16.stream.load,256,diagnostic,2,1.0
1,tuolumne,softmax_bias,all,second_level_read_requests,diagnostic,excess:workgroup_window.t16.stream.load.256B,,,diagnostic,2,1.0
1,tuolumne,softmax_bias,all,second_level_read_requests,diagnostic,Q:workgroup_window.t16.array.load.32B,workgroup_window.t16.array.load,32,diagnostic,2,1.0
1,tuolumne,softmax_bias,all,second_level_read_requests,diagnostic,excess:workgroup_window.t16.array.load.32B,,,diagnostic,2,1.0
1,tuolumne,softmax_bias,all,second_level_read_requests,diagnostic,Q:workgroup_window.t16.array.load.64B,workgroup_window.t16.array.load,64,diagnostic,2,1.0
1,tuolumne,softmax_bias,all,second_level_read_requests,diagnostic,excess:workgroup_window.t16.array.load.64B,,,diagnostic,2,1.0
1,tuolumne,softmax_bias,all,second_level_read_requests,diagnostic,Q:workgroup_window.t16.array.load.128B,workgroup_window.t16.array.load,128,diagnostic,2,1.0
1,tuolumne,softmax_bias,all,second_level_read_requests,diagnostic,excess:workgroup_window.t16.array.load.128B,,,diagnostic,2,1.0
1,tuolumne,softmax_bias,all,second_level_read_requests,diagnostic,Q:workgroup_window.t16.array.load.256B,workgroup_window.t16.array.load,256,diagnostic,2,1.0
1,tuolumne,softmax_bias,all,second_level_read_requests,diagnostic,excess:workgroup_window.t16.array.load.256B,,,diagnostic,2,1.0
1,tuolumne,softmax_bias,all,second_level_read_requests,diagnostic,Q:workgroup_step.stream.load.32B,workgroup_step.stream.load,32,diagnostic,2,1.0
1,tuolumne,softmax_bias,all,second_level_read_requests,diagnostic,excess:workgroup_step.stream.load.32B,,,diagnostic,2,1.0
1,tuolumne,softmax_bias,all,second_level_read_requests,diagnostic,Q:workgroup_step.stream.load.64B,workgroup_step.stream.load,64,diagnostic,2,1.0
1,tuolumne,softmax_bias,all,second_level_read_requests,diagnostic,excess:workgroup_step.stream.load.64B,,,diagnostic,2,1.0
1,tuolumne,softmax_bias,all,second_level_read_requests,diagnostic,Q:workgroup_step.stream.load.128B,workgroup_step.stream.load,128,diagnostic,2,1.0
1,tuolumne,softmax_bias,all,second_level_read_requests,diagnostic,excess:workgroup_step.stream.load.128B,,,diagnostic,2,1.0
1,tuolumne,softmax_bias,all,second_level_read_requests,diagnostic,Q:workgroup_step.stream.load.256B,workgroup_step.stream.load,256,diagnostic,2,1.0
1,tuolumne,softmax_bias,all,second_level_read_requests,diagnostic,excess:workgroup_step.stream.load.256B,,,diagnostic,2,1.0
1,tuolumne,softmax_bias,all,second_level_read_requests,diagnostic,Q:workgroup_step.array.load.32B,workgroup_step.array.load,32,diagnostic,2,1.0
1,tuolumne,softmax_bias,all,second_level_read_requests,diagnostic,excess:workgroup_step.array.load.32B,,,diagnostic,2,1.0
1,tuolumne,softmax_bias,all,second_level_read_requests,diagnostic,Q:workgroup_step.array.load.64B,workgroup_step.array.load,64,diagnostic,2,1.0
1,tuolumne,softmax_bias,all,second_level_read_requests,diagnostic,excess:workgroup_step.array.load.64B,,,diagnostic,2,1.0
1,tuolumne,softmax_bias,all,second_level_read_requests,diagnostic,Q:workgroup_step.array.load.128B,workgroup_step.array.load,128,diagnostic,2,1.0
1,tuolumne,softmax_bias,all,second_level_read_requests,diagnostic,excess:workgroup_step.array.load.128B,,,diagnostic,2,1.0
1,tuolumne,softmax_bias,all,second_level_read_requests,diagnostic,Q:workgroup_step.array.load.256B,workgroup_step.array.load,256,diagnostic,2,1.0
1,tuolumne,softmax_bias,all,second_level_read_requests,diagnostic,excess:workgroup_step.array.load.256B,,,diagnostic,2,1.0
1,tuolumne,softmax_bias,all,second_level_read_requests,diagnostic,Q:phase.lane.stream.load.32B,phase.lane.stream.load,32,diagnostic,2,
1,tuolumne,softmax_bias,all,second_level_read_requests,diagnostic,excess:phase.lane.stream.load.32B,,,diagnostic,2,
1,tuolumne,softmax_bias,all,second_level_read_requests,diagnostic,Q:phase.lane.stream.load.64B,phase.lane.stream.load,64,diagnostic,2,
1,tuolumne,softmax_bias,all,second_level_read_requests,diagnostic,excess:phase.lane.stream.load.64B,,,diagnostic,2,
1,tuolumne,softmax_bias,all,second_level_read_requests,diagnostic,Q:phase.lane.stream.load.128B,phase.lane.stream.load,128,diagnostic,2,
1,tuolumne,softmax_bias,all,second_level_read_requests,diagnostic,excess:phase.lane.stream.load.128B,,,diagnostic,2,
1,tuolumne,softmax_bias,all,second_level_read_requests,diagnostic,Q:phase.lane.stream.load.256B,phase.lane.stream.load,256,diagnostic,2,
1,tuolumne,softmax_bias,all,second_level_read_requests,diagnostic,excess:phase.lane.stream.load.256B,,,diagnostic,2,
1,tuolumne,softmax_bias,all,second_level_read_requests,diagnostic,Q:phase.lane.array.load.32B,phase.lane.array.load,32,diagnostic,2,
1,tuolumne,softmax_bias,all,second_level_read_requests,diagnostic,excess:phase.lane.array.load.32B,,,diagnostic,2,
1,tuolumne,softmax_bias,all,second_level_read_requests,diagnostic,Q:phase.lane.array.load.64B,phase.lane.array.load,64,diagnostic,2,
1,tuolumne,softmax_bias,all,second_level_read_requests,diagnostic,excess:phase.lane.array.load.64B,,,diagnostic,2,
1,tuolumne,softmax_bias,all,second_level_read_requests,diagnostic,Q:phase.lane.array.load.128B,phase.lane.array.load,128,diagnostic,2,
1,tuolumne,softmax_bias,all,second_level_read_requests,diagnostic,excess:phase.lane.array.load.128B,,,diagnostic,2,
1,tuolumne,softmax_bias,all,second_level_read_requests,diagnostic,Q:phase.lane.array.load.256B,phase.lane.array.load,256,diagnostic,2,
1,tuolumne,softmax_bias,all,second_level_read_requests,diagnostic,excess:phase.lane.array.load.256B,,,diagnostic,2,
1,tuolumne,softmax_bias,all,second_level_read_requests,diagnostic,Q:phase.simd.stream.load.32B,phase.simd.stream.load,32,diagnostic,2,1.0
1,tuolumne,softmax_bias,all,second_level_read_requests,diagnostic,excess:phase.simd.stream.load.32B,,,diagnostic,2,1.0
1,tuolumne,softmax_bias,all,second_level_read_requests,diagnostic,Q:phase.simd.stream.load.64B,phase.simd.stream.load,64,diagnostic,2,1.0
1,tuolumne,softmax_bias,all,second_level_read_requests,diagnostic,excess:phase.simd.stream.load.64B,,,diagnostic,2,1.0
1,tuolumne,softmax_bias,all,second_level_read_requests,diagnostic,Q:phase.simd.stream.load.128B,phase.simd.stream.load,128,diagnostic,2,1.0
1,tuolumne,softmax_bias,all,second_level_read_requests,diagnostic,excess:phase.simd.stream.load.128B,,,diagnostic,2,1.0
1,tuolumne,softmax_bias,all,second_level_read_requests,diagnostic,Q:phase.simd.stream.load.256B,phase.simd.stream.load,256,diagnostic,2,1.0
1,tuolumne,softmax_bias,all,second_level_read_requests,diagnostic,excess:phase.simd.stream.load.256B,,,diagnostic,2,1.0
1,tuolumne,softmax_bias,all,second_level_read_requests,diagnostic,Q:phase.simd.array.load.32B,phase.simd.array.load,32,diagnostic,2,1.0
1,tuolumne,softmax_bias,all,second_level_read_requests,diagnostic,excess:phase.simd.array.load.32B,,,diagnostic,2,1.0
1,tuolumne,softmax_bias,all,second_level_read_requests,diagnostic,Q:phase.simd.array.load.64B,phase.simd.array.load,64,diagnostic,2,1.0
1,tuolumne,softmax_bias,all,second_level_read_requests,diagnostic,excess:phase.simd.array.load.64B,,,diagnostic,2,1.0
1,tuolumne,softmax_bias,all,second_level_read_requests,diagnostic,Q:phase.simd.array.load.128B,phase.simd.array.load,128,diagnostic,2,1.0
1,tuolumne,softmax_bias,all,second_level_read_requests,diagnostic,excess:phase.simd.array.load.128B,,,diagnostic,2,1.0
1,tuolumne,softmax_bias,all,second_level_read_requests,diagnostic,Q:phase.simd.array.load.256B,phase.simd.array.load,256,diagnostic,2,1.0
1,tuolumne,softmax_bias,all,second_level_read_requests,diagnostic,excess:phase.simd.array.load.256B,,,diagnostic,2,1.0
1,tuolumne,softmax_bias,all,second_level_read_requests,diagnostic,Q:phase.workgroup.stream.load.32B,phase.workgroup.stream.load,32,diagnostic,2,1.0
1,tuolumne,softmax_bias,all,second_level_read_requests,diagnostic,excess:phase.workgroup.stream.load.32B,,,diagnostic,2,1.0
1,tuolumne,softmax_bias,all,second_level_read_requests,diagnostic,Q:phase.workgroup.stream.load.64B,phase.workgroup.stream.load,64,diagnostic,2,1.0
1,tuolumne,softmax_bias,all,second_level_read_requests,diagnostic,excess:phase.workgroup.stream.load.64B,,,diagnostic,2,1.0
1,tuolumne,softmax_bias,all,second_level_read_requests,diagnostic,Q:phase.workgroup.stream.load.128B,phase.workgroup.stream.load,128,diagnostic,2,1.0
1,tuolumne,softmax_bias,all,second_level_read_requests,diagnostic,excess:phase.workgroup.stream.load.128B,,,diagnostic,2,1.0
1,tuolumne,softmax_bias,all,second_level_read_requests,diagnostic,Q:phase.workgroup.stream.load.256B,phase.workgroup.stream.load,256,diagnostic,2,1.0
1,tuolumne,softmax_bias,all,second_level_read_requests,diagnostic,excess:phase.workgroup.stream.load.256B,,,diagnostic,2,1.0
1,tuolumne,softmax_bias,all,second_level_read_requests,diagnostic,Q:phase.workgroup.array.load.32B,phase.workgroup.array.load,32,diagnostic,2,1.0
1,tuolumne,softmax_bias,all,second_level_read_requests,diagnostic,excess:phase.workgroup.array.load.32B,,,diagnostic,2,1.0
1,tuolumne,softmax_bias,all,second_level_read_requests,diagnostic,Q:phase.workgroup.array.load.64B,phase.workgroup.array.load,64,diagnostic,2,1.0
1,tuolumne,softmax_bias,all,second_level_read_requests,diagnostic,excess:phase.workgroup.array.load.64B,,,diagnostic,2,1.0
1,tuolumne,softmax_bias,all,second_level_read_requests,diagnostic,Q:phase.workgroup.array.load.128B,phase.workgroup.array.load,128,diagnostic,2,1.0
1,tuolumne,softmax_bias,all,second_level_read_requests,diagnostic,excess:phase.workgroup.array.load.128B,,,diagnostic,2,1.0
1,tuolumne,softmax_bias,all,second_level_read_requests,diagnostic,Q:phase.workgroup.array.load.256B,phase.workgroup.array.load,256,diagnostic,2,1.0
1,tuolumne,softmax_bias,all,second_level_read_requests,diagnostic,excess:phase.workgroup.array.load.256B,,,diagnostic,2,1.0
